tree
version=v4
num_class=1
num_tree_per_iteration=1
label_index=0
max_feature_idx=13
objective=regression
feature_names=Column_0 Column_1 Column_2 Column_3 Column_4 Column_5 Column_6 Column_7 Column_8 Column_9 Column_10 Column_11 Column_12 Column_13
feature_infos=[-0.65843295989692208:4.197716895708969] [-0.65769523415166065:3.4463680714360674] [-2.6381554652437846:2.3682821875093523] [-59.368897435644527:29.645850946532548] [-20.652367167192299:65.973088539160855] [-20.64912417744992:65.96320690414808] [-20.649233363559716:65.96320682174246] [-20.652819457268539:65.976383149198497] [-20.645322852207268:65.95141943163587] [-17.704411501595263:18.313263920705701] [-16.606837364267424:6.2237935680986949] [-0.65769523415166065:3.4463680714360674] [-0.64833206863020265:6.4288504059250986] [-4.5861478112623342:3.5889610207911278]
tree_sizes=1947 1993 1995 2003 1992 1989 1995 2005 2004 2003 1990 1978 1994 1990 2003 2004 1997 1994 1983 2005 1995 2007 2002 2000 2007 2010 2004 2011 2003 2007 2005 2002 1998 1993 2013 1998 2005 2007 2011 2001 2009 2005 2004 2009 2007 2007 1999 2011 2000 2022 1994 2017 1993 2005 1996 2006 2006 2008 2008 1988 2011 1997 2017 1992 1985 1996 2003 2007 1994 2009 1993 2001 2003 2017 1992 2001 1985 1997 2015 1993 2007 1995 1997 2006 1999 1999 2000 2015 2005 2001 2008 1989 1998 2007 2003 1996 1991 2007 2000 2011 2003 2013 2004 2023 2001 2013 2004 2001 1996 2002 2004 2008 2002 2003 1999 2005 2001 2010 2016 2001 1992 2004 2005 2010 2002 2018 1997 1999 1990 1999 2018 1999 1996 1998 2002 1993 2010 2003 1990 1999 2007 1991 1995 1999 2009 2007 2008 2010 1990 2006 2014 1985 1999 1999 2024 2001 2013 2002 2009 2009 1990 1998 2000 1995 1996 1998 2002 1993 2003 1994 1995 2006 2000 2001 2009 2001 2018 2004 2008 1993 2004 1993 1999 1990 2016 2007 2003 1987 1981 2002 2002 2003 2015 1989 2011 2001 2012 1998 1989 2006

Tree=0
num_leaves=20
num_cat=0
split_feature=3 3 10 1 3 6 10 2 13 9 2 4 4 13 9 12 4 9 2
split_gain=0.0920733 0.0676748 0.0428937 0.0408843 0.0264564 0.037164 0.0163187 0.204271 0.0155102 0.0103273 0.0100384 0.0119903 0.00956421 0.0139701 0.0186557 0.0306995 0.0132658 0.0129734 0.0147353
threshold=2.0281924438166299 -0.69644629365156119 -0.080610666209532542 -0.63952162811368651 0.86544544220223918 1.3047692325413471 -1.271903600222595 0.28226652983637979 -0.57301828444003966 -0.044595136747547288 -0.13493653286527815 1.0197142943140221 1.3049345252317759 -0.61761475056890724 -0.10962492756198101 -0.62685869302683705 -1.6016987558821707 -0.094750150903159955 0.93787116950525318
decision_type=2 2 2 2 2 2 2 2 2 2 2 2 2 2 2 2 2 2 2
left_child=1 3 -2 -1 6 8 7 -3 9 -6 11 -5 13 14 15 -8 -15 -16 -19
right_child=2 4 -4 10 5 -7 12 -9 -10 -11 -12 -13 -14 16 17 -17 -18 18 -20
leaf_value=0.002699489512558894 0.00087966734683889234 0.0012429429813709276 -0.0013409103561166178 0.0016553218550161609 0.00076235324801511746 -0.00033581457108527069 0.0032646487689886234 0.0050840378707575819 0.0014612933760271278 0.0013285368054124476 0.001959119984438902 0.00091342966075126089 0.0010692524465587621 0.00054847037493816224 0.00089708068876598042 0.0013297485762630377 0.00137410793374644 0.0016822645398456917 0.0011163485394035206
leaf_weight=113 44 257 43 590 237 44 41 40 261 122 251 60 236 49 79 41 6839 588 143
leaf_count=113 44 257 43 590 237 44 41 40 261 122 251 60 236 49 79 41 6839 588 143
internal_value=0.00140169 0.00141579 -0.00021786 0.00180299 0.00137206 0.00106834 0.00139632 0.00176026 0.00116799 0.000954761 0.00169055 0.00158684 0.00138283 0.00139235 0.00157853 0.0022972 0.00136823 0.00150578 0.00157156
internal_weight=10078 9991 87 1014 8977 664 8313 297 620 359 901 650 8016 7780 892 82 6888 810 731
internal_count=10078 9991 87 1014 8977 664 8313 297 620 359 901 650 8016 7780 892 82 6888 810 731
is_linear=0
shrinkage=1


Tree=1
num_leaves=20
num_cat=0
split_feature=3 3 10 1 3 13 10 2 9 2 4 13 0 2 9 4 13 6 13
split_gain=0.0830962 0.0610765 0.0387116 0.0368981 0.0238988 0.0175026 0.013881 0.183594 0.00916062 0.00905962 0.0108213 0.00929599 0.0182949 0.0124188 0.00871633 0.0086052 0.00841727 0.018298 0.0166935
threshold=2.0281924438166299 -0.69644629365156119 -0.080610666209532542 -0.63952162811368651 1.1840262963296082 -0.60916799210478179 -1.271903600222595 0.33990933862367695 -0.043698490675577489 -0.13493653286527815 1.0197142943140221 -0.57052820749957989 -0.47660474812439141 -1.0445622332135474 0.077775726666379025 -0.19987254748267452 -0.61761475056890724 -1.8445021636045424 -0.62102751577212312
decision_type=2 2 2 2 2 2 2 2 2 2 2 2 2 2 2 2 2 2 2
left_child=1 3 -2 -1 6 8 7 -3 -6 10 11 -5 -13 -14 -11 -15 17 -8 -19
right_child=2 4 -4 9 5 -7 16 -9 -10 14 -12 12 13 15 -16 -17 -18 18 -20
leaf_value=0.0012329084288732735 -0.00049592264033642341 -0.0001626493224947173 -0.0026054714855109884 0.00042263256285101692 -0.00099561698988030268 -7.831450146279003e-05 0.00086879670809532805 0.0034327352207960426 -0.00017544602343822708 0.0007019303307026864 -0.00046384841960389172 -0.00046034239714685 -0.00017421965603716674 0.0012813129260704466 2.5905087704813925e-05 0.00031663036360493244 -4.2415944169931826e-05 -6.7995828334613048e-05 0.00042766250171553114
leaf_weight=113 44 265 43 321 131 176 74 41 46 187 60 113 62 41 64 53 7317 703 224
leaf_count=113 44 265 43 321 131 176 74 41 46 187 60 113 62 41 64 53 7317 703 224
internal_value=-3.80961e-12 1.33976e-05 -0.00153857 0.000381229 -2.81509e-05 -0.000431387 -1.16455e-05 0.000319085 -0.000782465 0.000274415 0.000175891 0.000240949 2.41447e-05 0.000375087 0.000529557 0.000737396 -2.38124e-05 0.000112174 5.17749e-05
internal_weight=10078 9991 87 1014 8977 353 8624 306 177 901 650 590 269 156 251 94 8318 1001 927
internal_count=10078 9991 87 1014 8977 353 8624 306 177 901 650 590 269 156 251 94 8318 1001 927
is_linear=0
shrinkage=0.05


Tree=2
num_leaves=20
num_cat=0
split_feature=3 3 10 1 3 6 10 2 13 2 4 5 1 2 9 4 4 13 9
split_gain=0.0749943 0.0551215 0.0349372 0.0335675 0.0222214 0.0327962 0.0134398 0.167502 0.0130536 0.00879611 0.00915043 0.00901408 0.00905143 0.0155093 0.0142591 0.0087941 0.0120283 0.00964918 0.0174893
threshold=2.0281924438166299 -0.69644629365156119 -0.080610666209532542 -0.6379992317963693 0.86544544220223918 1.3047692325413471 -1.271903600222595 0.28226652983637979 -0.57301828444003966 -0.13493653286527815 1.0197142943140221 -0.94648692478767626 -0.58966314872154812 -1.0445622332135474 -0.12144638060875107 1.3049345252317759 1.2003635271153248 -0.61761475056890724 -0.10962492756198101
decision_type=2 2 2 2 2 2 2 2 2 2 2 2 2 2 2 2 2 2 2
left_child=1 3 -2 -1 6 8 7 -3 -6 10 11 -5 -13 -14 -15 16 17 18 -8
right_child=2 4 -4 9 5 -7 15 -9 -10 -11 -12 12 13 14 -16 -17 -18 -19 -20
leaf_value=0.0010446114250834656 -0.00047112651465629988 -0.00014267834736628128 -0.0024751980290856472 0.00074648194322571044 -0.00040709728800366089 -0.0016241575372987428 0.00083854588021228967 0.0033355809640852386 5.759218454220907e-05 0.00049649194776020902 -0.00046266537622279046 0.00033511179949528017 -0.00058864925516230113 0.00084024740579730745 -0.00017420886257706687 -0.00031743894211042246 0.00084651967399844506 -3.2264837865684732e-05 7.2132401217970787e-05
leaf_weight=153 44 257 43 67 359 44 82 40 261 242 57 256 95 58 86 236 41 6850 807
leaf_count=153 44 257 43 67 359 44 82 40 261 242 57 256 95 58 86 236 41 6850 807
internal_value=2.31611e-13 1.27278e-05 -0.00146164 0.000362168 -2.67434e-05 -0.000305089 -4.51051e-06 0.000325774 -0.000211478 0.000240897 0.000140972 0.000202195 0.000128524 -9.27585e-05 0.000234392 -1.67479e-05 -7.62664e-06 -1.21518e-05 0.000142825
internal_weight=10078 9991 87 1014 8977 664 8313 297 620 861 619 562 495 239 144 8016 7780 7739 889
internal_count=10078 9991 87 1014 8977 664 8313 297 620 861 619 562 495 239 144 8016 7780 7739 889
is_linear=0
shrinkage=0.05


Tree=3
num_leaves=20
num_cat=0
split_feature=3 3 10 1 3 6 1 12 13 9 8 4 4 13 8 6 1 2 10
split_gain=0.0676823 0.0497472 0.0315308 0.0305509 0.0200548 0.0295986 0.0129614 0.180036 0.0117808 0.00867788 0.0075501 0.00740076 0.0113668 0.008734 0.0140685 0.0132386 0.010987 0.0108696 0.0112491
threshold=2.0281924438166299 -0.69644629365156119 -0.080610666209532542 -0.63952162811368651 0.86544544220223918 1.3047692325413471 2.3169323743788852 2.2707458826104805 -0.57301828444003966 -0.036957814717095749 0.6785752171927254 1.3049345252317759 1.2003635271153248 -0.61761475056890724 -0.84487332803831139 -1.2523967884117855 -0.63584250368016992 0.93787116950525384 -0.069974102332777524
decision_type=2 2 2 2 2 2 2 2 2 2 2 2 2 2 2 2 2 2 2
left_child=1 3 -2 -1 6 8 11 -8 9 10 -6 12 13 14 -3 -15 -17 18 -16
right_child=2 4 -4 -5 5 -7 7 -9 -10 -11 -12 -13 -14 15 17 16 -18 -19 -20
leaf_value=0.0011190324251136158 -0.0004475702145348557 0.00062882194505931932 -0.0023514380711022508 0.00024686539455114602 -0.00041958833121434722 -0.0015429496794240551 0.0030281627249608462 -7.5031644703520747e-05 5.4712581189110219e-05 6.1547433805310794e-06 -0.0011453643672846442 -0.00029424989862266685 0.00080861209211261246 -0.00053189157370070461 7.4072391410416838e-06 -0.0005285463392164419 -1.7650557458412428e-05 -0.00034594184715723526 0.00047165396230571628
leaf_weight=113 44 122 43 901 215 44 52 462 261 101 43 239 42 132 461 107 6373 141 182
leaf_count=113 44 122 43 901 215 44 52 462 261 101 43 239 42 132 461 107 6373 141 182
internal_value=3.60903e-12 1.20914e-05 -0.00138856 0.00034406 -2.54062e-05 -0.000289835 -4.28499e-06 0.00023891 -0.000200904 -0.000386742 -0.000540551 -2.0313e-05 -1.16528e-05 -1.62353e-05 0.000129353 -3.61844e-05 -2.60866e-05 5.163e-05 0.000138811
internal_weight=10078 9991 87 1014 8977 664 8313 514 620 359 258 7799 7560 7518 906 6612 6480 784 643
internal_count=10078 9991 87 1014 8977 664 8313 514 620 359 258 7799 7560 7518 906 6612 6480 784 643
is_linear=0
shrinkage=0.05


Tree=4
num_leaves=20
num_cat=0
split_feature=3 3 10 1 3 6 10 6 13 2 4 6 8 9 9 3 8 3 13
split_gain=0.0610833 0.0448968 0.0284566 0.0277928 0.0180995 0.0267127 0.0117938 0.165476 0.0106322 0.00793849 0.00870137 0.0100877 0.00800094 0.00788436 0.00775001 0.00841199 0.00732165 0.00864124 0.0107462
threshold=2.0281924438166299 -0.69644629365156119 -0.080610666209532542 -0.6379992317963693 0.86544544220223918 1.3047692325413471 -1.271903600222595 -0.51912102639675706 -0.57301828444003966 -0.13493653286527815 -0.71701195141716934 -1.2146935153004457 -0.71657553560600584 -0.044595136747547288 0.077775726666379025 -1.1050301451355951 0.6785752171927254 1.0332414592937147 -0.60916799210478179
decision_type=2 2 2 2 2 2 2 2 2 2 2 2 2 2 2 2 2 2 2
left_child=1 3 -2 -1 6 8 7 -3 13 10 -5 -12 -13 16 15 -11 17 -6 -19
right_child=2 4 -4 9 5 -7 -8 -9 -10 14 11 12 -14 -15 -16 -17 -18 18 -20
leaf_value=0.00094783015414506345 -0.00042519168795975432 0.0027270713114009135 -0.0022338661069773291 0.00051827306418259324 -0.0010254740605970174 -0.0014658021523659543 -1.5534239754995446e-05 -0.00026983608478682678 5.1976946473364288e-05 0.0011050230159317374 -0.00072900868319266017 0.00052480411873097018 -2.2651130337479948e-06 -4.0817271429495734e-05 -1.2558031130538438e-05 0.00038080111953915446 -0.0011431483369428528 -0.00056930946921847478 0.00029079354846544447
leaf_weight=153 44 57 43 113 44 44 8016 240 261 61 40 89 377 122 64 117 41 92 60
leaf_count=153 44 57 43 113 44 44 8016 240 261 61 40 89 377 122 64 117 41 92 60
internal_value=6.50197e-13 1.14868e-05 -0.00131913 0.000326857 -2.41359e-05 -0.000275343 -4.07074e-06 0.000305328 -0.000190859 0.000216509 0.00012158 3.29907e-05 9.83983e-05 -0.000367405 0.000459324 0.00062899 -0.000535522 -0.000408417 -0.000229795
internal_weight=10078 9991 87 1014 8977 664 8313 297 620 861 619 506 466 359 242 178 237 196 152
internal_count=10078 9991 87 1014 8977 664 8313 297 620 861 619 506 466 359 242 178 237 196 152
is_linear=0
shrinkage=0.05


Tree=5
num_leaves=20
num_cat=0
split_feature=3 3 5 10 3 6 7 13 6 13 2 13 13 4 10 6 10 6 9
split_gain=0.0551277 0.0412037 0.025749 0.0256821 0.0206692 0.0205564 0.0139087 0.012887 0.227476 0.0113191 0.0112259 0.0125224 0.0111151 0.0106802 0.0132802 0.0181683 0.0120665 0.0171261 0.0118122
threshold=2.0281924438166299 -1.4858537234370035 -0.98994504733150523 -0.080610666209532542 0.36119558180380612 1.5419305807304788 0.30564479914158482 2.4431102656536994 -0.47906247743063313 -0.59489980907123508 -0.093488274911109864 -0.5893744272449164 -0.61825847654302413 -0.67757427486451449 -0.19590124197345485 -0.94657129190599987 -0.006195174858888792 1.1342372832349803 -0.068225127859391319
decision_type=2 2 2 2 2 2 2 2 2 2 2 2 2 2 2 2 2 2 2
left_child=1 2 -1 -2 7 9 12 13 -9 -6 -11 -12 -4 14 -3 -16 17 18 -17
right_child=3 4 6 -5 5 -7 -8 8 -10 10 11 -13 -14 -15 15 16 -18 -19 -20
leaf_value=0.001755536672689708 -0.00040393211489903155 -0.00033173962679575197 0.0010005340076199363 -0.0021221728402536447 -0.00033492959044440271 -0.0011689974230345494 -0.00029274871587943013 0.0038367830974294055 -9.2778891454919023e-05 -0.00023123214340708015 0.00089211228031282593 9.3965728817315037e-06 0.0002070613920035872 -3.3757347252300099e-06 0.0012343787763421325 3.3268464296089193e-05 -0.00022637736680728148 0.0012253796208218169 0.00062759930009544801
leaf_weight=42 44 100 93 43 477 48 54 41 362 575 42 926 84 6545 47 261 123 48 123
leaf_count=42 44 100 93 43 477 48 54 41 362 575 42 926 84 6545 47 261 123 48 123
internal_value=4.56399e-12 1.09125e-05 0.000616729 -0.00125318 -6.10624e-06 -0.000146355 0.000409673 3.18067e-05 0.000307003 -0.000122054 -5.62466e-05 4.76962e-05 0.000623971 1.65033e-05 0.000201842 0.000290477 0.000210543 0.000334944 0.00022364
internal_weight=10078 9991 273 87 9718 2068 231 7650 403 2020 1543 968 177 7247 702 602 555 432 384
internal_count=10078 9991 273 87 9718 2068 231 7650 403 2020 1543 968 177 7247 702 602 555 432 384
is_linear=0
shrinkage=0.05


Tree=6
num_leaves=20
num_cat=0
split_feature=3 3 10 0 3 6 1 12 13 2 2 13 5 4 10 6 3 10 2
split_gain=0.0497527 0.0381694 0.0231781 0.0231046 0.0149186 0.0226331 0.0104922 0.162673 0.00917328 0.00894224 0.011994 0.0119279 0.00806893 0.00916442 0.00740949 0.01167 0.00706657 0.00703857 0.0120464
threshold=2.0281924438166299 -0.69644629365156119 -0.080610666209532542 -0.63813175178639658 0.86544544220223918 1.3047692325413471 2.3169323743788852 2.2707458826104805 -0.57301828444003966 -0.13493653286527815 0.82783952742075562 -0.60630609134975633 0.97337342379342162 -0.81626203544444265 -0.076335007832344051 -0.60849718306933787 1.424124536120779 -0.081438491283628012 -1.6368680876170274
decision_type=2 2 2 2 2 2 2 2 2 2 2 2 2 2 2 2 2 2 2
left_child=1 3 -2 -1 6 8 17 -8 14 12 11 -11 13 -5 16 -16 -6 -3 -19
right_child=2 4 -4 9 5 -7 7 -9 -10 10 -12 -13 -14 -15 15 -17 -18 18 -20
leaf_value=0.00091278014912872941 -0.00038373549257151104 -8.2810175276315043e-05 -0.0020160642403806018 0.00068185596267552413 -0.00095242093751827888 -0.0013463362691585315 0.0028658830855140247 -8.3873301845379544e-05 5.2780466534686195e-05 0.0013459027073411056 -0.00034228487260406842 0.00041748542668453112 -0.00049769382321220989 8.1821278847875822e-05 0.0005140457528068509 -0.00035378008313188711 -0.00023096783136885104 0.00058339370260237838 5.9521125541661021e-06
leaf_weight=134 44 2763 43 73 75 44 52 462 261 43 40 177 51 496 50 172 62 92 4944
leaf_count=134 44 2763 43 73 75 44 52 462 261 43 40 177 51 496 50 172 62 92 4944
internal_value=6.13483e-12 1.03668e-05 -0.00119052 0.00030115 -2.24787e-05 -0.000250546 -4.26183e-06 0.000214546 -0.00017278 0.000208016 0.000454144 0.000598949 0.000104801 0.000158803 -0.000336767 -0.000158324 -0.000625924 -1.86825e-05 1.65011e-05
internal_weight=10078 9991 87 1014 8977 664 8313 514 620 880 260 220 620 569 359 222 137 7799 5036
internal_count=10078 9991 87 1014 8977 664 8313 514 620 880 260 220 620 569 359 222 137 7799 5036
is_linear=0
shrinkage=0.05


Tree=7
num_leaves=20
num_cat=0
split_feature=3 3 10 0 3 0 10 13 6 9 4 2 2 13 9 3 4 5 1
split_gain=0.0449019 0.0344478 0.0209182 0.0208519 0.0137232 0.017545 0.012462 0.181284 0.00919141 0.00848038 0.00822963 0.00807037 0.0108246 0.010765 0.00804663 0.00889809 0.00785183 0.00788493 0.00792679
threshold=2.0281924438166299 -0.69644629365156119 -0.080610666209532542 -0.63813175178639658 0.36119558180380612 -0.62854857280254628 -1.271903600222595 2.4431102656536994 -1.8445021636045424 -0.094750150903159955 1.3450625442877169 -0.13493653286527815 0.82783952742075562 -0.60630609134975633 -0.15392058809844741 0.828573971978392 0.97340695557796042 -0.94648692478767626 -0.58966314872154812
decision_type=2 2 2 2 2 2 2 2 2 2 2 2 2 2 2 2 2 2 2
left_child=1 3 -2 -1 6 -6 7 -3 -8 14 -10 16 13 -13 -7 -16 17 -5 -19
right_child=2 4 -4 11 5 9 8 -9 10 -11 -12 12 -14 -15 15 -17 -18 18 -20
leaf_value=0.0008671411470798498 -0.00036454871111676434 -0.00023541953723733535 -0.0019152609945469819 0.00067157219067060696 -0.00052268097670486334 -8.592255630092432e-05 0.00049301765030450241 0.0033994227772359965 1.9960347614682333e-06 -8.5578327186947711e-06 -0.00033540372417626969 0.0012786075721906371 -0.00032517065847059712 0.00039661114819684607 -0.00025237313459702159 -0.00092387645293186054 -0.00043908163817355135 0.00028253817270069704 -0.00011874230217261296
leaf_weight=134 44 210 43 66 255 326 93 41 6379 1265 186 43 40 177 148 74 61 256 237
leaf_count=134 44 210 43 66 255 326 93 41 6379 1265 186 43 40 177 148 74 61 256 237
internal_value=-5.22538e-13 9.8485e-06 -0.00113099 0.000286093 -2.13548e-05 -0.000134351 1.24673e-05 0.00035832 -5.71004e-07 -7.97322e-05 -7.5632e-06 0.000197615 0.000431436 0.000569001 -0.000244031 -0.000476208 9.95607e-05 0.000158339 8.96305e-05
internal_weight=10078 9991 87 1014 8977 2068 6909 251 6658 1813 6565 880 260 220 548 222 620 559 493
internal_count=10078 9991 87 1014 8977 2068 6909 251 6658 1813 6565 880 260 220 548 222 620 559 493
is_linear=0
shrinkage=0.05


Tree=8
num_leaves=20
num_cat=0
split_feature=3 10 3 7 5 7 13 9 10 10 3 6 4 13 9 12 12 6 1
split_gain=0.0405676 0.0686224 0.0300886 0.0230012 0.0224169 0.0118333 0.0102448 0.0147168 0.00957247 0.121427 0.012892 0.0143945 0.00913973 0.0112462 0.0145546 0.0274616 0.0141622 0.0140852 0.0103947
threshold=1.2876091594032757 0.0095950061455769894 -1.4858537234370035 0.70416346255489259 -0.98994504733150523 0.30564479914158482 -0.61574205136959093 -0.053888177349822888 -1.4258181616239864 -1.1274452300180025 -0.58636492207407287 -1.2146935153004457 1.3049345252317759 -0.61761475056890724 -0.10962492756198101 -0.62685869302683705 -0.62596026592563969 -1.6014273253675173 -0.63584250368016992
decision_type=2 2 2 2 2 2 2 2 2 2 2 2 2 2 2 2 2 2 2
left_child=2 3 4 6 -1 -6 7 -2 -4 -10 11 -11 13 14 15 -12 -16 -15 -19
right_child=1 -3 8 -5 5 -7 -8 -9 9 10 12 -13 -14 17 16 -17 -18 18 -20
leaf_value=0.0015993147437083758 -0.0010786324652738641 -0.0024215189426502635 -0.00027125562338615501 0.00079027906571850926 0.00054121327922810366 -0.00030434846105183372 -0.00010914483122178355 -1.7367525069115501e-05 0.0020306802073073041 -0.00064625670246851565 0.0017017045535328912 0.00020761865251527355 -0.00032367470963207769 -0.00087256268070632368 3.0268200748111062e-05 -0.00012831749953897445 0.00084091502424065573 -0.00051467523138720218 -2.2471312077329313e-05
leaf_weight=42 98 42 305 44 177 54 125 49 74 52 41 971 247 50 758 41 58 109 6741
leaf_count=42 98 42 305 44 177 54 125 49 74 52 41 971 247 50 758 41 58 109 6741
internal_value=9.56982e-13 -0.000522714 1.92522e-05 -0.000270341 0.000536744 0.000343549 -0.000441912 -0.000724877 4.29771e-06 1.34909e-05 -2.97055e-06 0.000164215 -2.42299e-05 -1.4745e-05 0.000151698 0.000786694 8.78877e-05 -3.64068e-05 -3.03035e-05
internal_weight=10078 358 9720 316 273 231 272 147 9447 9142 9068 1023 8045 7798 898 82 816 6900 6850
internal_count=10078 358 9720 316 273 231 272 147 9447 9142 9068 1023 8045 7798 898 82 816 6900 6850
is_linear=0
shrinkage=0.05


Tree=9
num_leaves=20
num_cat=0
split_feature=3 3 1 3 7 2 13 6 10 10 4 8 13 9 2 9 8 13 2
split_gain=0.0385442 0.0284075 0.0179763 0.0133496 0.0146785 0.0149518 0.00885261 0.183465 0.00896356 0.0111581 0.00833026 0.013595 0.0105578 0.0088402 0.00721177 0.00670553 0.00657343 0.00658066 0.0180686
threshold=2.2633028584769961 -0.69644629365156119 -0.63952162811368651 1.1840262963296082 0.40112925315597764 -0.57668100259645538 2.4431102656536994 -0.51912102639675706 -0.081438491283628012 -0.074165470047001622 0.6786014002273586 0.63308936043472919 -0.61523301482487958 -0.050006837058742454 -1.4097318309355256 -0.080325124479316404 -0.98968205160451472 -0.57163490676408435 -1.0445622332135474
decision_type=2 2 2 2 2 2 2 2 2 2 2 2 2 2 2 2 2 2 2
left_child=1 2 -1 6 5 -5 8 -8 -3 15 11 12 -7 -14 -11 -10 -4 -18 -19
right_child=-2 3 16 4 -6 10 7 -9 9 14 -12 -13 13 -15 -16 -17 17 18 -20
leaf_value=0.00085280111999110845 -0.001285233818785416 -9.0742618945624686e-05 0.00065646843782708264 -0.0013449117560715726 0.00029214428609748212 -0.00046156073839382673 0.0033135857277112909 -0.00012180352510083616 -0.00013299975498739513 0.00045788845495040096 -0.00094679517307668 -0.00099388324448481465 0.0008121117369784994 -0.00012829961671348999 -6.6317749918911746e-06 0.0004461896152957036 0.00027052168767615264 -0.0005563029998652551 0.00021267365766831914
leaf_weight=113 58 2885 68 42 80 72 43 404 64 85 45 43 49 51 4915 228 464 108 261
leaf_count=113 58 2885 68 42 80 72 43 404 64 85 45 43 49 51 4915 228 464 108 261
internal_value=-9.95963e-13 7.43948e-06 0.000258339 -2.08097e-05 -0.000310052 -0.000469574 -7.99772e-06 0.00020867 -1.9842e-05 1.88104e-05 -0.000328173 -0.000198694 1.03613e-07 0.000332502 1.26507e-06 0.000319244 0.000183784 0.000145197 -1.23927e-05
internal_weight=10078 10020 1014 9006 382 302 8624 447 8177 5292 260 215 172 100 5000 292 901 833 369
internal_count=10078 10020 1014 9006 382 302 8624 447 8177 5292 260 215 172 100 5000 292 901 833 369
is_linear=0
shrinkage=0.05


Tree=10
num_leaves=20
num_cat=0
split_feature=3 3 5 10 3 6 2 13 6 4 8 10 6 4 1 8 7 10 3
split_gain=0.0350585 0.0257373 0.0204145 0.0187201 0.0140119 0.0162812 0.0108557 0.00953016 0.186473 0.00930071 0.0118236 0.0132398 0.0112413 0.0116068 0.0131991 0.00914449 0.00866736 0.00825136 0.00679982
threshold=2.0281924438166299 -1.4858537234370035 -0.98994504733150523 -0.080610666209532542 0.36119558180380612 1.5419305807304788 -1.474652171673779 2.4431102656536994 -0.47906247743063313 -0.67757427486451449 -1.2520018185741908 -0.19590124197345485 1.1342372832349803 -1.6016987558821707 -0.63952162811368651 -1.6009690961763752 0.30564479914158482 -1.1274452300180025 -0.36016338531854436
decision_type=2 2 2 2 2 2 2 2 2 2 2 2 2 2 2 2 2 2 2
left_child=1 2 -1 -2 7 15 -4 9 -9 10 -3 -12 13 14 -13 -6 -8 18 -11
right_child=3 4 6 -5 5 -7 16 8 -10 17 11 12 -14 -15 -16 -17 -18 -19 -20
leaf_value=0.0015015069955205988 -0.00027430771019267426 0.0010210510338674794 0.00097240330166338627 -0.0017412860509614615 -0.00082866288243427081 -0.0010303291916594997 0.00034148076692045755 0.0034589873757440506 -9.8839817365535966e-05 -0.00075579455486149535 -0.00040712074608867019 0.00022553506743861363 0.00095171071779058905 0.00027244181732290136 -0.00094804985478929129 -8.3094158886001132e-05 -0.00042599880412750533 5.5667889996397939e-06 -0.00013852278898620975
leaf_weight=42 44 40 48 43 42 48 132 41 362 60 96 50 49 421 46 1978 51 6311 174
leaf_count=42 44 40 48 43 42 48 132 41 362 60 96 50 49 421 46 1978 51 6311 174
internal_value=2.17341e-12 8.70232e-06 0.000487502 -0.000999366 -4.74823e-06 -0.000120222 0.000303138 2.64675e-05 0.000263123 1.33073e-05 0.000186263 0.000135823 0.000227912 0.000159312 -0.000336808 -9.85961e-05 0.000127593 -5.24349e-06 -0.000296798
internal_weight=10078 9991 273 87 9718 2068 231 7650 403 7247 702 662 566 517 96 2020 183 6545 234
internal_count=10078 9991 273 87 9718 2068 231 7650 403 7247 702 662 566 517 96 2020 183 6545 234
is_linear=0
shrinkage=0.05


Tree=11
num_leaves=20
num_cat=0
split_feature=3 3 12 3 7 8 13 8 9 2 4 2 13 2 10 2 9 2 13
split_gain=0.0319051 0.0242701 0.0156488 0.011035 0.0131871 0.01374 0.0171315 0.0132307 0.0132181 0.00898743 0.0126326 0.0106972 0.0154795 0.00887187 0.00870385 0.153138 0.0073084 0.0090845 0.0132139
threshold=2.2633028584769961 -0.69644629365156119 -0.6303629123596034 1.1840262963296082 0.40112925315597764 0.17047936512353981 -0.56075285157623245 -0.67715093131554505 -0.055529198151033347 -0.13493653286527815 1.0197142943140221 0.82783952742075562 -0.60856267704040157 -0.49253948439436207 -1.271903600222595 0.33990933862367695 -0.1065927532174669 -1.0445622332135474 -0.54874834769163983
decision_type=2 2 2 2 2 2 2 2 2 2 2 2 2 2 2 2 2 2 2
left_child=1 2 13 14 5 6 7 -5 -7 10 16 12 -11 -1 15 -3 17 18 -4
right_child=-2 3 9 4 -6 8 -8 -9 -10 11 -12 -13 -14 -15 -16 -17 -18 -19 -20
leaf_value=0.0013565560072575783 -0.0011693176268479499 -0.00018576958086720518 0.0004900565024717104 -0.0012400568494922483 0.00028846802671068873 -0.0016346554835035933 0.00068317448499978387 -0.0002055858926402888 -0.00037880354914457057 0.0014455653988989072 -0.00060699553589896121 -0.00033316691435175016 0.00035870235265944621 0.00042821339241439296 -1.7328503371963006e-05 0.0030978799544888122 -3.0448613031798668e-05 0.00063481302850684805 -0.00042463080643357574
leaf_weight=44 58 265 86 40 80 40 42 136 44 40 62 40 181 62 8318 41 297 129 73
leaf_count=44 58 265 86 40 80 40 42 136 44 40 62 40 181 62 8318 41 297 129 73
internal_value=-4.46408e-12 6.7685e-06 0.000238678 -1.93426e-05 -0.000282316 -0.000433517 -0.000224168 -0.000440693 -0.000976828 0.000171566 7.16549e-05 0.000419238 0.00055542 0.000813563 -7.69415e-06 0.000254197 0.00014358 0.000323048 7.01057e-05
internal_weight=10078 10020 1014 9006 382 302 218 176 84 908 647 261 221 106 8624 306 585 288 159
internal_count=10078 10020 1014 9006 382 302 218 176 84 908 647 261 221 106 8624 306 585 288 159
is_linear=0
shrinkage=0.05


Tree=12
num_leaves=20
num_cat=0
split_feature=3 3 10 2 3 6 10 13 6 2 13 0 8 4 2 8 5 1 4
split_gain=0.028857 0.0216204 0.0169777 0.0144662 0.00959214 0.0143866 0.0107246 0.155879 0.00833999 0.00809798 0.0257745 0.0113082 0.00787953 0.00739501 0.00882552 0.00774923 0.00728709 0.00722117 0.00686089
threshold=2.0281924438166299 -0.69644629365156119 -0.078798962313043494 -1.8037492782825419 0.36119558180380612 1.5419305807304788 -1.271903600222595 2.4431102656536994 -1.8445021636045424 -1.0445622332135474 -0.56478649196772235 -0.43890250449055884 -1.6009690961763752 -0.20408148266794282 -0.74988077015646593 0.30585049885668286 0.38507899243176807 -0.63952162811368651 1.6638982793015453
decision_type=2 2 2 2 2 2 2 2 2 2 2 2 2 2 2 2 2 2 2
left_child=1 3 -2 -1 6 12 7 -3 -8 10 -5 -12 -6 14 -11 -16 17 -15 -10
right_child=2 4 -4 9 5 -7 8 -9 18 13 11 -13 -14 16 15 -17 -18 -19 -20
leaf_value=0.0009797984724476314 -0.00024725632797724205 -0.00021827428711947594 -0.0016465161717993709 0.00045432519736740454 -0.0007686588025102364 -0.00096681398316225881 0.00046952861902286474 0.0031522659638118589 -6.0068130078304835e-07 0.0011711921591614916 -0.0012847654970121155 -0.00021078964361406272 -7.6576086783836702e-05 0.00076816727450932385 -1.9864601111321741e-05 0.00082020975929249012 -0.00012526715663685741 0.00019407267525629754 -0.0003970626699204634
leaf_weight=60 46 210 41 103 42 48 93 41 6454 43 43 57 1978 64 66 47 151 380 111
leaf_count=60 46 210 41 103 42 48 93 41 6454 43 43 57 1978 64 66 47 151 380 111
internal_value=3.43489e-12 7.8952e-06 -0.000906678 0.000226744 -1.68249e-05 -0.000111295 1.14518e-05 0.000332292 -6.43525e-07 0.000179382 -0.00010081 -0.000672599 -9.09659e-05 0.00025512 0.000561539 0.000329547 0.000174781 0.000276825 -7.304e-06
internal_weight=10078 9991 87 1014 8977 2068 6909 251 6658 954 203 100 2020 751 156 113 595 444 6565
internal_count=10078 9991 87 1014 8977 2068 6909 251 6658 954 203 100 2020 751 156 113 595 444 6565
is_linear=0
shrinkage=0.05


Tree=13
num_leaves=20
num_cat=0
split_feature=3 3 5 3 7 7 4 9 9 13 13 10 10 2 7 4 10 6 6
split_gain=0.0264521 0.0197978 0.0182428 0.0117728 0.0174279 0.0143366 0.0130784 0.0244474 0.0131977 0.0126389 0.0132 0.0104375 0.136439 0.00911582 0.00739413 0.00729925 0.0102338 0.0180582 0.0112345
threshold=2.2633028584769961 -1.4858537234370035 -0.98994504733150523 0.36119558180380612 -1.601327027763549 -1.2522289416561325 -0.91969957571935701 -0.10962492756198101 -0.057938558161190069 -0.59489980907123508 -0.5893744272449164 -1.4258181616239864 -1.1274452300180025 -1.474652171673779 0.30564479914158482 -0.62548709180040796 -0.19590124197345485 -0.94657129190599987 1.1342372832349803
decision_type=2 2 2 2 2 2 2 2 2 2 2 2 2 2 2 2 2 2 2
left_child=1 2 -1 11 -5 -6 7 -7 -9 -8 -11 -3 -13 -4 -15 16 -14 -18 -19
right_child=-2 3 13 4 5 6 9 8 -10 10 -12 12 15 14 -16 -17 17 18 -20
leaf_value=0.0013846651784011298 -0.0010647137122477631 -0.00029007258518054952 0.00086512296475120824 -0.0011442210223685833 0.00080238190377134424 -0.0013379460683700019 -0.00031443915383539957 0.00052992303400374715 -0.00048594532038687474 0.00074843552392211 -2.8324064740676875e-05 0.0025618429592385548 -0.00033050384500779974 0.00028852252335954373 -0.00042034805405373666 -1.2742071189636501e-06 0.0011335898307722756 8.8291484367290294e-05 0.00082450964816911318
leaf_weight=42 58 257 48 40 44 60 403 49 92 57 1352 53 93 132 51 6569 51 570 57
leaf_count=42 58 257 48 40 44 60 403 49 92 57 1352 53 93 132 51 6569 51 570 57
internal_value=1.0734e-12 6.16301e-06 0.000426114 -5.59923e-06 -0.000110555 -9.04545e-05 -0.00010997 -0.000492624 -0.000132913 -6.75233e-05 3.09914e-06 2.3171e-05 3.40602e-05 0.000251832 9.09684e-05 1.58078e-05 0.000161348 0.000228815 0.00015522
internal_weight=10078 10020 273 9747 2097 2057 2013 201 141 1812 1409 7650 7393 231 183 7340 771 678 627
internal_count=10078 10020 273 9747 2097 2057 2013 201 141 1812 1409 7650 7393 231 183 7340 771 678 627
is_linear=0
shrinkage=0.05


Tree=14
num_leaves=20
num_cat=0
split_feature=3 3 0 5 4 0 10 4 3 9 5 10 10 4 12 5 3 2 0
split_gain=0.023873 0.0184464 0.0127597 0.00941922 0.010148 0.0106989 0.0185243 0.00974152 0.00971405 0.0171305 0.00902352 0.00892043 0.128664 0.00875577 0.00735783 0.00725808 0.00817201 0.00769985 0.0185794
threshold=2.2633028584769961 -0.69644629365156119 -0.64355381357989094 -2.4189890788819697 1.3049345252317759 -0.59160289593059656 -0.098477000520430152 1.2003635271153248 1.2876091594032757 -0.095753145090171868 -0.73986927374019229 -1.4258181616239864 -1.1274452300180025 1.5421315123950921 -0.62153818119487247 -0.94648692478767626 -1.310470985880221 -1.0445622332135474 -0.57697593853419316
decision_type=2 2 2 2 2 2 2 2 2 2 2 2 2 2 2 2 2 2 2
left_child=1 2 -1 -3 7 6 -6 8 11 -10 -11 -5 -13 15 -8 16 -4 18 -17
right_child=-2 3 13 4 5 -7 14 -9 9 10 -12 12 -14 -15 -16 17 -18 -19 -20
leaf_value=0.00094866181469776406 -0.0010114780372281655 0.00074865408638288508 0.0011560627129802016 -0.00028895205336654603 -0.0013727651817570556 0.00015244345650631554 -2.4173195180363486e-05 0.00069224613212935193 -0.00096989533332008347 0.00060086371297074948 -0.00023771945787549707 0.002273240168048482 -1.3263285331305695e-05 -0.00045293471417540718 -0.00081192978715279897 0.00027715008329419347 0.00024503610992496764 0.00023788901466679593 -0.00073211092287812408
leaf_weight=55 58 40 40 268 48 85 107 49 72 40 162 62 8032 54 41 114 64 611 76
leaf_count=55 58 40 40 268 48 85 107 49 72 40 162 62 8032 54 41 114 64 611 76
internal_value=-1.34087e-12 5.85486e-06 0.000208035 -1.69089e-05 -2.03243e-05 -0.000316052 -0.000519226 -1.07562e-05 -1.4745e-05 -0.000307695 -7.16634e-05 -5.14577e-06 4.25132e-06 0.000165559 -0.000242403 0.000202464 0.000595431 0.000151442 -0.000126554
internal_weight=10078 10020 1014 9006 8966 281 196 8685 8636 274 202 8362 8094 959 148 905 104 801 190
internal_count=10078 10020 1014 9006 8966 281 196 8685 8636 274 202 8362 8094 959 148 905 104 801 190
is_linear=0
shrinkage=0.05


Tree=15
num_leaves=20
num_cat=0
split_feature=12 3 0 6 12 7 3 2 7 10 10 4 2 8 10 3 13 9 5
split_gain=0.0234204 0.0158226 0.0128559 0.167872 0.0120538 0.00913226 0.010278 0.0232784 0.0152304 0.00859327 0.0102754 0.00672079 0.00652649 0.0064815 0.00996016 0.00792473 0.00738381 0.00628728 0.00623555
threshold=3.1852681167361565 -0.69644629365156119 2.3632946870634952 -0.50873784920340492 -0.62747074960068916 2.4363546096675015 1.1840262963296082 -0.6355807099902725 0.40112925315597764 -0.081438491283628012 -0.074165470047001622 0.93002282995294572 -1.474652171673779 0.17047936512353981 -0.073012770434437949 1.7016580215816062 -0.61523301482487958 -0.080325124479316404 0.44433627758286603
decision_type=2 2 2 2 2 2 2 2 2 2 2 2 2 2 2 2 2 2 2
left_child=1 4 5 -4 -1 6 9 -8 11 -3 17 13 -12 14 16 -16 -9 -11 -19
right_child=-2 2 3 -5 -6 -7 7 8 -10 10 12 -13 -14 -15 15 -17 -18 18 -20
leaf_value=0.00061144095883276827 -0.00086304339554492166 -8.8974176936903814e-05 0.003337137360213092 -6.5283142483529388e-05 0.000122878725555951 0.00062663317552643044 -0.0013601552081209693 -0.00084931753831459032 0.00050943618167676634 -0.00012782407707163658 0.00045873720934780848 -0.00090267369989305746 -5.2118083901114331e-06 -0.00063043883378935894 -7.3569624911934672e-05 0.0008089914087421919 4.0200562850872682e-05 0.00055710777294181119 -0.0001316912738548126
leaf_weight=148 78 2851 40 387 859 53 44 51 72 64 77 40 4871 68 67 41 43 184 40
leaf_count=148 78 2851 40 387 859 53 44 51 72 64 77 40 4871 68 67 41 43 184 40
internal_value=-1.48001e-12 6.73174e-06 -1.43143e-05 0.000253445 0.000194683 -2.76616e-05 -3.17351e-05 -0.000271106 -0.000145666 -1.91257e-05 1.89067e-05 -0.000297819 2.00809e-06 -0.000208211 -6.60747e-05 0.000261477 -0.00044241 0.000309234 0.000434108
internal_weight=10078 10000 8993 427 1007 8566 8513 426 382 8087 5236 310 4948 270 202 108 94 288 224
internal_count=10078 10000 8993 427 1007 8566 8513 426 382 8087 5236 310 4948 270 202 108 94 288 224
is_linear=0
shrinkage=0.05


Tree=16
num_leaves=20
num_cat=0
split_feature=0 3 2 0 12 5 10 9 10 2 10 5 9 4 3 9 3 6 4
split_gain=0.0216664 0.0147276 0.0117863 0.0115485 0.140256 0.00818129 0.0108071 0.0185948 0.0079596 0.00900918 0.014031 0.00849446 0.0180321 0.0124631 0.00978691 0.0368745 0.00692888 0.0164501 0.0105503
threshold=3.3289260641467391 -0.69644629365156119 -1.8037492782825419 2.3632946870634952 2.3274988156197214 1.44226743619902 -0.05051921732449273 -0.059523874832357666 -0.081438491283628012 -1.6368680876170274 -0.062727709099045931 -1.1279318960656246 -0.073181834500839413 0.20186833414589481 1.424124536120779 -0.055529198151033347 0.71480993134456206 0.78376115280831293 -1.4053395757727374
decision_type=2 2 2 2 2 2 2 2 2 2 2 2 2 2 2 2 2 2 2
left_child=1 2 -1 5 -5 8 7 -7 16 10 -10 12 -11 -14 -13 -16 18 -18 -3
right_child=-2 3 -4 4 -6 6 -8 -9 9 11 -12 14 13 -15 15 -17 17 -19 -20
leaf_value=0.0008669933857163415 -0.00084103225254741692 0.00045653901882913714 0.0001444435857366251 0.0026988677975810682 -0.000103271410962584 -0.00047492077987995682 -0.00080646109603261921 0.00062707877748495889 -0.00012213261047792104 0.0012770723987705424 0.0011131143024032738 8.1609134838564045e-06 0.00045095273797778648 -0.00042641952304888143 -0.0015872337588583229 0.00019019765521035705 -0.00016489372307717078 -0.0012064860703567108 -7.4881270330503198e-05
leaf_weight=60 76 97 951 51 359 109 76 59 45 40 47 4935 100 68 45 83 320 43 2514
leaf_count=60 76 97 951 51 359 109 76 59 45 40 47 4935 100 68 45 83 320 43 2514
internal_value=-1.7169e-12 6.39057e-06 0.000187325 -1.39547e-05 0.000245287 -2.63413e-05 -0.00031172 -8.7909e-05 -1.79891e-05 1.83921e-05 0.000508917 9.83051e-06 0.000322989 9.58259e-05 -3.03476e-06 -0.000434681 -8.35952e-05 -0.000288278 -5.51387e-05
internal_weight=10078 10002 1011 8991 410 8581 244 168 8337 5363 92 5271 208 168 5063 128 2974 363 2611
internal_count=10078 10002 1011 8991 410 8581 244 168 8337 5363 92 5271 208 168 5063 128 2974 363 2611
is_linear=0
shrinkage=0.05


Tree=17
num_leaves=20
num_cat=0
split_feature=12 3 5 13 12 2 3 7 6 4 3 5 7 6 4 7 2 4 6
split_gain=0.0201332 0.0132834 0.0152939 0.0112192 0.160744 0.00781033 0.00735495 0.0200125 0.0128755 0.0149124 0.00944977 0.00811597 0.0138439 0.00822738 0.00774025 0.0106187 0.00771421 0.0118274 0.0134431
threshold=3.1852681167361565 -1.4858537234370035 -0.98994504733150523 2.4431102656536994 2.3274988156197214 -1.474652171673779 0.86544544220223918 0.40112925315597764 1.2548965074815663 -1.2149068301213803 1.424124536120779 0.22457543173878569 -1.404959354328126 -1.8445021636045424 1.6638982793015453 -1.1278245732185961 -0.96934282245710446 -0.7400953547294794 -0.60849718306933787
decision_type=2 2 2 2 2 2 2 2 2 2 2 2 2 2 2 2 2 2 2
left_child=1 2 -1 6 -5 -4 11 8 9 -8 -9 13 -13 -3 15 -15 17 -14 -19
right_child=-2 3 5 4 -6 -7 7 10 -10 -11 -12 12 16 14 -16 -17 -18 18 -20
leaf_value=0.0012415306375748137 -0.00080018810101766848 0.00052781071872119853 0.00075998048632754946 0.0031449314504645252 -8.6256546438495603e-05 4.2578725733418657e-05 -0.00090864620287902655 8.9267008718445017e-05 -0.0011681388871511444 -0.00013591626226116204 0.0009408503233054136 -0.00081468851494719279 0.00033835560096324318 0.0003379976613936344 -0.00037875617974442177 1.4464732726922428e-05 -3.3284460944394221e-05 -0.0011953318501452617 -0.00020213600881357582
leaf_weight=41 78 81 48 43 367 181 72 118 40 470 45 63 45 265 119 5903 1956 56 87
leaf_count=41 78 81 48 43 367 181 72 118 40 470 45 63 45 265 119 5903 1956 56 87
internal_value=2.68048e-12 6.24147e-06 0.00035218 -3.35805e-06 0.000252624 0.000192951 -1.46191e-05 -0.000165311 -0.000302455 -0.000238567 0.000324367 -1.52686e-06 -8.41541e-05 2.71098e-05 2.06589e-05 2.83649e-05 -6.26879e-05 -0.000368609 -0.00059108
internal_weight=10078 10000 270 9730 410 229 9320 745 582 542 163 8575 2207 6368 6287 6168 2144 188 143
internal_count=10078 10000 270 9730 410 229 9320 745 582 542 163 8575 2207 6368 6287 6168 2144 188 143
is_linear=0
shrinkage=0.05


Tree=18
num_leaves=20
num_cat=0
split_feature=3 3 12 10 2 7 2 4 2 13 3 2 4 8 8 6 9 6 2
split_gain=0.0192225 0.013084 0.010246 0.00902244 0.137472 0.00924885 0.008538 0.0111737 0.00929069 0.0132084 0.0081939 0.0176543 0.0082096 0.0108389 0.00958699 0.00882962 0.0066522 0.00891661 0.00807803
threshold=2.2633028584769961 -0.69644629365156119 -0.6303629123596034 -1.271903600222595 0.33990933862367695 2.4363546096675015 -0.13493653286527815 1.0197142943140221 0.82783952742075562 -0.60856267704040157 1.1840262963296082 -0.55895162596058467 0.8533066862617692 0.85322259430588721 -0.67715093131554505 0.070266936480114325 -0.1065927532174669 0.28066821324586927 -1.0445622332135474
decision_type=2 2 2 2 2 2 2 2 2 2 2 2 2 2 2 2 2 2 2
left_child=1 2 -1 4 -3 10 7 16 9 -8 -5 -12 13 14 -13 -16 18 -18 -4
right_child=-2 3 6 5 -6 -7 8 -9 -10 -11 11 12 -14 -15 15 -17 17 -19 -20
leaf_value=0.00064070652994625973 -0.00090762810693283027 -0.00015322020187696859 2.4190813079864407e-05 -1.7149952581186235e-05 0.002949625565443279 0.00066151862421455531 0.0013117951666936278 -0.00061441778311892726 -0.00033857222006190569 0.0003078237702061541 -0.0012505686994700228 -0.00061068631348462079 -0.00075591956983376099 -0.00078543166845764325 0.00043095014134942672 -0.00034341378415440573 9.607411546176507e-05 -0.0005144492269308497 0.00055669826778489376
leaf_weight=106 58 276 159 8276 41 49 40 62 40 181 40 40 46 41 148 49 214 83 129
leaf_count=106 58 276 159 8276 41 49 40 62 40 181 40 40 46 41 148 49 214 83 129
internal_value=-5.71789e-13 5.25373e-06 0.00017553 -1.39179e-05 0.000248094 -2.34769e-05 0.000121225 2.3844e-05 0.000362625 0.000489538 -2.73617e-05 -0.000259538 -0.000137189 -3.48087e-05 9.5046e-05 0.000238342 9.14889e-05 -7.45435e-05 0.00026271
internal_weight=10078 10020 1014 9006 317 8689 908 647 261 221 8640 364 324 278 237 197 585 297 288
internal_count=10078 10020 1014 9006 317 8689 908 647 261 221 8640 364 324 278 237 197 585 297 288
is_linear=0
shrinkage=0.05


Tree=19
num_leaves=20
num_cat=0
split_feature=0 0 5 3 5 0 0 4 10 7 1 10 8 10 3 6 0 3 13
split_gain=0.0185223 0.0127843 0.0121487 0.0113614 0.0139999 0.00984718 0.186045 0.00962547 0.00894046 0.00851138 0.00814788 0.00778121 0.0070757 0.00657957 0.00671525 0.0112263 0.0222782 0.0133844 0.0141213
threshold=3.3289260641467391 -0.6536413704049967 1.8211950174773925 -1.4858537234370035 -0.98994504733150523 2.3632946870634952 2.4334032069979794 -0.27483482693164374 -0.088163522001836039 -2.0003629416964892 -0.59080494595953603 -0.098477000520430152 1.9680144247550422 -1.1274452300180025 0.36119558180380612 -1.0421625602867164 -0.5796239222007834 2.0281924438166299 -0.59489980907123508
decision_type=2 2 2 2 2 2 2 2 2 2 2 2 2 2 2 2 2 2 2
left_child=1 8 3 4 -3 9 -7 -6 -1 11 -4 -5 13 -11 -15 16 -16 18 -17
right_child=-2 2 10 5 7 6 -8 -9 -10 12 -12 -13 -14 14 15 17 -18 -19 -20
leaf_value=0.0011619089936721139 -0.00077762001592179191 0.0011732083019090906 -0.00022541941891631725 -0.00098282143667030304 0.00084861610181784881 0.0034799447495606727 -0.00010234339165647873 1.3222982433725553e-06 0.00012336548723735261 -0.00023772599417609116 -0.0010494277330508339 -2.0085852697886321e-05 0.00042660053312760951 2.0230903271355717e-05 -5.4445178102469077e-05 -0.00032749120948051845 -0.0014656296984000175 0.00070678468764526778 2.1217719406427604e-06
leaf_weight=40 76 42 120 43 42 40 386 166 43 311 40 41 93 6656 80 430 43 56 1330
leaf_count=40 76 42 120 43 42 40 386 166 43 311 40 41 93 6656 80 430 43 56 1330
internal_value=-1.40643e-12 5.90873e-06 7.37779e-07 7.82308e-06 0.000340545 -9.24456e-07 0.000234022 0.00017241 0.000623868 -1.19436e-05 -0.000431421 -0.000512915 -7.26737e-06 -1.1798e-05 -3.62305e-06 -8.55065e-05 -0.000547786 -5.41957e-05 -7.84087e-05
internal_weight=10078 10002 9919 9759 250 9509 426 208 83 9083 160 84 8999 8906 8595 1939 123 1816 1760
internal_count=10078 10002 9919 9759 250 9509 426 208 83 9083 160 84 8999 8906 8595 1939 123 1816 1760
is_linear=0
shrinkage=0.05


Tree=20
num_leaves=20
num_cat=0
split_feature=3 10 3 2 10 6 4 4 2 13 9 10 8 2 13 0 4 2 8
split_gain=0.0186921 0.0158887 0.0109985 0.00991197 0.00833699 0.129436 0.00618632 0.0108595 0.00616478 0.0069844 0.0178842 0.00803507 0.0061162 0.00592627 0.0206892 0.00982504 0.00693567 0.00793217 0.00698228
threshold=2.0281924438166299 -0.078798962313043494 -0.69644629365156119 -1.8679342365266276 -1.271903600222595 -0.51912102639675706 1.3049345252317759 1.2003635271153248 -0.13493778048601113 -0.58003993229488005 -0.071830689689271865 -0.061944015997488215 -0.53027403989694799 -1.0445622332135474 -0.56478649196772235 -0.43890250449055884 -0.20408148266794282 -0.74988077015646593 0.30585049885668286
decision_type=2 2 2 2 2 2 2 2 2 2 2 2 2 2 2 2 2 2 2
left_child=2 -2 3 -1 5 -4 7 -6 -8 10 -10 -12 -7 14 -5 -16 17 -15 -19
right_child=1 -3 4 13 6 12 8 -9 9 -11 11 -13 -14 16 15 -17 -18 18 -20
leaf_value=0.00084885663189925248 -9.1798958348353275e-05 -0.0014454377806609178 0.0022295232438661445 0.00036201358001822622 -1.6924975154201209e-05 0.00022088826476829128 0.00020303629937836254 0.00076189485197472909 -0.0014537791025870277 4.5638916070448182e-05 0.00032405934325208541 -0.00055506984478123622 -0.00039707767354777384 0.0010675899954485644 -0.0011861504737184574 -0.00019158331500588439 0.00011506229062968701 -6.1992139936509455e-05 0.00073542778920184112
leaf_weight=50 46 41 65 112 8335 50 59 45 41 69 41 71 201 43 44 57 595 66 47
leaf_count=50 46 41 65 112 8335 50 59 45 41 69 41 71 201 43 44 57 595 66 47
internal_value=9.07695e-13 -0.000729721 6.35429e-06 0.000162445 -1.1277e-05 0.000240984 -2.04808e-05 -1.27428e-05 -0.000251246 -0.000371979 -0.000560317 -0.000233246 -0.000273977 0.000126843 -0.000105941 -0.00062486 0.000192866 0.000489615 0.000269678
internal_weight=10078 87 9991 1014 8977 316 8661 8380 281 222 153 112 251 964 213 101 751 156 113
internal_count=10078 87 9991 1014 8977 316 8661 8380 281 222 153 112 251 964 213 101 751 156 113
is_linear=0
shrinkage=0.05


Tree=21
num_leaves=20
num_cat=0
split_feature=12 0 5 3 13 6 4 9 10 2 7 7 13 13 4 7 9 10 6
split_gain=0.0175814 0.0115007 0.0116944 0.00950541 0.00970798 0.158269 0.00899343 0.0134112 0.00802728 0.00752043 0.00690604 0.00675229 0.00595591 0.00806454 0.00588106 0.00729475 0.00907468 0.00832142 0.00599617
threshold=3.1852681167361565 -0.6536413704049967 2.3358588627768757 -0.58636492207407287 2.4431102656536994 -0.47906247743063313 -0.19987254748267452 -0.39727747029922073 -0.088163522001836039 -1.0445622332135474 -2.0003629416964892 2.4363546096675015 -0.61855414694808453 -0.62238218151758973 1.3049345252317759 0.21316517733632098 -0.071236568159804725 -0.060193573018334882 2.1681024737543759
decision_type=2 2 2 2 2 2 2 2 2 2 2 2 2 2 2 2 2 2 2
left_child=1 8 3 6 10 -6 9 -8 -1 -3 -5 14 13 -9 18 16 -16 -18 -12
right_child=-2 2 -4 4 5 -7 7 12 -10 -11 11 -13 -14 -15 15 -17 17 -19 -20
leaf_value=0.0011017699217791231 -0.00074776001470476896 5.0688081400878652e-05 -0.00064305150480192558 -0.00049977516612814633 0.0032090766791952777 -0.00011237585710243172 -0.00067084194653943996 0.00012836735695600509 0.00011769317129090819 0.00053486690830020897 -2.026898692304088e-05 0.00056425061350693099 5.1117297104234788e-05 0.00098773383762731795 -0.00081943101370434779 0.00026281397479939391 0.00046259966825346055 -0.0004103212010049056 0.00052367285716886105
leaf_weight=40 78 129 70 76 40 347 60 78 43 212 7715 49 791 42 78 53 40 86 51
leaf_count=40 78 129 70 76 40 347 60 78 43 212 7715 49 791 42 78 53 40 86 51
internal_value=-1.69808e-12 5.83253e-06 9.27061e-07 5.50495e-06 -1.37556e-05 0.000230927 0.000130801 5.32242e-05 0.000591947 0.000351702 -2.53771e-05 -2.09105e-05 0.000100912 0.000429146 -2.44844e-05 -0.000259806 -0.000395585 -0.000133203 -1.66969e-05
internal_weight=10078 10000 9917 9847 8535 387 1312 971 83 341 8148 8072 911 120 8023 257 204 126 7766
internal_count=10078 10000 9917 9847 8535 387 1312 971 83 341 8148 8072 911 120 8023 257 204 126 7766
is_linear=0
shrinkage=0.05


Tree=22
num_leaves=20
num_cat=0
split_feature=3 10 3 3 7 7 10 2 12 9 4 4 5 13 4 10 10 2 13
split_gain=0.0168125 0.0142624 0.00996044 0.00732566 0.0143138 0.0134888 0.0101559 0.146559 0.00839028 0.00983846 0.013603 0.00826632 0.0148195 0.0100306 0.0144021 0.00952582 0.0126057 0.0105419 0.00884945
threshold=2.0281924438166299 -0.078798962313043494 -2.4694214797816358 0.29686414184320192 -1.601327027763549 -1.2522289416561325 -1.271903600222595 -0.024697959798182845 -0.62911465271444744 -0.10962492756198101 1.3049345252317759 -0.62548709180040796 -1.1554657727930693 -0.57241112577735431 -1.2526157690209578 -0.075671548224411536 -0.014109520815281103 -0.13493778048601113 -0.61788710887719211
decision_type=2 2 2 2 2 2 2 2 2 2 2 2 2 2 2 2 2 2 2
left_child=2 -2 -1 6 -5 -6 7 -4 -7 -10 -11 12 -8 15 -15 17 18 -14 -17
right_child=1 -3 3 4 5 8 11 -9 9 10 -12 -13 13 14 -16 16 -18 -19 -20
leaf_value=0.00069622551874580008 -8.7666312712194081e-05 -0.0013701600752339313 -0.00015478538499130566 -0.0010023550908288866 0.00080719504727643334 -0.00054702289926313247 0.0010932211325469813 0.0031212541173590582 -0.0002445533299710945 3.2018271354047966e-05 -0.00083166778830228078 -3.5674681322034562e-06 0.000222946920411324 -0.00085460491156062269 5.3301219673686146e-05 0.0013631025360465595 -0.00024364709565166516 -0.00064136429813185141 0.00051040762339391108
leaf_weight=52 46 41 233 41 44 91 41 40 522 1519 47 6613 178 52 273 41 42 44 118
leaf_count=52 46 41 233 41 44 91 41 40 522 1519 47 6613 178 52 273 41 42 44 118
internal_value=-2.14387e-12 -0.00069206 6.02634e-06 2.41528e-06 -7.66204e-05 -5.95465e-05 2.57295e-05 0.00032522 -7.70484e-05 -5.65658e-05 6.09666e-06 1.46837e-05 0.000167656 0.000116923 -9.19638e-05 0.000277415 0.000526777 5.1642e-05 0.000730285
internal_weight=10078 87 9991 9939 2264 2223 7675 273 2179 2088 1566 7402 789 748 325 423 201 222 159
internal_count=10078 87 9991 9939 2264 2223 7675 273 2179 2088 1566 7402 789 748 325 423 201 222 159
is_linear=0
shrinkage=0.05


Tree=23
num_leaves=20
num_cat=0
split_feature=12 0 5 13 12 3 4 12 6 10 2 7 4 13 10 9 2 8 10
split_gain=0.0161915 0.010359 0.0105525 0.00855966 0.140559 0.00887833 0.00786801 0.0144861 0.00833771 0.0072164 0.00653853 0.00628026 0.00698947 0.00787452 0.014627 0.00574476 0.0104025 0.00593301 0.00574447
threshold=3.1852681167361565 -0.6536413704049967 2.3358588627768757 2.4431102656536994 2.3274988156197214 -0.58636492207407287 -0.19987254748267452 -0.22978624457055627 -0.18295379967798922 -0.088163522001836039 -1.0445622332135474 2.4363546096675015 1.3049345252317759 -0.59081432340287021 -0.097353375746956697 -0.10812505163351473 -0.49253948439436207 0.30585049885668286 -0.079639568909282019
decision_type=2 2 2 2 2 2 2 2 2 2 2 2 2 2 2 2 2 2 2
left_child=1 9 3 5 -5 6 10 -8 -9 -1 -3 12 18 14 -14 -12 -17 -18 -7
right_child=-2 2 -4 4 -6 11 7 8 -10 -11 15 -13 13 -15 -16 16 17 -19 -20
leaf_value=0.0010452476929640399 -0.00071759408318216754 4.2380745589616709e-05 -0.00061078981630690319 0.0029335643684621471 -8.7948932326614097e-05 -7.6705319389281954e-05 0.00011383678439157669 -0.001002116116847282 -0.00011279049026294768 0.00011219707166039666 0.00096108383087066974 0.00054063736438087178 -0.0013051949599729397 8.7935781976603781e-05 -0.00022206110105728912 -0.00019531109158249041 0.00029677923709452858 0.0010728627368655947 1.2955140938522335e-05
leaf_weight=40 78 125 70 43 367 2756 851 47 60 43 51 49 41 94 130 56 53 46 5078
leaf_count=40 78 125 70 43 367 2756 851 47 60 43 51 49 41 94 130 56 53 46 5078
internal_value=1.85347e-12 5.59724e-06 9.41613e-07 5.29027e-06 0.000228941 -4.42649e-06 0.000117506 4.48938e-05 -0.000503429 0.00056186 0.000327663 -2.37159e-05 -2.71303e-05 -0.000279679 -0.00048176 0.000500771 0.000349313 0.000657384 -1.85874e-05
internal_weight=10078 10000 9917 9847 410 9437 1289 958 107 83 331 8148 8099 265 171 206 155 99 7834
internal_count=10078 10000 9917 9847 410 9437 1289 958 107 83 331 8148 8099 265 171 206 155 99 7834
is_linear=0
shrinkage=0.05


Tree=24
num_leaves=20
num_cat=0
split_feature=3 3 3 2 10 13 10 6 13 2 13 1 3 13 4 5 13 4 10
split_gain=0.0152928 0.00890108 0.00696792 0.0103419 0.00941819 0.141006 0.00875033 0.0105144 0.00828613 0.0103275 0.00950419 0.00737321 0.0160629 0.00835849 0.00731537 0.0134609 0.00901976 0.0130798 0.00854968
threshold=2.2633028584769961 -2.4694214797816358 0.29686414184320192 -0.30181781466511376 -1.271903600222595 2.4431102656536994 0.021124282719234087 0.56224266259603317 -0.59489980907123508 0.07424790039271513 -0.60130348965852642 -0.60082738838187433 1.0939042012030959 -0.59750355390259879 -0.62548709180040796 -1.1554657727930693 -0.57241112577735431 -1.2526157690209578 -0.075671548224411536
decision_type=2 2 2 2 2 2 2 2 2 2 2 2 2 2 2 2 2 2 2
left_child=1 -1 4 6 5 -3 7 11 9 -5 -11 13 -13 -4 15 -6 18 -18 -17
right_child=-2 2 3 8 14 -7 -8 -9 -10 10 -12 12 -14 -15 -16 16 17 -19 -20
leaf_value=0.00065715482655482802 -0.00080955367984956712 -0.00016516061276230051 -0.00017030570561841197 0.00028274345368006879 0.0010395184346679144 0.0030156283023133282 -0.00082956756937704293 -0.000776571292081188 4.961302181198218e-05 -0.00023725639148359243 -0.0010478810539834309 -0.00010799640707289419 0.00095664796288474462 -0.001026739429216832 -3.6743722736335574e-06 4.7345973861583106e-05 -0.00081582365970601911 4.9402058804624397e-05 0.00049747858720365916
leaf_weight=52 58 232 99 82 41 41 59 67 1294 260 42 310 40 40 6613 222 52 273 201
leaf_count=52 58 232 99 82 41 41 59 67 1294 260 42 310 40 40 6613 222 52 273 201
internal_value=-2.35739e-12 4.68604e-06 1.28231e-06 -7.51989e-05 2.4132e-05 0.00031254 -0.000250598 -0.00018916 -1.09139e-05 -0.000214877 -0.000349992 -0.000108677 1.36772e-05 -0.000416761 1.34949e-05 0.000157399 0.000109048 -8.90341e-05 0.000261239
internal_weight=10078 10020 9968 2293 7675 273 615 556 1678 384 302 489 350 139 7402 789 748 325 423
internal_count=10078 10020 9968 2293 7675 273 615 556 1678 384 302 489 350 139 7402 789 748 325 423
is_linear=0
shrinkage=0.05


Tree=25
num_leaves=20
num_cat=0
split_feature=0 0 5 3 5 9 10 4 1 4 10 8 7 12 9 3 6 6 8
split_gain=0.0150809 0.00938438 0.00947291 0.00791828 0.0126905 0.00946264 0.146606 0.00805301 0.00716506 0.00678861 0.00655495 0.00643368 0.00600817 0.00584195 0.00463375 0.00452007 0.00665516 0.00729632 0.0054077
threshold=3.3289260641467391 -0.6536413704049967 1.8211950174773925 -1.4858537234370035 -0.98994504733150523 -0.95660734973321693 -0.96310059043311169 -0.27483482693164374 -0.59080494595953603 0.44428964279136612 -0.088163522001836039 -0.58532502754007554 -2.0003629416964892 -0.62808501284035245 -0.076822121917309014 -0.53837798418311988 -1.2523967884117855 -0.85028452396070486 -0.98968205160451472
decision_type=2 2 2 2 2 2 2 2 2 2 2 2 2 2 2 2 2 2 2
left_child=1 10 3 4 -3 9 -7 -6 14 11 -1 -5 -8 -9 -4 16 -14 -18 -19
right_child=-2 2 8 5 7 6 12 13 -10 -11 -12 -13 15 -15 -16 -17 17 18 -20
leaf_value=0.00099548254744149752 -0.00070166936455184209 0.0010776942989434162 0.00022081344127813777 0.00029731940510718043 0.00074335617440131807 0.0025842127773979553 -0.0004477815097121301 0.00030314741649805277 -0.00096024544567626432 -0.00071521193653273753 0.00010622121210258759 -0.00024929082913966913 -0.0005265861535181536 -0.00029443794903996336 -0.00042394038682328091 -1.4966308077336185e-05 0.00064164264352462681 0.00052871493894599551 5.4367626215362791e-05
leaf_weight=40 76 42 44 66 42 55 76 73 40 62 43 292 42 93 76 7808 62 64 982
leaf_count=40 76 42 44 66 42 55 76 73 40 62 43 292 42 93 76 7808 62 64 982
internal_value=-1.77338e-12 5.33162e-06 9.01305e-07 7.15786e-06 0.000284925 -1.44875e-07 1.05771e-05 0.000124846 -0.000380709 -0.000232174 0.000534781 -0.000148519 -5.09147e-06 -3.16444e-05 -0.000187531 -1.33567e-06 9.12104e-05 0.000114629 8.33908e-05
internal_weight=10078 10002 9919 9759 250 9509 9089 208 160 420 83 358 9034 166 120 8958 1150 1108 1046
internal_count=10078 10002 9919 9759 250 9509 9089 208 160 420 83 358 9034 166 120 8958 1150 1108 1046
is_linear=0
shrinkage=0.05


Tree=26
num_leaves=20
num_cat=0
split_feature=13 3 2 10 10 7 0 2 5 10 9 2 9 12 4 2 12 13 2
split_gain=0.0147349 0.00747251 0.0105062 0.00810146 0.0999699 0.00868555 0.00783127 0.00609363 0.00582109 0.0119347 0.0158312 0.00568065 0.0102766 0.00732463 0.00984731 0.00632613 0.00535398 0.0192902 0.0062278
threshold=-0.63758908041290896 -0.69644629365156119 -1.8679342365266276 -1.4258181616239864 -1.1274452300180025 2.4363546096675015 1.9323038217108532 -0.67687037838802244 1.44226743619902 -0.05051921732449273 -0.059523874832357666 -0.13493653286527815 -0.067370950362513227 -0.6303629123596034 1.0197142943140221 0.82960222246866844 -0.47161988818937567 -0.57052820749957989 -1.0445622332135474
decision_type=2 2 2 2 2 2 2 2 2 2 2 2 2 2 2 2 2 2 2
left_child=-1 2 -2 6 -5 8 7 -3 -6 10 -10 13 -13 -4 16 -14 17 -15 -18
right_child=1 3 11 4 5 -7 -8 -9 9 -11 -12 12 15 14 -16 -17 18 -19 -20
leaf_value=-0.00083149783313274384 0.00086342664534582749 0.00016118692650284497 0.00047698717934485435 0.0019517959518214831 -1.3279501431373692e-05 0.00064741393670912509 -0.00071083284333565793 -0.0004056348374233694 -0.00039505150763908007 -0.00078097465903786208 0.00063954810968057092 0.0010306609775580001 0.00028120093095379003 0.00013833452341916404 -0.00064024681498088543 -0.00040907959730247968 -0.00011564840209640324 -0.00066474154109213003 0.00052723848945485476
leaf_weight=53 47 99 78 65 8401 49 76 91 102 76 58 40 195 288 61 40 62 101 96
leaf_count=53 47 99 78 65 8401 49 76 91 102 76 58 40 195 288 61 40 62 101 96
internal_value=1.93599e-12 4.39595e-06 0.000133507 -1.00372e-05 -1.77427e-06 -1.63934e-05 -0.000281874 -0.000110291 -2.01594e-05 -0.000265066 -2.00091e-05 9.7808e-05 0.000289809 2.08398e-05 -3.76791e-05 0.000163706 2.95176e-05 -7.01762e-05 0.000274966
internal_weight=10078 10025 1008 9017 8751 8686 266 190 8637 236 160 961 275 686 608 235 547 389 158
internal_count=10078 10025 1008 9017 8751 8686 266 190 8637 236 160 961 275 686 608 235 547 389 158
is_linear=0
shrinkage=0.05


Tree=27
num_leaves=20
num_cat=0
split_feature=3 13 5 5 7 3 13 6 13 13 13 1 0 8 1 2 4 9 1
split_gain=0.013857 0.0132664 0.00740264 0.211686 0.0135821 0.0131036 0.0122898 0.0107156 0.00904411 0.00822179 0.0179658 0.0127442 0.00832024 0.00745601 0.0071123 0.00658952 0.0070063 0.00653702 0.00645701
threshold=2.0281924438166299 -0.6214850616055847 0.30525830006486548 0.29181914387176749 -1.4228305123132767 -0.58636492207407287 -0.61855414694808453 -1.8445021636045424 -0.62356783545283989 -0.62308053297847554 -0.61855414694808453 -0.62930888615168357 -0.64355381357989094 0.72905998299554209 -0.62283870180308554 -0.6303615849587566 0.37410052651135789 -0.071236568159804725 -0.63216337924665333
decision_type=2 2 2 2 2 2 2 2 2 2 2 2 2 2 2 2 2 2 2
left_child=2 -2 3 5 -4 6 -1 8 -7 12 -11 17 -6 18 -13 16 -16 -12 -8
right_child=1 -3 4 -5 9 7 13 -9 -10 10 11 14 -14 -15 15 -17 -18 -19 -20
leaf_value=0.00066151149395821444 -0.0012112008638644552 2.5700939330840258e-05 -0.00077516096686456118 0.0036567474297771701 -6.1531876275219721e-05 0.0010175934141839009 -0.00045213146621445678 -2.2286227256433313e-05 -1.0406612382212188e-05 0.00079883802224815423 -0.00018256732315314689 0.00038305451662831773 -0.0010348968292505777 0.00046767772036560018 -0.00016371721086502308 -4.7150652173963889e-06 -0.00085791814841892726 -0.00087844840430744949 9.7530798808067838e-05
leaf_weight=117 46 41 67 40 46 46 58 6611 40 63 68 101 42 128 270 1507 42 67 678
leaf_count=117 46 41 67 40 46 46 58 6611 40 63 68 101 42 128 270 1507 42 67 678
internal_value=-2.00106e-12 -0.000628293 5.47107e-06 2.88275e-05 -7.38359e-05 9.92715e-06 0.000180593 -1.50726e-05 0.000539454 -5.25355e-05 -3.28598e-05 -5.83571e-05 -0.000526092 0.000115469 -2.53403e-05 -4.80164e-05 -0.000257167 -0.000527931 5.4215e-05
internal_weight=10078 87 9991 7718 2273 7678 981 6697 86 2206 2118 2055 88 864 1920 1819 312 135 736
internal_count=10078 87 9991 7718 2273 7678 981 6697 86 2206 2118 2055 88 864 1920 1819 312 135 736
is_linear=0
shrinkage=0.05


Tree=28
num_leaves=20
num_cat=0
split_feature=0 0 5 13 12 10 10 3 4 12 2 13 7 10 2 5 9 4 10
split_gain=0.0135109 0.00868285 0.00805101 0.00704195 0.125806 0.00711787 0.00588438 0.00582054 0.0067453 0.00910051 0.00649967 0.00635291 0.00596699 0.00660185 0.0127424 0.00830078 0.0136108 0.00952299 0.00820531
threshold=3.3289260641467391 -0.6536413704049967 2.3358588627768757 2.4431102656536994 2.3274988156197214 -1.1274452300180025 -0.088163522001836039 -0.61276967383379544 -0.19987254748267452 -0.22978624457055627 -1.0445622332135474 -0.54709845750719488 2.4363546096675015 -0.081438491283628012 -1.6368680876170274 -1.1279318960656246 -0.068963610274433221 0.20186833414589481 -0.062727709099045931
decision_type=2 2 2 2 2 2 2 2 2 2 2 2 2 2 2 2 2 2 2
left_child=1 6 3 7 -5 -6 -1 8 10 -10 11 -3 13 -9 18 16 -16 -18 -15
right_child=-2 2 -4 4 5 -7 -8 12 9 -11 -12 -13 -14 14 15 -17 17 -19 -20
leaf_value=0.00095082319661742075 -0.0006641424542929025 0.00035658917960620695 -0.00052974027521614383 0.00276437173441843 -0.00065344363858457657 -9.2291601483106378e-06 0.00010827400411619957 -8.4227186374910058e-05 8.3754057068312639e-05 -0.00042842623117450655 0.00047991485176461686 -0.00037810666414900751 0.00051999509499485919 8.9944841655357406e-05 0.0010310051572159863 -1.2232810263188109e-05 0.00040338365463284896 -0.00041577202387011548 0.0010578171132092781
leaf_weight=40 76 62 71 43 50 301 43 2833 819 97 191 56 51 41 50 5059 89 59 47
leaf_count=40 76 62 71 43 50 301 43 2833 819 97 191 56 51 41 50 5059 89 59 47
internal_value=1.05509e-12 5.04647e-06 7.84971e-07 4.60984e-06 0.00021172 -0.000100998 0.000514322 -4.02159e-06 9.76616e-05 2.95166e-05 0.000299671 7.91997e-06 -1.91585e-05 -2.25208e-05 1.01853e-05 1.96893e-07 0.000317782 7.68284e-05 0.000606877
internal_weight=10078 10002 9919 9848 394 351 83 9454 1225 916 309 118 8229 8178 5345 5257 198 148 88
internal_count=10078 10002 9919 9848 394 351 83 9454 1225 916 309 118 8229 8178 5345 5257 198 148 88
is_linear=0
shrinkage=0.05


Tree=29
num_leaves=20
num_cat=0
split_feature=13 10 2 5 3 6 0 4 6 6 2 6 5 3 4 13 10 0 9
split_gain=0.0131186 0.00659531 0.126732 0.00614922 0.00598074 0.0100263 0.00938563 0.00759745 0.00619863 0.00595113 0.00750425 0.00586374 0.00760499 0.00906996 0.00582731 0.00513785 0.015125 0.00678742 0.00508722
threshold=-0.63758908041290896 -1.271903600222595 0.19157043859801193 -2.4189890788819697 -0.53837798418311988 -1.2146935153004457 -0.64355381357989094 1.3049345252317759 2.1681024737543759 -0.90971950345542008 -1.0445622332135474 0.41805907731369257 0.026301584967086098 -1.0193006931716044 -0.25243613260503944 -0.58003993229488005 -0.098477000520430152 -0.63207921769133313 -0.10812505163351473
decision_type=2 2 2 2 2 2 2 2 2 2 2 2 2 2 2 2 2 2 2
left_child=-1 2 -2 -3 5 -5 -7 8 -6 -8 11 12 13 -11 18 16 -9 -18 -12
right_child=1 3 -4 4 7 6 9 15 -10 10 14 -13 -14 -15 -16 -17 17 -19 -20
leaf_value=-0.00078456911349280331 -0.00013665010029092871 0.00056114140266648363 0.0028630888072075323 -0.00047593777789734306 -1.7714048125417341e-05 0.00081209685613817359 0.00060249364257536158 -0.0012933202728163452 0.00051982016895501019 -0.00031607668764057034 0.00080853162721816307 -0.00066821611962950564 -0.00064864390621741498 0.00042570064537338559 6.9294080862000761e-05 4.6250210835978578e-05 4.6693922132590164e-05 -0.00069197889540152137 0.00023141237295594744
leaf_weight=53 294 48 40 75 7869 47 55 40 54 74 49 48 43 93 801 80 96 46 173
leaf_count=53 294 48 40 75 7869 47 55 40 54 74 49 48 43 93 801 80 96 46 173
internal_value=2.63137e-12 4.14785e-06 0.0002226 -3.3811e-06 -6.19113e-06 8.71068e-05 0.000117641 -2.28104e-05 -1.40504e-05 9.321e-05 7.13438e-05 -0.000169634 -5.56724e-05 9.70089e-05 0.000132118 -0.000287715 -0.000434512 -0.000192594 0.000358795
internal_weight=10078 10025 334 9691 9643 1458 1383 8185 7923 1336 1281 258 210 167 1023 262 182 142 222
internal_count=10078 10025 334 9691 9643 1458 1383 8185 7923 1336 1281 258 210 167 1023 262 182 142 222
is_linear=0
shrinkage=0.05


Tree=30
num_leaves=20
num_cat=0
split_feature=3 10 10 2 5 3 2 4 8 8 6 5 7 3 13 4 10 3 2
split_gain=0.0124584 0.00660857 0.187969 0.00905354 0.00694377 0.00598694 0.018284 0.00621554 0.0102362 0.00916707 0.00959904 0.00577283 0.0123593 0.00985079 0.0103014 0.00852023 0.00772652 0.00725157 0.00673666
threshold=2.2633028584769961 -1.271903600222595 -1.4258181616239864 0.19157043859801193 -2.4189890788819697 1.1840262963296082 -0.57668100259645538 0.8533066862617692 0.85322259430588721 -0.67715093131554505 0.070266936480114325 0.23446960019576349 -1.4228305123132767 -0.58636492207407287 -0.61855414694808453 1.8213570221957214 -0.080610666209532542 0.9846884549873528 -0.6303615849587566
decision_type=2 2 2 2 2 2 2 2 2 2 2 2 2 2 2 2 2 2 2
left_child=1 2 3 -1 -3 11 -7 8 9 -8 -11 13 -13 14 -6 -15 -17 18 -14
right_child=-2 4 -4 -5 5 6 7 -9 -10 10 -12 12 17 15 -16 16 -18 -19 -20
leaf_value=-8.995913313621139e-05 -0.00073069252499282874 0.00060926103142264773 0.003445569106443145 -0.00089448580407406556 0.00063012641981582756 -0.0012132985808420928 -0.00055053286302675743 -0.00061383977763978961 -0.00072350473705361164 0.00047130131306039405 -0.00032275485760228733 -0.00078108179224142024 -0.00025982270315692634 7.844806567666407e-06 0.00011479297891583528 -0.0010026893676331383 -3.1700689370544364e-05 0.00058032137300566928 -2.2826350993721566e-05
leaf_weight=278 58 46 40 40 110 40 41 47 41 150 51 59 357 5901 819 40 42 45 1873
leaf_count=278 58 46 40 40 110 40 41 47 41 150 51 59 357 5901 819 40 42 45 1873
internal_value=1.02476e-12 4.22956e-06 0.000215181 -0.000191157 -3.58668e-06 -6.51836e-06 -0.000203739 -8.13676e-05 7.06416e-06 0.000130838 0.000269824 1.37386e-06 -6.66152e-05 2.4332e-05 0.000175812 8.11165e-07 -0.000505354 -4.80862e-05 -6.0767e-05
internal_weight=10078 10020 358 318 9662 9616 370 330 283 242 201 9246 2334 6912 929 5983 82 2275 2230
internal_count=10078 10020 358 318 9662 9616 370 330 283 242 201 9246 2334 6912 929 5983 82 2275 2230
is_linear=0
shrinkage=0.05


Tree=31
num_leaves=20
num_cat=0
split_feature=0 0 5 9 9 8 4 3 7 5 7 5 10 4 6 7 9 10 4
split_gain=0.0121415 0.0079357 0.00707302 0.00646446 0.215626 0.00652202 0.00597886 0.00588665 0.00650231 0.00638684 0.00779929 0.00803625 0.00533257 0.00527668 0.00752025 0.00638064 0.00897615 0.0092879 0.00435028
threshold=3.3289260641467391 -0.6536413704049967 2.3358588627768757 -0.83481141293926397 -0.74714972987907402 -0.58532502754007554 -0.17724356418039702 -0.39563492343636408 2.4363546096675015 -1.7136543712133945 1.3054319769553502 1.3449727029565188 -0.088163522001836039 1.3049345252317759 2.1681024737543759 0.45912992441120376 -0.071236568159804725 -0.060193573018334882 -0.62520986020283531
decision_type=2 2 2 2 2 2 2 2 2 2 2 2 2 2 2 2 2 2 2
left_child=1 12 3 5 -5 6 -3 9 13 -6 11 18 -1 14 -9 16 -15 -18 -11
right_child=-2 2 -4 4 7 -7 -8 8 -10 10 -12 -13 -14 15 -16 -17 17 -19 -20
leaf_value=0.00090718623338034384 -0.00062958652598401959 0.000614769401985945 -0.00049655001938345514 0.0036766515232011447 0.00070369237102568154 -0.00026583533295225411 -0.00018745097841019743 -2.1829813695114272e-05 0.00055840383087115699 0.00028146467821618963 -0.00044861955914161049 0.00062716688651452202 0.00010511462710700323 -0.00079359594531158489 0.00060609975629025332 0.00031626446668779845 0.00051002254494516999 -0.00040279146004200579 3.3496406842514694e-05
leaf_weight=40 76 45 71 40 40 385 48 7187 48 202 71 66 43 77 48 41 41 87 1422
leaf_count=40 76 45 71 40 40 385 48 7187 48 202 71 66 43 77 48 41 41 87 1422
internal_value=-1.50627e-12 4.7839e-06 7.09868e-07 4.29491e-06 1.34446e-05 -0.000175062 0.00020072 -2.26047e-06 -2.1685e-05 7.89431e-05 6.47523e-05 8.632e-05 0.000491655 -2.5407e-05 -1.76639e-05 -0.000253138 -0.000367019 -0.000110406 6.43398e-05
internal_weight=10078 10002 9919 9848 9370 478 93 9330 7529 1801 1761 1690 83 7481 7235 246 205 128 1624
internal_count=10078 10002 9919 9848 9370 478 93 9330 7529 1801 1761 1690 83 7481 7235 246 205 128 1624
is_linear=0
shrinkage=0.05


Tree=32
num_leaves=20
num_cat=0
split_feature=13 10 2 0 5 3 7 3 2 3 6 5 3 5 2 8 4 4 3
split_gain=0.0121069 0.0058519 0.116153 0.00521758 0.00719843 0.00491836 0.00464719 0.00502951 0.00576836 0.00851239 0.00553482 0.0112742 0.00928118 0.010822 0.00914803 0.00901295 0.00711109 0.00665797 0.00662121
threshold=-0.63758908041290896 -1.271903600222595 0.19157043859801193 -0.6536413704049967 2.3358588627768757 -0.45451796215504919 2.4363546096675015 -0.59626053429408532 0.14319870762118345 -1.1332362837602965 0.31720373436594834 -1.2523120360520987 -1.19876767859232 0.10018464385834992 -1.1166776339416975 -0.37292762481956671 0.70369201699318185 1.0000000180025095e-35 -1.310470985880221
decision_type=2 2 2 2 2 2 2 2 2 2 2 2 2 2 2 2 2 2 2
left_child=-1 2 5 -3 6 -2 7 8 10 -10 11 -5 15 -14 -12 -13 -17 -15 -16
right_child=1 3 -4 4 -6 -7 -8 -9 9 -11 14 12 13 17 18 16 -18 -19 -20
leaf_value=-0.00075370975415044433 0.00024968364085697643 0.00043332942026181096 0.0027376349059341012 0.00089444396740180404 -0.00052264840892959593 -0.00024312636488129573 0.00047820358139324525 -1.927013659794534e-05 0.00073126301767143355 0.00011796158424720452 -0.00084751432198875906 -0.00080561794736422592 0.00034267225236308033 3.7293095077790357e-05 0.00046928067815166962 0.00013805660582458571 -0.00060959758438479015 -0.00070963970789480731 -0.00019908916072285807
leaf_weight=53 65 68 40 42 67 229 50 8253 78 206 42 50 316 103 49 131 42 42 152
leaf_count=53 65 68 40 42 67 229 50 8253 78 206 42 50 316 103 49 131 42 42 152
internal_value=-2.80747e-13 3.9847e-06 0.000209757 -3.10724e-06 -6.19128e-06 -0.000134172 -2.57024e-06 -5.09903e-06 8.82402e-05 0.000286404 3.01614e-05 9.92959e-05 5.0471e-05 0.00017857 -0.000176388 -0.000214343 -4.34548e-05 -0.00017906 -3.61532e-05
internal_weight=10078 10025 334 9691 9623 294 9556 9506 1253 284 969 726 684 461 243 223 173 145 201
internal_count=10078 10025 334 9691 9623 294 9556 9506 1253 284 969 726 684 461 243 223 173 145 201
is_linear=0
shrinkage=0.05


Tree=33
num_leaves=20
num_cat=0
split_feature=3 10 10 10 2 0 5 0 9 5 5 3 4 6 0 5 12 13 10
split_gain=0.011334 0.0127109 0.00598765 0.169048 0.0111093 0.00574482 0.00552424 0.00528103 0.00935562 0.00494172 0.0111066 0.00461374 0.00369491 0.0150614 0.00881381 0.0086874 0.00494967 0.00649935 0.00443391
threshold=2.0281924438166299 -0.078798962313043494 -1.271903600222595 -1.4258181616239864 0.19157043859801193 -0.6536413704049967 2.3358588627768757 1.9323038217108532 -1.8713323396532056 1.9682838616689831 1.8211950174773925 -0.17756324854960007 -1.1557548303589189 -0.6253623376104035 -0.58819834550212335 0.6786125344391849 -0.62458363962626862 -0.62356783545283989 -0.083210884750331351
decision_type=2 2 2 2 2 2 2 2 2 2 2 2 2 2 2 2 2 2 2
left_child=2 -2 3 4 7 -4 9 8 11 10 12 -1 13 -7 15 16 17 -15 -14
right_child=1 -3 5 -5 -6 6 -8 -9 -10 -11 -12 -13 18 14 -16 -17 -18 -19 -20
leaf_value=0.00080827556885196836 2.3499462733288175e-06 -0.001208381345154854 0.00042764725625035342 0.0032689771233708601 -0.00095938948767980046 0.00077054922553659898 -0.00047262811296951401 -0.00042958140575383619 -0.00029809099900088959 0.00055170530347822941 -0.00079775797115540963 0.00013153210929885972 -5.8854871945935271e-05 0.00055081480837543501 -0.00038270651733770281 -0.00047169167883112097 0.00059770712975697627 -0.00029693409839567789 1.6126636915994959e-05
leaf_weight=40 46 41 77 40 40 78 63 74 95 40 44 68 2915 40 104 42 87 52 6092
leaf_count=40 46 41 77 40 40 78 63 74 95 40 44 68 2915 40 104 42 87 52 6092
internal_value=5.19731e-13 -0.000568225 4.94801e-06 0.000206025 -0.000180467 -2.50317e-06 -5.96885e-06 -6.79872e-05 6.38254e-05 -2.87221e-06 -5.21864e-06 0.000382178 -1.51282e-06 0.000146608 -3.13843e-06 0.000175482 0.000327333 7.16524e-05 -8.14017e-06
internal_weight=10078 87 9991 357 317 9634 9557 277 203 9494 9454 108 9410 403 325 221 179 92 9007
internal_count=10078 87 9991 357 317 9634 9557 277 203 9494 9454 108 9410 403 325 221 179 92 9007
is_linear=0
shrinkage=0.05


Tree=34
num_leaves=20
num_cat=0
split_feature=13 8 8 3 10 3 4 3 2 2 6 13 2 4 7 6 3 3 9
split_gain=0.0114219 0.00585877 0.164973 0.0155422 0.0134503 0.0113642 0.0108381 0.00761518 0.00934352 0.00697595 0.00744128 0.00989828 0.00676524 0.0157028 0.00606718 0.00634026 0.00541358 0.00523137 0.0220353
threshold=-0.63758908041290896 -0.14796706710443477 -0.16145474309431257 1.7016580215816062 -1.1274452300180025 1.2876091594032757 -1.4053395757727374 -2.0173113287551172 -0.96934309132130092 1.3669940452632414 -0.11375719739186244 -0.55592344056428733 -1.0445622332135474 -0.015884804748980897 -0.12282633571826194 -0.60849718306933787 -0.12196815910098313 1.8507010582666805 -0.068225127859391319
decision_type=2 2 2 2 2 2 2 2 2 2 2 2 2 2 2 2 2 2 2
left_child=-1 2 3 5 16 6 -2 8 -6 10 11 -8 13 -13 -14 -16 -3 -9 -19
right_child=1 4 -4 -5 7 -7 9 17 -10 -11 -12 12 14 -15 15 -17 -18 18 -20
leaf_value=-0.00073207482920859652 0.00064960786593246675 -0.00012026374770132941 0.0026589004617805284 0.00095147190325850148 0.0010173676750855521 -0.00078582643961018896 0.00015464394064486646 -9.3902819834148743e-06 -5.0402082325447176e-05 -0.00052049611164525582 6.5898210689471239e-05 -0.00016195918046244462 8.7729131432159034e-05 -0.0013533194314421541 -0.00069361089607679924 -0.0001501462117848069 -0.00065684970731711345 -0.0011811774848452345 0.00042991651528764786
leaf_weight=53 64 81 60 43 40 46 242 6878 42 65 1657 85 184 41 70 230 112 44 41
leaf_count=53 64 81 60 43 40 46 242 6878 42 65 1657 85 184 41 70 230 112 44 41
internal_value=1.07301e-13 3.87032e-06 6.54691e-05 8.40786e-06 -1.98483e-05 -6.70084e-06 6.88513e-06 -8.56689e-06 0.000470461 -9.09555e-06 4.15317e-06 -0.000115931 -0.000223274 -0.000549624 -0.000138315 -0.000276955 -0.00043165 -1.42082e-05 -0.000404062
internal_weight=10078 10025 2787 2727 7238 2684 2638 7045 82 2574 2509 852 610 126 484 300 193 6963 85
internal_count=10078 10025 2787 2727 7238 2684 2638 7045 82 2574 2509 852 610 126 484 300 193 6963 85
is_linear=0
shrinkage=0.05


Tree=35
num_leaves=20
num_cat=0
split_feature=10 0 13 6 12 10 5 12 10 2 9 6 0 3 10 9 2 3 9
split_gain=0.0112683 0.00644426 0.00645627 0.133239 0.00690282 0.00560757 0.00552828 0.00685899 0.00470329 0.0088619 0.00842934 0.0144049 0.0056156 0.005505 0.00465723 0.00437692 0.00418991 0.00388493 0.0107577
threshold=2.859936849945441 -0.6536413704049967 2.4431102656536994 -0.51912102639675706 2.3274988156197214 -1.1274452300180025 1.8211950174773925 -0.58106001369334559 -0.81562996157095136 0.38513794509737359 -1.8713323396532056 -0.62508514766702672 1.29808020994741 -0.2227677607243079 -0.088163522001836039 -0.076822121917309014 -0.38331470136608392 0.30665370858870933 -0.093459237054886027
decision_type=2 2 2 2 2 2 2 2 2 2 2 2 2 2 2 2 2 2 2
left_child=1 14 6 -4 -5 -6 8 15 9 10 13 -12 16 -3 -1 -8 -13 -10 -19
right_child=-2 2 3 4 5 -7 7 -9 17 -11 11 12 -14 -15 -16 -17 -18 18 -20
leaf_value=0.00083173804188845695 -0.00059863901072113111 0.00071871108457122407 0.0029020275020540309 -0.00071552823501406246 -0.00058014051763166207 4.844496279706416e-05 0.00029354587332332011 -0.00086641615722328437 2.3181784463003891e-05 -0.00080683021716746828 -0.0011271696240874008 -8.7905319994136406e-05 -0.00043223273456128989 1.723931074428203e-05 8.2174526273034689e-05 -0.00033768275509493451 0.00053641387203242632 -0.00024666492979154634 1.2409658167427821e-05
leaf_weight=40 78 41 41 40 40 314 43 40 6829 48 40 78 72 88 43 76 41 541 1545
leaf_count=40 78 41 41 40 40 314 43 40 6829 48 40 78 72 88 43 76 41 541 1545
internal_value=-7.51884e-13 4.66938e-06 9.97359e-07 0.000189352 -9.29316e-05 -2.25816e-05 -7.64367e-06 -0.000299988 -2.65786e-06 -0.000168664 -8.35749e-05 -0.000264377 -8.3688e-05 0.000240188 0.00044341 -0.000109592 0.000127196 4.9395e-06 -5.47808e-05
internal_weight=10078 10000 9917 435 394 354 9482 159 9323 408 360 231 191 129 83 119 119 8915 2086
internal_count=10078 10000 9917 435 394 354 9482 159 9323 408 360 231 191 129 83 119 119 8915 2086
is_linear=0
shrinkage=0.05


Tree=36
num_leaves=20
num_cat=0
split_feature=0 0 0 6 0 5 12 10 3 4 10 2 10 4 7 3 5 7 3
split_gain=0.0107852 0.0061184 0.159866 0.00611554 0.00604946 0.00508079 0.00565499 0.00450757 0.0043776 0.00954932 0.00611168 0.00866058 0.00751113 0.00788841 0.00516037 0.00497331 0.00476112 0.00443126 0.00423083
threshold=3.3289260641467391 2.3632946870634952 2.4334032069979794 -0.50873784920340492 -0.6536413704049967 1.8211950174773925 -0.58183158810104774 -0.96310059043311169 -1.4858537234370035 -0.27483482693164374 -1.1274452300180025 0.22556839281835969 -1.9681275162524032 0.17004753031438014 -2.0003629416964892 2.2035044783654372 -0.73986927374019229 -0.29003108163670527 1.1840262963296082
decision_type=2 2 2 2 2 2 2 2 2 2 2 2 2 2 2 2 2 2 2
left_child=1 4 -3 -4 -1 8 -7 -5 9 -6 11 12 -10 17 -12 18 -11 -14 -16
right_child=-2 2 3 7 5 6 -8 -9 10 16 14 -13 13 -15 15 -17 -18 -19 -20
leaf_value=0.0004212394485736137 -0.00059338027006704481 0.0031992239435203376 -0.00069784709286489863 -0.00053794361459343543 0.00082967124252142962 -0.00011449281826540848 -0.00080242151467246013 1.444597632072663e-05 0.00017053704896096588 0.00053875053956289778 -0.00040802696086001409 -0.00090080742985464461 -0.00049605393889090392 -0.00082754363424360894 7.0211504714598036e-06 0.00046455468671348203 -7.1136706310426234e-05 0.0001718102714221459 -0.00017474430641285709
leaf_weight=83 76 40 41 42 49 118 40 306 123 40 77 41 41 56 8291 58 160 63 333
leaf_count=83 76 40 41 42 49 118 40 306 123 40 77 41 41 56 8291 58 160 63 333
internal_value=8.6797e-13 4.50879e-06 0.00018924 -0.00012027 -3.76968e-06 -7.48683e-06 -0.000288652 -5.22217e-05 -2.72643e-06 0.000204105 -8.39646e-06 -0.000221647 -0.000123253 -0.000349104 -5.08209e-07 3.10604e-06 5.08407e-05 -9.14823e-05 2.60952e-09
internal_weight=10078 10002 429 389 9573 9490 158 348 9332 249 9083 324 283 160 8759 8682 200 104 8624
internal_count=10078 10002 429 389 9573 9490 158 348 9332 249 9083 324 283 160 8759 8682 200 104 8624
is_linear=0
shrinkage=0.05


Tree=37
num_leaves=20
num_cat=0
split_feature=3 10 10 2 5 7 7 7 3 4 5 0 9 7 3 13 10 13 7
split_gain=0.0107981 0.00667825 0.15601 0.00811107 0.00566682 0.00530729 0.00695809 0.00527004 0.00586082 0.00636337 0.00573859 0.00518455 0.00728136 0.00476828 0.00544785 0.00889956 0.00838372 0.00620742 0.00519608
threshold=2.2633028584769961 -1.271903600222595 -1.4258181616239864 0.19157043859801193 -2.4189890788819697 -2.4191332456680597 -2.0003629416964892 -1.8444489091597831 1.8507010582666805 -2.0007174106499979 1.8211950174773925 1.9323038217108532 -1.8713323396532056 -1.601327027763549 -1.4858537234370035 -0.61788710887719211 -0.043839890900483756 -0.62414927792954222 -1.3613568920182597
decision_type=2 2 2 2 2 2 2 2 2 2 2 2 2 2 2 2 2 2 2
left_child=1 2 3 11 -3 -6 -7 -8 9 -9 13 12 -1 -11 15 17 -17 -15 -16
right_child=-2 4 -4 -5 5 6 7 8 -10 10 -12 -13 -14 14 18 16 -18 -19 -20
leaf_value=0.00035052047729183263 -0.00068026316043085845 0.00054971648647235427 0.0031589846493443475 -0.00081990345277063172 0.00052345352305565034 -0.00062944788597330144 0.00056646720521712267 0.00045301202246143173 -0.00053297384863912637 -0.00039405328458927283 -0.00034187511863876808 -0.00041691349171152386 -0.00024832724906063004 0.00021200265393269305 0.00034731208568201493 -0.00032970246666525605 0.00053899323043186172 0.0010162955692454062 -1.1611792703297193e-05
leaf_weight=109 58 46 40 40 47 45 40 75 53 78 128 74 95 49 102 82 42 47 8828
leaf_count=109 58 46 40 40 47 45 40 75 53 78 128 74 95 49 102 82 42 47 8828
internal_value=1.50062e-12 3.93765e-06 0.000215998 -0.000154189 -3.91969e-06 -6.56811e-06 -9.17142e-06 -6.24067e-06 -8.65614e-06 -5.7096e-06 -9.38682e-06 -5.84027e-05 7.16453e-05 -4.77493e-06 -1.4565e-06 0.000244346 -3.54668e-05 0.000605771 -7.5121e-06
internal_weight=10078 10020 358 318 9662 9616 9569 9524 9484 9431 9356 278 204 9228 9150 220 124 96 8930
internal_count=10078 10020 358 318 9662 9616 9569 9524 9484 9431 9356 278 204 9228 9150 220 124 96 8930
is_linear=0
shrinkage=0.05


Tree=38
num_leaves=20
num_cat=0
split_feature=13 8 8 3 10 3 4 2 6 13 6 7 3 2 1 2 9 7 10
split_gain=0.0104903 0.00554545 0.20843 0.0146113 0.0111648 0.00994586 0.00949801 0.00624581 0.00675119 0.00913984 0.00662955 0.00957205 0.00621034 0.00820994 0.00492466 0.0047687 0.00452208 0.0132332 0.00552705
threshold=-0.63758908041290896 -0.15398034520719275 -0.16387675637159435 1.7016580215816062 -1.1274452300180025 1.2876091594032757 -1.4053395757727374 1.3669940452632414 -0.11375719739186244 -0.55592344056428733 -0.60849718306933787 -0.18634656774135389 -2.0173113287551172 -0.96934309132130092 0.15574014814488549 -0.96934282245710446 -0.35198488757652974 -0.49756226753912508 -0.47787473419587145
decision_type=2 2 2 2 2 2 2 2 2 2 2 2 2 2 2 2 2 2 2
left_child=-1 2 3 5 15 6 -2 8 9 -8 11 -11 13 -6 -13 -3 17 -14 -19
right_child=1 4 -4 -5 12 -7 7 -9 -10 10 -12 14 16 -15 -16 -17 -18 18 -20
leaf_value=-0.0007015872815484401 0.00061264711739135067 -2.6081918927487892e-05 0.0034390577034274536 0.0009224310705470744 0.00093643519503530117 -0.00073549189306188216 0.00014867814163251243 -0.00049651421111320817 6.2652969109031002e-05 5.673901878547059e-06 -0.00011354215641145774 -0.0010733307284438828 0.0008647785763043845 -6.4468766816259761e-05 -0.00037225204730422651 -0.00055518141756799794 -2.1386890062424901e-05 -0.00028901424197142611 0.00026979946787006077
leaf_weight=53 63 62 45 43 40 46 242 64 1649 62 440 60 57 42 43 136 6754 89 88
leaf_count=53 63 62 45 43 40 46 242 64 1649 62 440 60 57 42 43 136 6754 89 88
internal_value=2.29183e-12 3.70914e-06 6.40881e-05 8.08745e-06 -1.91946e-05 -6.64345e-06 6.13849e-06 -8.78731e-06 3.71851e-06 -0.000111019 -0.000214898 -0.000485181 -8.82389e-06 0.000423777 -0.000780647 -0.000389504 -1.39002e-05 0.00020219 -1.1186e-05
internal_weight=10078 10025 2757 2712 7268 2669 2623 2560 2496 847 605 165 7070 82 103 198 6988 234 177
internal_count=10078 10025 2757 2712 7268 2669 2623 2560 2496 847 605 165 7070 82 103 198 6988 234 177
is_linear=0
shrinkage=0.05


Tree=39
num_leaves=20
num_cat=0
split_feature=10 13 6 12 0 8 8 1 10 4 2 5 13 13 6 7 7 9 6
split_gain=0.0101087 0.00591659 0.121491 0.00707659 0.00553167 0.00467918 0.0127556 0.0086699 0.0058672 0.0103159 0.00677565 0.00526021 0.00594073 0.0171775 0.00858081 0.00687714 0.0106011 0.00889174 0.00772834
threshold=2.859936849945441 2.4431102656536994 -0.51912102639675706 2.3274988156197214 -0.6536413704049967 1.9680144247550422 1.820952054140776 -0.61893756123996024 -0.81562996157095136 0.47335883549191399 0.28419548758395047 2.3358588627768757 -0.61855414694808453 -0.61917664000535655 1.8211141367489185 -1.601327027763549 -1.3613568920182597 -0.11409354399238138 -1.3615036229306428
decision_type=2 2 2 2 2 2 2 2 2 2 2 2 2 2 2 2 2 2 2
left_child=1 4 -3 -4 -1 6 8 -7 9 10 -6 12 13 -10 15 -14 17 -17 -18
right_child=-2 2 3 -5 5 7 -8 -9 11 -11 -12 -13 14 -15 -16 16 18 -19 -20
leaf_value=0.00040263300956190423 -0.00056700150231242736 0.0027750891306800997 -0.00071516845212499908 -1.3553947274358689e-05 4.8509775352441295e-06 -2.3482491884999335e-05 -0.00084180911571425188 0.00087149123827721063 7.718406439886608e-05 -0.00076497438534660789 -0.00065367123044375662 -0.00044682111006785329 -0.00048157328329836725 0.0011347818182912306 0.00060127588216697377 0.0010830484800681006 -0.00034757865411053405 9.9489210751252586e-05 -8.5749549954602188e-06
leaf_weight=83 78 41 40 354 296 73 46 43 956 66 45 65 78 40 57 40 172 54 7451
leaf_count=83 78 41 40 354 296 73 46 43 956 66 45 65 78 40 57 40 172 54 7451
internal_value=1.17563e-12 4.42261e-06 0.000184767 -8.47838e-05 -3.77916e-06 -7.33666e-06 -1.12456e-05 0.000308275 -7.14624e-06 -0.000192795 -8.20508e-05 1.33117e-06 4.62343e-06 0.000119658 -9.96831e-06 -1.4438e-05 -9.71636e-06 0.000518025 -1.6224e-05
internal_weight=10078 10000 435 394 9565 9482 9366 116 9320 407 341 8913 8848 996 7852 7795 7717 94 7623
internal_count=10078 10000 435 394 9565 9482 9366 116 9320 407 341 8913 8848 996 7852 7795 7717 94 7623
is_linear=0
shrinkage=0.05


Tree=40
num_leaves=20
num_cat=0
split_feature=3 10 10 0 8 5 7 7 7 3 4 5 13 7 3 0 13 10 10
split_gain=0.0100521 0.00681067 0.141217 0.0077457 0.00513113 0.00502878 0.00487068 0.00620224 0.00485888 0.0043622 0.005534 0.0048667 0.00458718 0.00401909 0.00330292 0.00508189 0.00675468 0.00613257 0.00728321
threshold=2.2633028584769961 -1.271903600222595 -1.4258181616239864 1.9323038217108532 -0.59433271847776914 -2.1803992616680898 -2.4191332456680597 -2.0003629416964892 -1.8444489091597831 1.8507010582666805 -2.0007174106499979 1.8211950174773925 -0.62308053297847554 -1.601327027763549 -0.84722719582578787 -0.63813175178639658 -0.62414927792954222 -0.019045908245573239 -0.041529592630428248
decision_type=2 2 2 2 2 2 2 2 2 2 2 2 2 2 2 2 2 2 2
left_child=1 2 3 4 -1 -3 -7 -8 -9 10 -10 13 -13 -12 15 16 -15 18 -17
right_child=-2 5 -4 -5 -6 6 7 8 9 -11 11 12 -14 14 -16 17 -18 -19 -20
leaf_value=0.00046181702578905974 -0.00065634259954094887 0.00043760589358043944 0.003017933190567419 -0.00054947057667367879 -0.00010905631079859214 0.00050066856266757314 -0.00060184377735739961 0.00054307237252942291 0.00042111768197113032 -0.00047033617715807816 -0.00036323356736060167 -0.00064511682960136541 -4.3825746392290715e-05 -3.4773899685768851e-05 -1.1251915506486885e-05 1.9699931053870031e-05 0.00081067341983456309 0.00029152348644775081 -0.00062588894271175383
leaf_weight=50 58 64 40 83 185 47 44 40 75 51 78 58 70 42 8465 346 54 178 50
leaf_count=50 58 64 40 83 185 47 44 40 75 51 78 58 70 42 8465 346 54 178 50
internal_value=-8.61083e-13 3.79919e-06 0.000217952 -0.000134247 1.24061e-05 -4.13567e-06 -7.08123e-06 -9.57984e-06 -6.83874e-06 -9.16223e-06 -6.66437e-06 -1.00991e-05 -0.000316286 -5.8451e-06 -2.79351e-06 0.000104073 0.00044079 4.77577e-05 -6.18138e-05
internal_weight=10078 10020 358 318 235 9662 9598 9551 9507 9467 9416 9341 128 9213 9135 670 96 574 396
internal_count=10078 10020 358 318 235 9662 9598 9551 9507 9467 9416 9341 128 9213 9135 670 96 574 396
is_linear=0
shrinkage=0.05


Tree=41
num_leaves=20
num_cat=0
split_feature=13 10 2 10 3 3 3 4 4 4 0 1 3 2 3 2 2 4 5
split_gain=0.00983198 0.00529963 0.11698 0.00641604 0.00537208 0.00448025 0.00817351 0.00345366 0.00439137 0.00533103 0.00534281 0.00626862 0.0044094 0.00520288 0.00365897 0.00840883 0.00876492 0.0081582 0.00676452
threshold=-0.63758908041290896 -1.271903600222595 0.19157043859801193 -1.5935341124626223 -0.45451796215504919 2.2035044783654372 1.8507010582666805 -2.0007174106499979 -1.7140280127617487 -1.1557548303589189 -0.61795663813618529 -0.6316559138075476 0.59224461476267087 -0.93828900328130871 -0.53837798418311988 -1.9571039350033788 -0.91054899656967025 -0.62520986020283531 0.16044754553472221
decision_type=2 2 2 2 2 2 2 2 2 2 2 2 2 2 2 2 2 2 2
left_child=-1 2 3 4 -2 6 7 -3 -9 10 11 -10 13 -12 15 -11 18 -18 -17
right_child=1 5 -4 -5 -6 -7 -8 8 9 14 12 -13 -14 -15 -16 16 17 -19 -20
leaf_value=-0.00067921533974992421 0.00041430019056929698 0.00032415657174624359 0.0027362713374895977 -0.00061190091719716725 -0.00015770690797980535 0.00039256835703961032 -0.00069388679680847673 -0.00036141506009085408 0.00015654156903370417 0.00077115273024679575 0.00059272246027665626 0.00088535179766397192 -0.00043383071264543101 -0.0001397341938341183 -2.2239521614413726e-05 -6.3104650866943753e-05 0.00061223233605209651 7.9485027954074848e-05 -0.00061929513523945891
leaf_weight=53 53 80 40 59 182 71 43 86 70 41 44 51 40 54 7756 297 78 913 67
leaf_count=53 53 80 40 59 182 71 43 86 70 41 44 51 40 54 7756 297 78 913 67
internal_value=-1.45447e-12 3.59086e-06 0.000199413 -0.000145738 -2.87011e-05 -3.15814e-06 -6.07878e-06 -2.99058e-06 -5.74637e-06 -2.49619e-06 0.000221204 0.000463726 8.55734e-06 0.000189124 -8.82685e-06 6.56922e-05 4.43462e-05 0.000121417 -0.00016548
internal_weight=10078 10025 334 294 235 9691 9620 9577 9497 9411 259 121 138 98 9152 1396 1355 991 364
internal_count=10078 10025 334 294 235 9691 9620 9577 9497 9411 259 121 138 98 9152 1396 1355 991 364
is_linear=0
shrinkage=0.05


Tree=42
num_leaves=20
num_cat=0
split_feature=3 10 10 2 13 9 5 7 7 7 3 4 5 7 5 7 3 13 10
split_gain=0.0095684 0.00573226 0.129079 0.00905803 0.00456106 0.00665443 0.00449446 0.00440131 0.00554327 0.00437516 0.00470583 0.00459415 0.00437319 0.00424682 0.00414605 0.00359877 0.00411475 0.00745046 0.00756136
threshold=2.2633028584769961 -1.271903600222595 -1.4258181616239864 0.19157043859801193 1.7909831879389473 -1.8713323396532056 -2.4189890788819697 -2.4191332456680597 -2.0003629416964892 -1.8444489091597831 1.8507010582666805 -2.0007174106499979 1.8211950174773925 -0.1482234229506729 1.9682838616689831 -1.601327027763549 -1.4858537234370035 -0.61788710887719211 -0.043839890900483756
decision_type=2 2 2 2 2 2 2 2 2 2 2 2 2 2 2 2 2 2 2
left_child=1 2 3 4 5 13 -3 -8 -9 -10 11 -11 15 -1 -14 -13 17 -17 -19
right_child=-2 6 -4 -5 -6 -7 7 8 9 10 -12 12 14 -15 -16 16 -18 18 -20
leaf_value=0.00067091808086843234 -0.00064035721267734116 0.00048947999955049925 0.0028771261866131683 -0.00084005174103367612 -0.00035116878896161203 -0.00021276498246738959 0.00047673611136022064 -0.00056193700149176752 0.00051613663221360183 0.0003845228923116035 -0.00047770930302575378 -0.00034253201717943647 -0.00069180588117050829 3.083106445158091e-05 -9.2668578816387928e-05 0.00054285258071710518 -6.7253314900351767e-06 -0.00032329372919687053 0.00050169747541769453
leaf_weight=55 58 46 40 40 81 93 47 45 40 75 53 78 44 49 84 96 8930 82 42
leaf_count=55 58 46 40 40 81 93 47 45 40 75 53 78 44 49 84 96 8930 82 42
internal_value=-8.83087e-13 3.70666e-06 0.000200174 -0.000136549 -3.53259e-05 9.45384e-05 -3.57293e-06 -5.93155e-06 -8.30226e-06 -5.68639e-06 -7.88725e-06 -5.24696e-06 -8.37145e-06 0.000369339 -0.000298622 -4.34543e-06 -1.46253e-06 0.000212159 -4.38612e-05
internal_weight=10078 10020 358 318 278 197 9662 9616 9569 9524 9484 9431 9356 104 128 9228 9150 220 124
internal_count=10078 10020 358 318 278 197 9662 9616 9569 9524 9484 9431 9356 104 128 9228 9150 220 124
is_linear=0
shrinkage=0.05


Tree=43
num_leaves=20
num_cat=0
split_feature=0 9 9 0 8 4 10 7 5 3 9 9 2 3 2 10 4 6 7
split_gain=0.00944743 0.00615457 0.190749 0.00497911 0.00488066 0.00478104 0.00415179 0.00401622 0.00394859 0.00402612 0.00495596 0.00439809 0.00437687 0.00734403 0.00456251 0.00655171 0.00433091 0.00610671 0.00563654
threshold=3.3289260641467391 -0.83481141293926397 -0.74714972987907402 -0.6536413704049967 -0.58532502754007554 -0.17724356418039702 -0.088163522001836039 2.4363546096675015 2.3358588627768757 -0.39563492343636408 -0.58163607936848472 0.26556748682231429 0.1250400494222286 -1.1332362837602965 -0.013124511212278152 0.16079977510907564 1.3049345252317759 2.1681024737543759 0.4862344293437954
decision_type=2 2 2 2 2 2 2 2 2 2 2 2 2 2 2 2 2 2 2
left_child=1 4 -3 6 5 -1 -4 8 9 11 -11 12 14 -14 15 -5 17 -12 -18
right_child=-2 2 3 7 -6 -7 -8 -9 -10 10 16 -13 13 -15 -16 -17 18 -19 -20
leaf_value=0.00050895439756246531 -0.000555362171680348 0.00345856399708282 0.00075070691120345152 3.4886412872641523e-05 -0.00024966943593627346 -0.00020049817898855815 4.2985115172530986e-05 0.00042910925479208224 -0.00038984006393697363 -0.00047720509159015649 -1.385928330246318e-05 -0.00020550907567202888 0.00065938494442842712 0.0001260214782686329 -0.00034474965455907246 0.00062599447401411534 -0.00032979062990506929 0.00055200248302753605 0.00031907154920190811
leaf_weight=47 76 40 40 1082 385 48 43 53 67 59 7129 141 78 374 74 49 205 48 40
leaf_count=47 76 40 40 1082 385 48 43 53 67 59 7129 141 78 374 74 49 205 48 40
internal_value=-7.8822e-13 4.21991e-06 1.3026e-05 -1.5091e-06 -0.00017047 0.000150494 0.000384056 -4.91392e-06 -7.37521e-06 -4.61358e-06 -2.07601e-05 6.25676e-05 8.53792e-05 0.000218062 3.56094e-05 6.04959e-05 -1.71316e-05 -1.00748e-05 -0.000223854
internal_weight=10078 10002 9522 9482 480 95 83 9399 9346 9279 7481 1798 1657 452 1205 1131 7422 7177 245
internal_count=10078 10002 9522 9482 480 95 83 9399 9346 9279 7481 1798 1657 452 1205 1131 7422 7177 245
is_linear=0
shrinkage=0.05


Tree=44
num_leaves=20
num_cat=0
split_feature=2 10 9 9 13 13 6 10 6 8 13 1 10 7 2 0 2 9 5
split_gain=0.00921695 0.0301489 0.00573082 0.171866 0.00512479 0.0159659 0.00821331 0.00885079 0.00817196 0.0116021 0.00921335 0.0152719 0.00946954 0.0100112 0.011276 0.0126307 0.0084602 0.00763388 0.00718165
threshold=2.1258578833507764 -0.027555866202515249 -0.83481141293926397 -0.74714972987907402 -0.61855414694808453 -0.61917664000535655 -1.3615036229306428 -0.10223601904736289 -1.8445021636045424 1.820952054140776 -0.62206167515333233 -0.64164663963994173 -0.065098245055225698 -0.037399911399791583 -1.3865463308229533 -0.64304943573863571 -0.96934322111777993 -0.084359795673822638 -0.037719600588032705
decision_type=2 2 2 2 2 2 2 2 2 2 2 2 2 2 2 2 2 2 2
left_child=2 -2 -1 -4 5 8 7 -6 17 10 11 12 13 -10 -15 16 -16 -5 -12
right_child=1 -3 3 4 6 -7 -8 -9 9 -11 18 -13 -14 14 15 -17 -18 -19 -20
leaf_value=-0.00016194687438011594 9.636867096714026e-06 -0.0014755323571282336 0.0032856358863500648 0.00096172072080662478 -0.00073798928254291244 0.0010831681415584171 -4.7647389612963494e-06 -3.8456073683007096e-05 0.00061720523753319874 -0.00056169595613121204 -0.00025882831816488762 -0.00082566245702629974 0.00042472508204973976 -0.00046766046138041343 0.00088353364250885302 -0.00053077205014762595 9.4076886944659345e-05 4.5314389585242186e-05 0.00047932086024003983
leaf_weight=480 142 45 40 47 80 40 8086 104 50 78 40 54 133 157 43 67 161 44 187
leaf_count=480 142 45 40 47 80 40 8086 104 50 78 40 54 133 157 43 67 161 44 187
internal_value=8.21817e-13 -0.000347757 6.57472e-06 1.517e-05 1.21007e-06 0.000102548 -1.22813e-05 -0.000342601 6.55788e-05 2.30767e-05 7.42115e-05 -1.96739e-05 5.15591e-05 -5.22716e-05 -0.000130482 6.48583e-05 0.000260482 0.000518623 0.000349251
internal_weight=10078 187 9891 9411 9371 1101 8270 184 1061 970 892 665 611 478 428 271 204 91 227
internal_count=10078 187 9891 9411 9371 1101 8270 184 1061 970 892 665 611 478 428 271 204 91 227
is_linear=0
shrinkage=0.05


Tree=45
num_leaves=20
num_cat=0
split_feature=13 2 9 6 3 6 3 1 4 5 7 6 12 3 0 2 9 12 6
split_gain=0.0090025 0.00519558 0.0510557 0.135227 0.0121009 0.00685848 0.00642389 0.0086546 0.00644387 0.00666284 0.0130316 0.00979445 0.0082035 0.00583887 0.00525463 0.0051846 0.014524 0.0153795 0.00878654
threshold=-0.63758908041290896 -0.3625019867196308 -0.74714972987907402 -0.15456665832073133 1.2876091594032757 1.3448912223409628 -2.0173113287551172 -0.65446014197736146 1.5421315123950921 0.15044789299638703 0.70416346255489259 -1.3615036229306428 -0.6132294696786591 2.0281924438166299 -0.65162385903997555 -1.474652171673779 -0.075896851565750836 -0.63830264460067554 -0.35685845569837754
decision_type=2 2 2 2 2 2 2 2 2 2 2 2 2 2 2 2 2 2 2
left_child=-1 4 3 -3 5 6 -2 -8 9 15 11 -11 -13 14 -4 16 17 -9 -19
right_child=1 2 13 -5 -6 -7 7 8 -10 10 -12 12 -14 -15 -16 -17 -18 18 -20
leaf_value=-0.00064993322805505921 0.00044554299851315036 0.0034216829790057095 0.00048843670859111761 -0.00017821956728585064 -0.00068736700834253709 0.0004470746893649411 -0.00074131201590514845 -0.00078818938165204602 -0.00065837003688405584 -0.00085372443044013009 -0.00090092284248536692 0.00052080802330140485 -0.00011841094489108221 0.00048621032356095385 1.9548369140348361e-06 -3.3465642438134909e-05 0.00080348914295124514 0.00054621099083487941 -3.8392907512354462e-06
leaf_weight=53 66 40 56 75 72 73 45 50 42 41 57 56 484 64 6307 2060 72 100 265
leaf_count=53 66 40 56 75 72 73 45 50 42 41 57 56 484 64 6307 2060 72 100 265
internal_value=7.76176e-13 3.43606e-06 2.97004e-05 0.00107392 -4.58953e-05 -3.2355e-05 -4.28399e-05 -5.26911e-05 -4.30884e-05 -3.49748e-05 -0.000179469 -0.000108689 -5.21216e-05 1.10159e-05 6.23631e-06 1.21956e-06 0.000147937 3.42029e-05 0.000146859
internal_weight=10078 10025 6542 115 3483 3411 3338 3272 3227 3185 638 581 540 6427 6363 2547 487 415 365
internal_count=10078 10025 6542 115 3483 3411 3338 3272 3227 3185 638 581 540 6427 6363 2547 487 415 365
is_linear=0
shrinkage=0.05


Tree=46
num_leaves=20
num_cat=0
split_feature=3 10 10 2 0 9 0 3 2 7 13 4 8 3 8 8 6 13 2
split_gain=0.0090391 0.00542944 0.113926 0.00853655 0.00424719 0.00503469 0.00391744 0.00356173 0.00304353 0.00282768 0.00391545 0.00573506 0.00443634 0.00475446 0.00371057 0.0111932 0.00603102 0.00572262 0.0115371
threshold=2.2633028584769961 -1.271903600222595 -1.4258181616239864 0.19157043859801193 2.3297535606200186 -1.8713323396532056 -0.6536413704049967 -0.20616588506090303 -0.50722888432338042 2.4363546096675015 -0.63335566498670459 2.4358082430975041 -1.9998554896922378 1.8507010582666805 1.9680144247550422 1.820952054140776 -2.000386027369053 -0.61825847654302413 0.88811094856276085
decision_type=2 2 2 2 2 2 2 2 2 2 2 2 2 2 2 2 2 2 2
left_child=1 2 3 4 5 7 -3 -1 -7 10 -8 12 -12 14 15 16 -14 18 -18
right_child=-2 6 -4 -5 -6 8 9 -9 -10 -11 11 -13 13 -15 -16 -17 17 -19 -20
leaf_value=0.00067667850604687758 -0.00062239378598390215 0.00035173050802603196 0.0027097300508467019 -0.00080448349064681695 -0.00038804381228176011 -0.00042055312691158367 -0.00043686314334682162 0.00010105985444309996 0.00014840128245850794 0.00036869333637878302 -0.00038398987306162527 0.00058416687803046225 -0.00047823241432552369 -0.00047314925134371691 0.00030184738044603497 -0.00078390142961048395 0.000212191956008109 -1.1187296150357157e-05 -0.00027163264540646992
leaf_weight=41 58 77 40 40 62 57 53 78 40 50 78 41 66 54 99 46 690 8258 150
leaf_count=41 58 77 40 40 62 57 53 78 40 50 78 41 66 54 99 46 690 8258 150
internal_value=5.32579e-13 3.60268e-06 0.00019481 -0.000121532 -2.32651e-05 8.14399e-05 -3.48202e-06 0.000299382 -0.000185933 -6.33558e-06 -8.30217e-06 -5.90672e-06 -8.46926e-06 -5.34093e-06 -2.62725e-06 -5.9001e-06 -1.99481e-06 1.45998e-06 0.000125795
internal_weight=10078 10020 358 318 278 216 9662 119 97 9585 9535 9482 9441 9363 9309 9210 9164 9098 840
internal_count=10078 10020 358 318 278 216 9662 119 97 9585 9535 9482 9441 9363 9309 9210 9164 9098 840
is_linear=0
shrinkage=0.05


Tree=47
num_leaves=20
num_cat=0
split_feature=10 9 9 3 3 4 10 13 2 12 4 7 4 4 9 9 7 1 10
split_gain=0.00857593 0.00599166 0.154113 0.00498073 0.00601321 0.00454105 0.00608831 0.00578274 0.00555992 0.00542911 0.00410018 0.0042247 0.00397511 0.0044674 0.00569231 0.00575379 0.00398264 0.00815306 0.00806611
threshold=2.859936849945441 -0.83481141293926397 -0.74714972987907402 2.2035044783654372 1.8507010582666805 0.23439116368094184 -1.5935341124626223 1.0000000180025095e-35 -0.97848751613986107 1.0029032086305107 -2.0007174106499979 -2.4191332456680597 -1.7140280127617487 -1.1557548303589189 -0.14714230710300533 -0.042121200852521558 -1.601327027763549 -0.64164663963994173 -0.077162131084040408
decision_type=2 2 2 2 2 2 2 2 2 2 2 2 2 2 2 2 2 2 2
left_child=1 5 -3 4 10 7 -7 -1 9 -9 -4 -12 -13 14 -14 -16 17 -15 -19
right_child=-2 2 3 -5 -6 6 -8 8 -10 -11 11 12 13 16 15 -17 -18 18 -20
leaf_value=0.00034993607234075455 -0.00052224726262069547 0.0031097976322053003 0.00036020367905714528 0.00041397709687266294 -0.00060040887051616759 -0.00011228975724536992 -0.00080832923936293561 -0.00035223242406371151 -0.0003605211972259336 0.0003390610468737908 0.0004849478259447179 -0.00035062200997827063 -0.00031016476603492102 0.00024043425492709504 0.00050735338274130804 -5.1255675675097988e-05 -4.6329057615823845e-06 -0.0010516789588172985 -0.00010877373547373282
leaf_weight=65 78 40 78 72 42 70 57 45 166 77 44 83 44 50 135 70 8771 43 48
leaf_count=65 78 40 78 72 42 70 57 45 166 77 44 83 44 50 135 70 8771 43 48
internal_value=9.74291e-14 4.07353e-06 1.27641e-05 -3.03601e-07 -3.47412e-06 -0.000168289 -0.000424685 -7.60437e-05 -0.000172185 8.40758e-05 -7.97279e-07 -3.82894e-06 -6.15544e-06 -3.03452e-06 0.000205854 0.000316609 -8.87083e-06 -0.000272494 -0.000554322
internal_weight=10078 10000 9520 9480 9408 480 127 353 288 122 9366 9288 9244 9161 249 205 8912 141 91
internal_count=10078 10000 9520 9480 9408 480 127 353 288 122 9366 9288 9244 9161 249 205 8912 141 91
is_linear=0
shrinkage=0.05


Tree=48
num_leaves=20
num_cat=0
split_feature=3 1 12 6 9 6 0 2 9 12 9 2 7 3 2 2 7 8 7
split_gain=0.00868396 0.00566336 0.105473 0.00824478 0.00590985 0.00793728 0.00944105 0.00823018 0.00689986 0.00624908 0.00560778 0.00507547 0.00441102 0.00439355 0.0179748 0.00579692 0.00642312 0.00637033 0.00679196
threshold=2.2633028584769961 2.3169323743788852 2.2707458826104805 -0.50873784920340492 -0.4618228499576888 -0.58559914494956844 0.084830836422898473 0.28419548758395047 -0.35198488757652974 0.091969287143487274 -1.8713323396532056 -0.93828900328130871 -0.55403276944130186 1.1461049888134696 -0.55895162596058467 1.3464989805871503 0.40112925315597764 0.17047936512353981 -0.22282199365539176
decision_type=2 2 2 2 2 2 2 2 2 2 2 2 2 2 2 2 2 2 2
left_child=1 4 -3 -4 5 6 -1 9 11 -7 -11 -6 -12 -10 -15 16 17 18 -16
right_child=-2 2 3 -5 8 7 -8 -9 13 10 12 -13 -14 14 15 -17 -18 -19 -20
leaf_value=-0.0010008423694151654 -0.00061004449942566718 0.0022794801973570842 -0.00069076342764068008 -8.768063954339925e-07 0.0007791802499053555 0.00041725256344983107 -6.0484746256192656e-05 -0.00071726848380587239 5.957262257064867e-06 0.00024055609636145002 -0.00070705298378015869 0.00014556277960539298 -0.00012475954412700791 -0.0011703057844715658 0.00054137658016235738 -0.00061574404239763683 0.00044459133513555569 -0.00052635675657342063 -0.00015004701600469745
leaf_weight=56 58 53 48 443 46 74 51 44 8420 88 40 101 174 40 51 40 70 64 117
leaf_count=56 58 53 48 443 46 74 51 44 8420 88 40 101 174 40 51 40 70 64 117
internal_value=-8.96472e-13 3.53119e-06 0.000160418 -6.83199e-05 -5.47539e-06 -0.00016819 -0.000552635 -7.02487e-05 4.10678e-06 5.46635e-06 -9.54349e-05 0.000343838 -0.000233599 -1.56698e-06 -0.000167416 -5.01184e-05 2.47989e-05 -0.000101863 5.98494e-05
internal_weight=10078 10020 544 491 9476 527 107 420 8949 376 302 147 214 8802 382 342 302 232 168
internal_count=10078 10020 544 491 9476 527 107 420 8949 376 302 147 214 8802 382 342 302 232 168
is_linear=0
shrinkage=0.05


Tree=49
num_leaves=20
num_cat=0
split_feature=13 9 9 8 3 3 4 4 3 7 7 5 0 13 3 5 8 9 2
split_gain=0.00821856 0.00491557 0.139843 0.00796202 0.00496779 0.0050915 0.00371679 0.00428139 0.00382908 0.00548147 0.00767408 0.00550705 0.005048 0.00462925 0.00921871 0.00678762 0.00446097 0.00440988 0.00422736
threshold=-0.63758908041290896 -0.83481141293926397 -0.74714972987907402 -0.56634481110251333 2.2035044783654372 1.8507010582666805 -2.0007174106499979 -1.7140280127617487 -0.39563492343636408 1.3054319769553502 0.70416346255489259 -0.39201006358513762 -0.65565888177001785 -0.61855414694808453 -1.8514044349140655 -1.3614187331315795 -1.0418056939385207 -0.58163607936848472 -1.0445622332135474
decision_type=2 2 2 2 2 2 2 2 2 2 2 2 2 2 2 2 2 2 2
left_child=-1 3 -3 -2 5 6 -4 -8 9 10 13 -12 -10 14 -9 -15 -17 -14 -18
right_child=1 2 4 -5 -6 -7 7 8 12 -11 11 -13 17 15 -16 16 18 -19 -20
leaf_value=-0.00062099051646207892 0.00025921089986945598 0.0029610621197207368 0.00034152957985217938 -0.00026456148711837061 0.00041516656135979547 -0.00055392721787072901 -0.0003604116608282008 2.0217496187311331e-05 -0.00055163981451187281 -0.00035798998285679629 0.00083935739239677793 0.00021776114340501672 -0.00044504521376161321 -0.00062003272429137727 0.00096461089685817569 0.0004355571383391233 -0.00016920572990248539 -1.1041622477886431e-05 6.2046118914548085e-05
leaf_weight=53 91 40 78 358 71 42 84 73 44 74 50 124 59 40 40 68 241 7350 1098
leaf_count=53 91 40 78 358 71 42 84 73 44 74 50 124 59 40 40 68 241 7350 1098
internal_value=-2.72457e-12 3.28304e-06 1.08644e-05 -0.000158407 -1.51061e-06 -4.63624e-06 -2.18795e-06 -5.05686e-06 -1.83369e-06 6.34424e-05 8.14275e-05 0.000396381 -1.76688e-05 4.6298e-05 0.000354516 2.22285e-05 4.04875e-05 -1.44977e-05 2.04242e-05
internal_weight=10078 10025 9576 449 9536 9465 9423 9345 9261 1808 1734 174 7453 1560 113 1447 1407 7409 1339
internal_count=10078 10025 9576 449 9536 9465 9423 9345 9261 1808 1734 174 7453 1560 113 1447 1407 7409 1339
is_linear=0
shrinkage=0.05


Tree=50
num_leaves=20
num_cat=0
split_feature=3 10 2 10 13 0 12 9 6 3 5 5 9 3 10 13 9 9 2
split_gain=0.00833868 0.00583031 0.106267 0.0106489 0.0051815 0.00394397 0.00369449 0.00296146 0.00653954 0.00356398 0.00461897 0.00308294 0.0134051 0.00690871 0.0066642 0.00800495 0.00523324 0.00475936 0.00467595
threshold=2.2633028584769961 -1.271903600222595 0.33990933862367695 -1.5935341124626223 1.7909831879389473 -0.6536413704049967 1.5557808274031213 -0.74714972987907402 0.13416368400101009 -0.25886792403138109 -0.116582188910815 -1.4050127036164597 -0.15392058809844741 -1.8514044349140655 -0.083210884750331351 -0.62206167515333233 -0.072479502376431068 -0.062734707153578387 -0.96934309132130092
decision_type=2 2 2 2 2 2 2 2 2 2 2 2 2 2 2 2 2 2 2
left_child=1 2 3 4 6 -3 -1 8 9 -7 -11 12 -9 16 18 -16 -13 -17 -14
right_child=-2 5 -4 -5 -6 7 -8 11 -10 10 -12 13 14 -15 15 17 -18 -19 -20
leaf_value=5.1165254502241929e-05 -0.00059779373124033087 0.00035253191701674764 0.0025969309791945283 -0.0006427820280805463 -0.00029729003216683248 -0.00077353728542575706 0.00056272488279500985 0.00097228616558463427 0.00034321475497563371 -0.00056005766350103339 0.00016901563233529619 -0.000658118182753908 5.4570664652537957e-05 -3.2660423120823628e-06 0.00077662727206188724 0.00040945533056822945 5.1366593461574577e-05 -0.00027258641324913376 -0.00066334033526042435
leaf_weight=120 58 77 41 72 75 41 50 43 40 45 42 71 43 9017 45 41 41 68 48
leaf_count=120 58 77 41 72 75 41 50 43 40 45 42 71 43 9017 45 41 41 68 48
internal_value=-6.03361e-13 3.46028e-06 0.000201601 -0.000108205 4.88952e-05 -3.8813e-06 0.000201624 -6.74451e-06 -0.000214824 -0.000389211 -0.000208091 -3.03236e-06 0.000158037 -8.11373e-06 1.51274e-05 0.000215585 -0.000398396 -1.60386e-05 -0.000324108
internal_weight=10078 10020 358 317 245 9662 170 9585 168 128 87 9417 288 9129 245 154 112 109 91
internal_count=10078 10020 358 317 245 9662 170 9585 168 128 87 9417 288 9129 245 154 112 109 91
is_linear=0
shrinkage=0.05


Tree=51
num_leaves=20
num_cat=0
split_feature=0 13 5 9 2 9 6 0 0 0 7 5 0 5 10 10 1 6 12
split_gain=0.00806598 0.00528917 0.111106 0.00665199 0.00942959 0.00871385 0.00844832 0.00767614 0.00622462 0.00586862 0.00569847 0.00756731 0.00472022 0.00409173 0.00382017 0.00736141 0.0165408 0.0134168 0.00744527
threshold=3.3289260641467391 2.4431102656536994 0.29181914387176749 -0.41547954674579268 0.33990933862367695 -0.35198488757652974 -0.58559914494956844 0.084830836422898473 0.071275681939162616 2.5091859776465864 -0.90948533711609347 -0.67735766644545314 -0.6536413704049967 2.3358588627768757 -0.094318289788807505 -0.10223601904736289 -0.64113917420083599 -0.58559914494956844 -0.62555460984439071
decision_type=2 2 2 2 2 2 2 2 2 2 2 2 2 2 2 2 2 2 2
left_child=1 3 9 4 6 8 7 -1 -5 -3 -8 -12 -7 14 15 18 -17 -18 -14
right_child=-2 2 -4 5 -6 12 10 -9 -10 -11 11 -13 13 -15 -16 16 17 -19 -20
leaf_value=-0.0008771572764332329 -0.00051315429128156835 -0.00071467389422468853 0.0019441329296656378 0.0009338387103237371 -0.00083020741846982619 0.0003769002491289172 0.00055004159630265182 -6.3201760784587746e-05 0.00016582752225469843 -0.00012512350700604168 -0.00061208656805791654 2.6400910364552122e-05 0.00027322695300879227 -0.00039118278860470715 1.9882173257311245e-05 -0.0010949355133029798 0.00063759938656151834 -0.00032536492963425534 -5.6024602962786164e-05
leaf_weight=60 76 50 73 41 49 83 42 56 74 271 54 330 191 67 6605 53 47 157 1699
leaf_count=60 76 50 73 41 49 83 42 56 74 271 54 330 191 67 6605 53 47 157 1699
internal_value=-1.85644e-12 3.89919e-06 0.000183451 -3.46376e-06 -0.000165969 7.18728e-06 -0.000105918 -0.000484213 0.00043964 -0.000216954 -2.90758e-06 -6.33864e-05 1.60066e-06 -1.93147e-06 1.0484e-06 -5.68915e-05 -0.000307964 -0.000103506 -2.2751e-05
internal_weight=10078 10002 394 9608 591 9017 542 116 115 321 426 384 8902 8819 8752 2147 257 204 1890
internal_count=10078 10002 394 9608 591 9017 542 116 115 321 426 384 8902 8819 8752 2147 257 204 1890
is_linear=0
shrinkage=0.05


Tree=52
num_leaves=20
num_cat=0
split_feature=1 13 3 6 9 2 9 6 12 12 3 3 6 6 3 10 7 7 4
split_gain=0.00810883 0.131133 0.0195721 0.0108769 0.00592567 0.00854803 0.00758712 0.00977897 0.00750185 0.00522155 0.00518688 0.00585126 0.00494775 0.0101756 0.00400057 0.00359149 0.00345456 0.00430167 0.00440008
threshold=2.3762423975743672 2.3094612728998838 0.56108932438482739 -0.50873784920340492 -0.58163607936848472 0.1648201332793458 -1.8713323396532056 -0.62508514766702672 0.091969287143487274 2.3274988156197214 2.2035044783654372 1.8507010582666805 -0.21713672117021246 0.23438672070315966 -0.20616588506090303 -1.1274452300180025 -2.4191332456680597 -2.0003629416964892 -2.0007174106499979
decision_type=2 2 2 2 2 2 2 2 2 2 2 2 2 2 2 2 2 2 2
left_child=1 4 3 -2 5 6 14 -8 -9 -5 11 16 -10 -14 -1 -11 -6 -18 -19
right_child=2 -3 -4 9 10 -7 7 8 12 15 -12 -13 13 -15 -16 -17 17 18 -20
leaf_value=0.00064404526754515247 -0.00088038763099509043 0.0024227636564709038 -0.0012423142326552785 -0.00050205484640329417 0.0004366477072440118 -0.00079510568245314071 -0.00079003786511690601 0.00041660048591438684 0.00016242281745466896 -0.00040415145879861238 0.0004307782164738763 -0.00059421694485780154 -0.00073262168937884885 0.00019721398142994278 2.7665176996568145e-05 9.1870189625987262e-05 -0.00049665663826217071 0.00039123448308825193 1.4378082076022403e-06
leaf_weight=40 41 56 41 51 46 50 63 56 53 41 71 41 85 45 77 332 43 73 8773
leaf_count=40 41 56 41 51 46 50 63 56 53 41 71 41 85 45 77 332 43 73 8773
internal_value=-7.41283e-13 1.03118e-05 -0.000195069 -0.000102731 -3.88502e-06 -0.000177177 -0.000103438 -0.000235869 -8.97915e-05 -2.75333e-05 5.09848e-06 1.73136e-06 -0.000244753 -0.000410755 0.000238393 3.73477e-05 4.46598e-06 2.22947e-06 4.65453e-06
internal_weight=10078 9572 506 465 9516 469 419 302 239 424 9047 8976 183 130 117 373 8935 8889 8846
internal_count=10078 9572 506 465 9516 469 419 302 239 424 9047 8976 183 130 117 373 8935 8889 8846
is_linear=0
shrinkage=0.05


Tree=53
num_leaves=20
num_cat=0
split_feature=3 10 10 2 13 9 7 5 7 7 7 8 8 4 13 1 6 13 9
split_gain=0.00804583 0.00596552 0.106482 0.00833769 0.00365168 0.00460105 0.00360228 0.00357958 0.00300135 0.00432479 0.00412301 0.00313609 0.0130846 0.00374115 0.00411414 0.00863865 0.00737044 0.00673136 0.00821861
threshold=2.2633028584769961 -1.271903600222595 -1.4258181616239864 0.19157043859801193 1.7909831879389473 -1.8713323396532056 -0.199440184730306 -2.1803992616680898 -2.4191332456680597 -2.0003629416964892 -1.8444489091597831 1.9680144247550422 1.820952054140776 2.3360988560421032 -0.62897706731583081 -0.65090788390362142 -2.000386027369053 -0.61855414694808453 -0.10962492756198101
decision_type=2 2 2 2 2 2 2 2 2 2 2 2 2 2 2 2 2 2 2
left_child=1 2 3 4 5 6 -1 -3 -9 -10 -11 12 13 14 15 -12 -16 18 -18
right_child=-2 7 -4 -5 -6 -7 -8 8 9 10 11 -13 -14 -15 16 -17 17 -19 -20
leaf_value=0.0006767557246106057 -0.0005872027938462923 0.00036866708003309158 0.0026351903307659085 -0.00077695837171631865 -0.00028750085229496762 -0.00014422272352119332 8.2814551101133272e-05 0.00039206601931971125 -0.00050303879883854688 0.00050037587461702058 -3.4927606867212393e-05 0.00026341105879206834 -0.00091375642692582927 0.0004195666869396947 -0.00063501707678053363 -0.00064849165333348004 0.00068152224211284632 -1.2340594012922753e-05 9.51040180797483e-05
leaf_weight=45 58 64 40 40 81 93 59 47 44 40 225 105 40 51 46 77 67 8304 552
leaf_count=45 58 64 40 40 81 93 59 47 44 40 225 105 40 51 46 77 67 8304 552
internal_value=-9.67599e-13 3.39898e-06 0.000203824 -0.000102008 -4.89286e-06 0.000111306 0.000339808 -4.02725e-06 -6.5124e-06 -8.47378e-06 -6.18485e-06 -8.32518e-06 -1.13728e-05 -7.50079e-06 -9.8501e-06 -0.000191366 -3.73817e-06 -4.83793e-07 0.000158577
internal_weight=10078 10020 358 318 278 197 104 9662 9598 9551 9507 9467 9362 9322 9271 302 8969 8923 619
internal_count=10078 10020 358 318 278 197 104 9662 9598 9551 9507 9467 9362 9322 9271 302 8969 8923 619
is_linear=0
shrinkage=0.05


Tree=54
num_leaves=20
num_cat=0
split_feature=13 13 12 6 9 2 1 9 6 3 5 4 3 3 6 6 10 4 4
split_gain=0.00775457 0.00510469 0.107873 0.00823208 0.00589706 0.00886987 0.00575891 0.00626173 0.00540488 0.00504756 0.00448721 0.00554221 0.00422911 0.00351673 0.00597871 0.00342678 0.00323474 0.0029418 0.00337413
threshold=-0.63758908041290896 2.4431102656536994 2.3274988156197214 -0.50873784920340492 -0.58163607936848472 0.1648201332793458 -0.11052062443590387 -1.3694125011878031 0.21271378239303629 2.2035044783654372 -0.62500118551742478 -0.47051290323291356 1.8507010582666805 -0.22758129560243759 -0.18672065868171797 -0.12796659769097288 -1.1274452300180025 -2.0007174106499979 -1.7140280127617487
decision_type=2 2 2 2 2 2 2 2 2 2 2 2 2 2 2 2 2 2 2
left_child=-1 4 -3 -4 5 6 -2 10 13 12 -8 -12 17 -9 -15 -13 -5 -6 -19
right_child=1 2 3 16 9 -7 7 8 -10 -11 11 15 -14 14 -16 -17 -18 18 -20
leaf_value=-0.00060320637521898502 0.0004642526307725348 0.0025509288801194366 -0.00073292308665005238 -0.00042865027775405905 0.00030893365068902334 -0.00083780340096184416 -0.0004501286806771532 -0.00093579117636268395 9.8380017897863764e-05 0.00042709058813280925 0.00063340125623920077 -0.00028571909807865406 -0.00049969563108225848 6.2912438588682567e-05 -0.00079628750369543358 0.00022982503379887295 4.6551595443699029e-05 -0.00031677828391618378 3.5130296934148641e-06
leaf_weight=53 40 43 43 40 78 46 42 42 41 70 41 66 42 40 41 63 342 83 8822
leaf_count=53 40 43 43 40 78 46 42 42 41 70 41 66 42 40 41 63 342 83 8822
internal_value=1.90026e-12 3.18902e-06 0.000164421 -7.70378e-05 -4.70639e-06 -0.00017897 -0.000106118 -0.000166796 -0.000398786 4.14572e-06 1.26678e-05 0.000127006 8.65259e-07 -0.000564508 -0.000371991 -3.39417e-05 -3.20776e-06 3.20563e-06 5.2772e-07
internal_weight=10078 10025 468 425 9557 462 416 376 164 9095 212 170 9025 123 81 129 382 8983 8905
internal_count=10078 10025 468 425 9557 462 416 376 164 9095 212 170 9025 123 81 129 382 8983 8905
is_linear=0
shrinkage=0.05


Tree=55
num_leaves=20
num_cat=0
split_feature=3 10 2 10 13 5 12 5 7 7 7 7 4 4 6 12 7 4 4
split_gain=0.00776136 0.00583412 0.10534 0.0109074 0.00395406 0.00322564 0.00309947 0.00295234 0.00271793 0.00388235 0.00373291 0.00297188 0.00322738 0.00570122 0.0040294 0.013501 0.0159722 0.0198282 0.0131093
threshold=2.2633028584769961 -1.271903600222595 0.33990933862367695 -1.5935341124626223 1.7909831879389473 -2.1803992616680898 1.5944688452152564 -0.29603256963454461 -2.4191332456680597 -2.0003629416964892 -1.8444489091597831 -1.601327027763549 1.9684681551984033 1.5421315123950921 -0.36771050378283665 -0.51497594066304575 0.16080583640810775 -0.41863851198055529 -0.7400953547294794
decision_type=2 2 2 2 2 2 2 2 2 2 2 2 2 2 2 2 2 2 2
left_child=1 2 3 4 6 -3 7 -1 -7 -10 -11 -12 13 14 15 18 -17 -18 -13
right_child=-2 5 -4 -5 -6 8 -8 -9 9 10 11 12 -14 -15 -16 16 17 -19 -20
leaf_value=0.00040259890593228107 -0.00057672864500561672 0.00034978399125975559 0.0025864079989288457 -0.00064793461226347274 -0.0002503274943834792 0.00037292811748363634 0.0005360320365624553 -0.00011600188104732451 -0.00047681639037116174 0.00047593907831469553 -0.00031348744806460743 0.00043733755142301981 0.00028755456313706175 -0.00036465329826528394 1.2673926265525737e-05 -7.0748009659837404e-05 -0.0015634745654520079 -0.00036840536159110751 -3.8242227701339626e-05
leaf_weight=41 58 64 41 72 75 47 46 83 44 40 79 167 93 111 7299 400 43 180 1095
leaf_count=41 58 64 41 72 75 47 46 83 44 40 79 167 93 111 7299 400 43 180 1095
internal_value=1.80294e-12 3.33835e-06 0.000201544 -0.000106908 5.2087e-05 -4.00564e-06 0.000185505 5.5471e-05 -6.36473e-06 -8.23121e-06 -6.06252e-06 -8.09907e-06 -5.52923e-06 -8.46164e-06 -4.15663e-06 -6.9327e-05 -0.000259778 -0.000598845 2.46911e-05
internal_weight=10078 10020 358 317 245 9662 170 124 9598 9551 9507 9467 9388 9295 9184 1885 623 223 1262
internal_count=10078 10020 358 317 245 9662 170 124 9598 9551 9507 9467 9388 9295 9184 1885 623 223 1262
is_linear=0
shrinkage=0.05


Tree=56
num_leaves=20
num_cat=0
split_feature=2 10 0 0 9 2 6 10 6 13 0 5 5 5 3 6 9 9 10
split_gain=0.00763381 0.0274582 0.00503777 0.135557 0.00609268 0.00950298 0.00599134 0.00583182 0.00764791 0.00581326 0.00429338 0.00529436 0.00957106 0.00615327 0.00391029 0.00383989 0.00366604 0.00351016 0.00429892
threshold=2.1258578833507764 -0.027555866202515249 2.3632946870634952 2.4334032069979794 -0.58163607936848472 0.22556839281835969 -0.50873784920340492 -1.5935341124626223 -0.62508514766702672 1.258105591436441 -0.6536413704049967 2.4355531428607855 1.9682838616689831 1.8211950174773925 -0.25886792403138109 1.0000000180025095e-35 1.9706949481000062 -0.31298046229098675 -0.094318289788807505
decision_type=2 2 2 2 2 2 2 2 2 2 2 2 2 2 2 2 2 2 2
left_child=2 -2 4 -4 5 7 -5 14 -9 15 -6 12 13 17 -1 -10 -8 -12 -19
right_child=1 -3 3 6 10 -7 16 8 9 -11 11 -13 -14 -15 -16 -17 -18 18 -20
leaf_value=0.00043589686014456675 2.4588183013818221e-05 -0.0013927591410497877 0.0029528161659254696 -0.00064296514180970797 0.00037886630891151003 -0.000875430408764673 -8.8116996103672048e-05 -0.00077967876513866945 0.00039610946030798163 -0.00046686590892383958 0.00017795148843659619 -0.00053707032598645631 0.00069645918748574337 -0.00058708699705841197 -4.97797004143975e-05 -0.00017244168695411177 0.00031281219176515366 -6.3002837965848407e-05 2.0193533576737716e-05
leaf_weight=60 142 45 40 43 77 44 353 56 57 73 286 45 50 44 134 62 68 2056 6343
leaf_count=60 142 45 40 43 77 44 353 56 57 73 286 45 50 44 134 62 68 2056 6343
internal_value=8.67523e-13 -0.000316485 5.98348e-06 0.000159982 -2.28491e-06 -0.000174675 -8.07792e-05 -0.000104916 -0.00026555 -0.000115596 7.12769e-06 3.88382e-06 6.65668e-06 2.70547e-06 0.00010043 9.98895e-05 -2.33588e-05 5.69348e-06 -1.72193e-07
internal_weight=10078 187 9891 504 9387 486 464 442 248 192 8901 8824 8779 8729 194 119 421 8685 8399
internal_count=10078 187 9891 504 9387 486 464 442 248 192 8901 8824 8779 8729 194 119 421 8685 8399
is_linear=0
shrinkage=0.05


Tree=57
num_leaves=20
num_cat=0
split_feature=1 13 3 6 12 9 9 2 6 0 0 7 5 0 5 10 12 10 1
split_gain=0.00764368 0.11399 0.0169685 0.00810437 0.00676419 0.00526128 0.00755356 0.00704289 0.0059212 0.00702551 0.00553626 0.00490737 0.00714964 0.00384882 0.0038939 0.0036746 0.00328828 0.00323824 0.00724854
threshold=2.3762423975743672 2.3094612728998838 0.56108932438482739 -0.50873784920340492 2.3274988156197214 -0.41547954674579268 -0.35198488757652974 0.33990933862367695 -0.58559914494956844 0.084830836422898473 0.071275681939162616 -0.90948533711609347 -0.67735766644545314 -0.6536413704049967 2.3358588627768757 -0.088163522001836039 0.11112887805934991 -0.094318289788807505 -0.64113917420083599
decision_type=2 2 2 2 2 2 2 2 2 2 2 2 2 2 2 2 2 2 2
left_child=1 5 3 -2 -5 7 10 8 9 -1 -7 -10 -13 15 17 -8 -14 18 -15
right_child=2 -3 -4 4 -6 6 13 -9 11 -11 -12 12 16 14 -16 -17 -18 -19 -20
leaf_value=-0.00078802943888528422 -0.00077467976663639295 0.0022592443343975384 -0.0011644942010894828 -0.00057859218126681054 3.534135148364579e-05 0.00087481923057078728 0.0006847092221141794 -0.00073037748443312018 0.00050394305095930283 -1.9095625450265493e-06 0.00015051796530118542 -0.00060960740418242784 0.00040912578065701303 -0.00034839437415044698 -0.00038492322837004343 1.8899711561294512e-05 -4.4799029950754078e-05 1.8081540697323854e-05 -2.4148760585072046e-05
leaf_weight=60 41 56 41 51 373 41 40 48 42 54 74 52 47 189 66 43 264 6538 1958
leaf_count=60 41 56 41 51 373 41 40 48 42 54 74 52 47 189 66 43 264 6538 1958
internal_value=6.23706e-13 1.00117e-05 -0.000189391 -0.000103415 -3.85044e-05 -3.22464e-06 6.13357e-06 -0.000150926 -9.73351e-05 -0.000415657 0.000408747 -7.73336e-06 -6.69356e-05 8.92396e-07 -2.32175e-06 0.000339772 2.38005e-05 5.85757e-07 -5.2692e-05
internal_weight=10078 9572 506 465 424 9516 8949 567 519 114 115 405 363 8834 8751 83 311 8685 2147
internal_count=10078 9572 506 465 424 9516 8949 567 519 114 115 405 363 8834 8751 83 311 8685 2147
is_linear=0
shrinkage=0.05


Tree=58
num_leaves=20
num_cat=0
split_feature=10 13 6 12 9 2 9 6 6 6 3 3 4 3 10 5 6 2 1
split_gain=0.00728561 0.00550499 0.118534 0.00975925 0.00485468 0.00794789 0.00584409 0.00739969 0.00556576 0.00526302 0.00524533 0.00387219 0.00375369 0.00304426 0.00300892 0.00293368 0.00814216 0.00758234 0.00671732
threshold=2.859936849945441 2.4431102656536994 -0.51912102639675706 2.3274988156197214 -0.58163607936848472 0.22556839281835969 -1.8713323396532056 -0.62508514766702672 -0.32301895116780738 -0.037802822951561225 2.2035044783654372 1.8507010582666805 -0.023007103704364127 -0.37226211799362335 -1.1274452300180025 0.24434790552499944 -1.8445021636045424 -1.3865461117913978 -0.64278843687792964
decision_type=2 2 2 2 2 2 2 2 2 2 2 2 2 2 2 2 2 2 2
left_child=1 4 -3 -4 5 6 12 -8 -9 -10 11 15 -1 -11 -5 16 18 -17 -6
right_child=-2 2 3 14 10 -7 7 8 9 13 -12 -13 -14 -15 -16 17 -18 -19 -20
leaf_value=-2.3349645593560039e-05 -0.00048135827140028531 0.0027363197643042927 -0.00082882731912832248 -0.00041331088505103253 0.00088699452683854642 -0.00079827328458618888 -0.00069514115404297003 0.00039508585665923123 -0.00055142838623076283 0.00034614589421835264 0.00043222326251926579 -0.00047819908319243472 0.00052759384777164089 -0.00017303003198776423 4.7139126983927981e-05 -0.00071221167172119584 1.3095606169088234e-05 -3.3966196512369406e-05 1.375169254060893e-05
leaf_weight=81 78 41 40 40 49 44 63 48 71 40 71 42 50 96 314 42 6646 2182 40
leaf_count=81 78 41 40 40 49 44 63 48 71 40 71 42 50 96 314 42 6646 2182 40
internal_value=-7.54497e-13 3.75459e-06 0.000177713 -8.85377e-05 -4.15675e-06 -0.000156961 -9.41155e-05 -0.000209894 -9.00092e-05 -0.000202495 4.14711e-06 7.70437e-07 0.000186934 -2.03312e-05 -4.88912e-06 3.01586e-06 1.94575e-05 -4.67748e-05 0.000494526
internal_weight=10078 10000 435 394 9565 493 449 318 255 207 9072 9001 131 136 354 8959 6735 2224 89
internal_count=10078 10000 435 394 9565 493 449 318 255 207 9072 9001 131 136 354 8959 6735 2224 89
is_linear=0
shrinkage=0.05


Tree=59
num_leaves=20
num_cat=0
split_feature=3 10 2 10 13 5 5 13 1 6 4 6 4 1 3 12 7 13 4
split_gain=0.0073934 0.00589001 0.102263 0.00891413 0.00384797 0.00292389 0.00276981 0.00276968 0.0137883 0.00413596 0.00266356 0.00882991 0.00634479 0.00730363 0.0065551 0.00585906 0.0050579 0.01372 0.00463802
threshold=2.2633028584769961 -1.271903600222595 0.33990933862367695 -1.5935341124626223 1.7909831879389473 -2.1803992616680898 -0.19695481492883571 2.4068245133561974 2.4279800849206938 -0.43705394805014619 1.3049345252317759 0.85320925089569621 1.9684681551984033 -0.63660370183882853 -0.58636492207407287 -0.6303629123596034 -1.8444489091597831 -0.62238218151758973 1.1343769495584424
decision_type=2 2 2 2 2 2 2 2 2 2 2 2 2 2 2 2 2 2 2
left_child=1 2 3 4 6 -3 -1 10 -9 -10 16 12 13 15 -15 -12 17 -7 -18
right_child=-2 5 -4 -5 -6 7 -8 8 9 -11 11 -13 -14 14 -16 -17 18 -19 -20
leaf_value=0.00041507282148813831 -0.00056289144689297503 0.00033271441143369886 0.0025521865049973357 -0.00059060199827298582 -0.00025609801175839191 0.00081343072106112517 4.9907366192201154e-06 -0.0010142436722162529 -0.00050297006081416126 1.6488621960775165e-05 -0.00013266037476569181 -0.00079672680519913489 0.00031513367071359728 0.00051560020947459984 -0.00019081447763051284 -0.00098321936625657912 -3.4468238414991427e-06 -0.00028824606898706409 0.00032627218316284368
leaf_weight=70 58 64 41 72 75 65 100 40 43 352 40 44 90 47 109 41 8569 50 108
leaf_count=70 58 64 41 72 75 65 100 40 43 352 40 44 90 47 109 41 8569 50 108
internal_value=6.31796e-13 3.25825e-06 0.000202411 -0.000101503 4.22319e-05 -4.12083e-06 0.000173848 -6.36686e-06 -0.00012964 -4.006e-05 -5.14643e-07 -0.000131746 -4.2269e-05 -0.000177991 2.20156e-05 -0.00056319 5.023e-06 0.000334441 6.57089e-07
internal_weight=10078 10020 358 317 245 9662 170 9598 435 395 9163 371 327 237 156 81 8792 115 8677
internal_count=10078 10020 358 317 245 9662 170 9598 435 395 9163 371 327 237 156 81 8792 115 8677
is_linear=0
shrinkage=0.05


Tree=60
num_leaves=20
num_cat=0
split_feature=13 8 8 3 10 3 13 2 9 6 3 4 3 13 3 2 0 4 2
split_gain=0.00719254 0.00487457 0.182534 0.0159811 0.00999782 0.00913226 0.0078113 0.00688516 0.00867363 0.00655333 0.00728913 0.00632385 0.00551739 0.00487345 0.00421483 0.00685054 0.00512097 0.00456452 0.00384535
threshold=-0.63758908041290896 -0.15398034520719275 -0.16387675637159435 1.7016580215816062 -1.271903600222595 1.2876091594032757 -0.61741098291424834 -0.96934348071067311 -0.087064142440818559 0.38499630265859985 -0.75925612676612964 0.58051712666146249 -0.12196815910098313 -0.6214850616055847 -2.0173113287551172 -0.96934309132130092 -0.65565888177001785 -2.1808436304612493 1.3669940452632414
decision_type=2 2 2 2 2 2 2 2 2 2 2 2 2 2 2 2 2 2 2
left_child=-1 2 3 5 12 6 7 -2 -9 18 -11 -12 -3 -10 15 -6 -16 -18 -8
right_child=1 4 -4 -5 14 -7 9 8 13 10 11 -13 -14 -15 16 -17 17 -19 -20
leaf_value=-0.00058093591369298638 -0.00023382127496006434 -6.6017361247136969e-05 0.0032180435206585877 0.00096351723565698372 0.00081557636382058275 -0.00070653353028003198 -5.0338265316677785e-05 0.00110535735539521 -0.00014595170931749825 0.00068113172797232193 0.00014914721607505225 -0.0003586500240670729 -0.00062879919580297484 0.00062081447180389665 -0.00054494915452475343 -9.8715338806089554e-05 -0.0005009197685409318 -6.507369960882162e-06 -0.00050824444779402954
leaf_weight=53 40 76 45 43 40 46 1871 42 43 55 413 72 102 40 45 42 47 6916 47
leaf_count=53 40 76 45 43 40 46 1871 42 43 55 413 72 102 40 45 42 47 6916 47
internal_value=-1.16029e-12 3.07128e-06 5.96802e-05 7.27374e-06 -1.84024e-05 -8.13221e-06 4.11577e-06 0.000337144 0.000519853 -1.82397e-05 0.000135625 7.37629e-05 -0.00038851 0.000223574 -9.11056e-06 0.000347281 -1.32807e-05 -9.84464e-06 -6.15591e-05
internal_weight=10078 10025 2757 2712 7268 2669 2623 165 125 2458 540 485 178 83 7090 82 7008 6963 1918
internal_count=10078 10025 2757 2712 7268 2669 2623 165 125 2458 540 485 178 83 7090 82 7008 6963 1918
is_linear=0
shrinkage=0.05


Tree=61
num_leaves=20
num_cat=0
split_feature=3 10 10 10 2 0 2 9 0 8 13 13 10 13 5 13 12 10 6
split_gain=0.0070843 0.0121902 0.00578203 0.10283 0.00943839 0.00291176 0.0031947 0.00403966 0.00270254 0.00258077 0.00424386 0.00386792 0.0208179 0.00897822 0.0132675 0.00948474 0.00681477 0.00792506 0.006742
threshold=2.0281924438166299 -0.078798962313043494 -1.271903600222595 -1.4258181616239864 0.19157043859801193 1.9323038217108532 -0.41307212695181011 -1.8713323396532056 -0.6536413704049967 -1.9998554896922378 -0.62655689229116629 -0.62897706731583081 -0.098477000520430152 -0.62356783545283989 1.2549781014614003 -0.62308053297847554 -0.63476861699377751 -0.090254504215507972 1.8211141367489185
decision_type=2 2 2 2 2 2 2 2 2 2 2 2 2 2 2 2 2 2 2
left_child=2 -2 3 4 5 6 7 -1 -4 10 -10 12 -11 14 16 -15 -13 -18 -17
right_child=1 -3 8 -5 -6 -7 -8 -9 9 11 -12 13 -14 15 -16 18 17 -19 -20
leaf_value=0.00019965717125473099 0.00010952686159567827 -0.0010761439674530355 0.00029162120254704271 0.0025903952210501301 -0.00081788892886834228 -0.00026475196809278224 0.00045805833856320537 -0.00032138271762373587 9.466106616855541e-05 -0.0012417989890309402 -0.00061316044372991508 0.00016210467916835116 -1.7460190073793993e-05 -0.00077474972312302276 -0.0005070147629932921 -7.0908089932820398e-06 0.00022454778873855867 0.0010375445680108608 0.00047217390829983573
leaf_weight=93 46 41 77 40 40 74 48 62 40 40 45 128 263 40 46 8759 53 69 74
leaf_count=93 46 41 77 40 40 74 48 62 40 40 45 128 263 40 46 8759 53 69 74
internal_value=5.53137e-13 -0.000449238 3.91189e-06 0.000201506 -9.99306e-05 3.74564e-06 0.000101622 -8.75878e-06 -3.41023e-06 -5.78727e-06 -0.000280068 -3.32593e-06 -0.000179089 2.48237e-06 0.000273373 -6.55444e-06 0.000416964 0.000684357 -3.07569e-06
internal_weight=10078 87 9991 357 317 277 203 155 9634 9557 85 9472 303 9169 296 8873 250 122 8833
internal_count=10078 87 9991 357 317 277 203 155 9634 9557 85 9472 303 9169 296 8873 250 122 8833
is_linear=0
shrinkage=0.05


Tree=62
num_leaves=20
num_cat=0
split_feature=0 13 6 12 10 2 10 3 3 5 5 4 10 10 2 3 10 12 13
split_gain=0.0070034 0.00512846 0.103338 0.00769973 0.00516237 0.00920187 0.00826865 0.00537484 0.00387988 0.00273259 0.00357694 0.00547309 0.00253361 0.00942941 0.00695388 0.00566228 0.0117982 0.00511394 0.00669955
threshold=3.3289260641467391 2.4431102656536994 -0.51912102639675706 2.3274988156197214 -1.1274452300180025 0.22556839281835969 -1.4258181616239864 2.2035044783654372 1.8507010582666805 -0.59452454500561791 0.33370954678576492 -0.23925772828964731 -0.081438491283628012 -0.074165470047001622 -1.5084221926489296 0.86544544220223918 -0.1596135765908481 -0.64367776320973435 -0.63302770213270887
decision_type=2 2 2 2 2 2 2 2 2 2 2 2 2 2 2 2 2 2 2
left_child=1 4 -3 -4 5 6 9 8 12 -1 11 -11 15 -14 -15 17 -17 -6 -19
right_child=-2 2 3 -5 7 -7 -8 -9 -10 10 -12 -13 13 14 -16 16 -18 18 -20
leaf_value=-0.00033061796792026147 -0.00047816069253665204 0.0024939455265899427 -0.00075597216391997801 -1.9000147455035491e-05 -0.00044838838152895391 -0.00087800320898802668 -0.00058116571105047644 0.00043376618268666791 -0.00047375941808135141 0.0006423644407833409 -0.00027265242851254616 1.1957898141669209e-05 0.00027348171131800293 0.00043452867458233991 -1.4096595582393218e-06 0.00021085906885894695 -0.00058339249629593335 0.0005119021295986833 -1.7795154516784572e-05
leaf_weight=40 76 43 40 311 67 43 68 72 43 54 44 95 349 93 5590 74 127 61 2788
leaf_count=40 76 43 40 311 67 43 68 72 43 54 44 95 349 93 5590 74 127 61 2788
internal_value=-3.37831e-14 3.63329e-06 0.000180436 -0.000102986 -3.61694e-06 -0.000193811 -9.60698e-05 3.44556e-06 7.48992e-08 4.55032e-05 0.000123456 0.000240427 2.3019e-06 2.12162e-05 5.7243e-06 -3.4301e-05 -0.000290981 -1.6608e-05 -6.45379e-06
internal_weight=10078 10002 394 351 9608 344 301 9264 9192 233 193 149 9149 6032 5683 3117 201 2916 2849
internal_count=10078 10002 394 351 9608 344 301 9264 9192 233 193 149 9149 6032 5683 3117 201 2916 2849
is_linear=0
shrinkage=0.05


Tree=63
num_leaves=20
num_cat=0
split_feature=1 0 3 6 12 9 2 3 9 6 12 6 6 3 4 10 4 4 4
split_gain=0.00699355 0.108311 0.0157986 0.012161 0.00466671 0.00462412 0.00679756 0.00499099 0.00461878 0.00709687 0.00570417 0.00459657 0.00865561 0.00406147 0.00349294 0.00286685 0.00272992 0.00304297 0.00363327
threshold=2.3762423975743672 2.3297535606200186 0.56108932438482739 -0.50873784920340492 2.3274988156197214 -0.58163607936848472 0.1648201332793458 2.2035044783654372 -1.8713323396532056 -0.62508514766702672 0.091969287143487274 -0.19703823787756389 0.23438672070315966 1.8507010582666805 -0.015884804748980897 -0.47787473419587145 -2.0007174106499979 -1.7140280127617487 -1.1557548303589189
decision_type=2 2 2 2 2 2 2 2 2 2 2 2 2 2 2 2 2 2 2
left_child=1 5 3 -2 -5 6 8 13 14 -10 -11 -12 -13 16 -1 -6 -7 -18 -19
right_child=2 -3 -4 4 15 7 -8 -9 9 10 11 12 -14 -15 -16 -17 17 18 -20
leaf_value=-2.0171750580438562e-05 -0.00092047859240953654 0.00240393409503474 -0.0011220479517693846 -0.00046728750064229481 -0.00019787043888999341 0.00029918177421607724 -0.00070626095723127949 0.00042326449199118913 -0.00066447112046247759 0.00037367930427925394 0.00015744871168863028 -0.00068700677185006508 0.00017980070564792389 -0.00049410940626374927 0.00055707025734591292 0.00012253995557719985 -0.00029924243798774689 0.00019398119337955746 -5.3931492927902887e-07
leaf_weight=76 41 47 41 51 93 78 50 71 63 56 60 80 45 41 40 280 83 247 8535
leaf_count=76 41 47 41 51 93 78 50 71 63 56 60 80 45 41 40 280 83 247 8535
internal_value=2.18965e-12 9.57648e-06 -0.000181158 -9.8198e-05 -1.8685e-05 -2.2382e-06 -0.000155152 5.6988e-06 -8.9544e-05 -0.000191968 -6.84504e-05 -0.000202284 -0.000374956 2.39881e-06 0.000178877 4.26521e-05 4.67509e-06 2.08383e-06 4.93171e-06
internal_weight=10078 9572 506 465 424 9525 470 9055 420 304 241 185 125 8984 116 373 8943 8865 8782
internal_count=10078 9572 506 465 424 9525 470 9055 420 304 241 185 125 8984 116 373 8943 8865 8782
is_linear=0
shrinkage=0.05


Tree=64
num_leaves=20
num_cat=0
split_feature=3 13 10 2 10 13 1 5 13 6 12 0 5 7 6 13 4 10 6
split_gain=0.00730109 0.0126207 0.00574053 0.10018 0.00907193 0.00306435 0.0028014 0.00294732 0.00267538 0.00784639 0.00824142 0.00328548 0.0025614 0.00939418 0.00598221 0.0151261 0.00844732 0.00745407 0.00739639
threshold=2.0281924438166299 -0.6214850616055847 -1.271903600222595 0.33990933862367695 -1.5935341124626223 1.7909831879389473 0.8246747466560741 -0.081289127149132806 2.3094612728998838 -0.49787613942545 2.3274988156197214 2.3632946870634952 0.25644836124383702 -1.4228305123132767 -0.6253623376104035 -0.62356783545283989 -0.71701195141716934 -0.26491287740211672 -0.35685845569837754
decision_type=2 2 2 2 2 2 2 2 2 2 2 2 2 2 2 2 2 2 2
left_child=2 -2 3 4 5 6 -1 -8 12 -10 11 -11 14 -14 15 -4 -17 -18 -16
right_child=1 -3 8 -5 -6 -7 7 -9 9 10 -12 -13 13 -15 18 16 17 -19 -20
leaf_value=-4.94597909072368e-05 -0.0010246051998009259 0.00018182098916973125 0.00094881580420240605 0.0025261515935864473 -0.00059402383032849894 -0.00022130081624103091 0.00066784325232530561 8.7768143241694985e-05 -0.00078943019114376513 -0.00020710303452569465 5.1791907544150269e-05 -0.00082670092138869232 -0.00065568926980094904 -2.6621236033813613e-05 -0.000181133270807782 0.00052627473714796666 -0.00054723921761903492 7.3392777935910383e-05 1.7874965050884696e-05
leaf_weight=81 46 41 55 41 72 75 41 47 40 46 345 40 61 2191 509 95 53 555 5644
leaf_count=81 46 41 55 41 72 75 41 47 40 46 345 40 61 2191 509 95 53 555 5644
internal_value=-6.44295e-13 -0.00045606 3.97129e-06 0.000200855 -0.000100844 4.46839e-05 0.000162724 0.00035803 -3.3245e-06 -0.000119541 -5.73702e-05 -0.000495288 2.6493e-06 -4.36608e-05 1.77398e-05 0.000150277 8.78029e-05 1.92916e-05 1.41223e-06
internal_weight=10078 87 9991 357 316 244 169 88 9634 471 431 86 9163 2252 6911 758 703 608 6153
internal_count=10078 87 9991 357 316 244 169 88 9634 471 431 86 9163 2252 6911 758 703 608 6153
is_linear=0
shrinkage=0.05


Tree=65
num_leaves=20
num_cat=0
split_feature=2 10 0 0 6 10 2 10 3 9 9 9 13 6 2 2 13 13 1
split_gain=0.00674992 0.0246491 0.00521497 0.119179 0.0073925 0.00471762 0.0102129 0.00685513 0.00376104 0.00341862 0.00311357 0.00433176 0.00298567 0.00944888 0.0128426 0.0125329 0.013617 0.00823218 0.00856531
threshold=2.1258578833507764 -0.027555866202515249 2.3632946870634952 2.4334032069979794 -0.50873784920340492 -1.1274452300180025 0.22556839281835969 -1.4258181616239864 2.2035044783654372 1.9706949481000062 -0.041223420814805088 -0.050838975609506822 -0.61825847654302413 1.5419305807304788 -0.96934322111777993 1.0948171937067606 -0.61917664000535655 -0.63031094038514901 -0.6474824921896577
decision_type=2 2 2 2 2 2 2 2 2 2 2 2 2 2 2 2 2 2 2
left_child=2 10 5 -4 -5 6 7 -1 12 -6 11 -2 13 14 -7 16 17 -16 -19
right_child=1 -3 3 4 9 8 -8 -9 -10 -11 -12 -13 -14 -15 15 -17 -18 18 -20
leaf_value=5.0097508880609992e-05 0.00014154393276064677 -0.0013173337423682419 0.0027809983828046827 -0.00068791160426985175 -6.2191395463793617e-05 -0.00010223450367596382 -0.00090594802682591221 -0.00052191014834159649 0.00038304239267465445 0.00032497238911245778 0.00039302795236680391 -0.00052798301345319493 -9.4295271769777805e-06 -0.00033256576415066868 0.00072193033630312475 -0.00031955642846766687 0.0011040733505298954 -0.00030797126334151915 0.00028963389946868489
leaf_weight=228 61 45 40 43 353 368 43 68 65 68 41 40 7884 124 84 78 55 74 316
leaf_count=228 61 45 40 43 353 368 43 68 65 68 41 40 7884 124 84 78 55 74 316
internal_value=-8.94982e-13 -0.000297599 5.62643e-06 0.00016231 -6.34389e-05 -2.78612e-06 -0.00018591 -8.13097e-05 4.07495e-06 3.43373e-07 2.55564e-05 -0.000123615 1.33278e-06 7.85394e-05 0.000130824 0.000272117 0.000359358 0.000272946 0.000176242
internal_weight=10078 187 9891 504 464 9387 339 296 9048 421 142 101 8983 1099 975 607 529 474 390
internal_count=10078 187 9891 504 464 9387 339 296 9048 421 142 101 8983 1099 975 607 529 474 390
is_linear=0
shrinkage=0.05


Tree=66
num_leaves=20
num_cat=0
split_feature=3 1 10 13 10 2 3 13 12 0 6 10 10 2 9 8 5 5 2
split_gain=0.00708512 0.011685 0.0052611 0.0998886 0.0095922 0.00482366 0.00281369 0.00252314 0.00773992 0.00410142 0.00399644 0.00255771 0.00800438 0.00624456 0.00456388 0.00447761 0.00711331 0.0152152 0.0140523
threshold=2.0281924438166299 -0.64012424332262452 -1.271903600222595 2.4431102656536994 -1.5935341124626223 -0.081390051801530319 -0.2667281097153989 2.3094612728998838 2.3274988156197214 2.3632946870634952 -0.43705394805014619 -0.081438491283628012 -0.074165470047001622 -1.5084221926489296 -0.065230478827607033 0.31871292988625494 -1.0420780727542647 -1.4050127036164597 -0.7607412707914859
decision_type=2 2 2 2 2 2 2 2 2 2 2 2 2 2 2 2 2 2 2
left_child=2 -2 3 4 5 6 -1 11 9 -9 -10 15 -13 14 -14 16 17 18 -4
right_child=1 -3 7 -5 -6 -7 -8 8 10 -11 -12 12 13 -15 -16 -17 -18 -19 -20
leaf_value=0.00040832843062941853 0.00012357601127322679 -0.0010354249143897187 0.00039110055137940835 0.0021735496453604559 -0.00065557264616300764 -0.00046478751186643626 -1.6602367168161436e-05 -0.00022615815448807556 -0.00047068363437997613 -0.00090081212749682003 4.1174315120403834e-05 0.00025360720595605672 0.00010955743414771586 7.1694685036763144e-07 0.00081703198165996584 -0.00015722283149963395 1.9044328109334386e-05 -0.00089899421916604357 -0.00070536084929864794
leaf_weight=56 44 43 87 54 74 45 128 50 43 41 337 351 53 5551 40 595 2374 68 44
leaf_count=56 44 43 87 54 74 45 128 50 43 41 337 351 53 5551 40 595 2374 68 44
internal_value=1.05973e-12 -0.000449264 3.91211e-06 0.000192395 -0.000160682 -7.60476e-07 0.000112724 -3.07237e-06 -0.000115934 -0.000530123 -1.67465e-05 2.72898e-06 2.19322e-05 7.52438e-06 0.000413848 -3.36105e-05 -5.02546e-06 -0.00029217 2.28234e-05
internal_weight=10078 87 9991 357 303 229 184 9634 471 91 380 9163 5995 5644 93 3168 2573 199 131
internal_count=10078 87 9991 357 303 229 184 9634 471 91 380 9163 5995 5644 93 3168 2573 199 131
is_linear=0
shrinkage=0.05


Tree=67
num_leaves=20
num_cat=0
split_feature=10 13 6 12 10 2 10 3 10 3 0 5 4 6 3 13 6 2 13
split_gain=0.00673631 0.00507109 0.104671 0.00651744 0.0041857 0.00862151 0.00559466 0.0050406 0.00389258 0.00307795 0.00264844 0.00253555 0.00323055 0.00251005 0.00248247 0.00693316 0.00796882 0.00647664 0.0105769
threshold=2.859936849945441 2.4431102656536994 -0.51912102639675706 2.3274988156197214 -1.1274452300180025 0.22556839281835969 -1.4258181616239864 2.2035044783654372 -1.1274452300180025 1.8507010582666805 2.3297535606200186 -0.59452454500561791 -0.47916524668514965 -0.12796659769097288 0.36119558180380612 -0.59489980907123508 0.56224266259603317 -0.093488274911109864 -0.5893744272449164
decision_type=2 2 2 2 2 2 2 2 2 2 2 2 2 2 2 2 2 2 2
left_child=1 4 -3 -4 5 6 11 9 -5 10 14 -1 -13 -14 -6 16 -16 -17 -19
right_child=-2 2 3 8 7 -7 -8 -9 -10 -11 -12 12 13 -15 15 17 -18 18 -20
leaf_value=-0.00032647446241753644 -0.00046285661391709423 0.0025749094647314298 -0.00068459246249403811 -0.00047580603641108612 1.6366187559615702e-05 -0.00083749383067993751 -0.0004796422031016418 0.00041912389996367799 4.7909904188965154e-05 -0.00042290417883588484 -0.00039983378941897392 0.00049879858384623986 -0.00020768523833408238 0.00020024995955725155 -0.00010366092892936455 -0.00013632984196942788 -0.00059508499644955087 0.00085266681951822625 4.9276649990826991e-05
leaf_weight=40 78 41 40 40 7174 43 68 72 314 43 41 42 73 78 372 503 106 43 867
leaf_count=40 78 41 40 40 7174 43 68 72 314 43 41 42 73 78 372 503 106 43 867
internal_value=2.42968e-13 3.61028e-06 0.000170573 -7.96249e-05 -3.98288e-06 -0.000175229 -8.062e-05 2.40566e-06 -1.1267e-05 -8.73789e-07 1.11911e-06 3.58328e-05 0.000110922 3.03625e-06 2.93257e-06 -4.80313e-05 -0.000212638 7.65295e-06 8.7239e-05
internal_weight=10078 10000 435 394 9565 344 301 9221 354 9149 9106 233 193 151 9065 1891 478 1413 910
internal_count=10078 10000 435 394 9565 344 301 9221 354 9149 9106 233 193 151 9065 1891 478 1413 910
is_linear=0
shrinkage=0.05


Tree=68
num_leaves=20
num_cat=0
split_feature=1 13 3 6 10 2 10 3 3 12 10 2 2 2 7 8 8 12 13
split_gain=0.00708516 0.098213 0.0143796 0.0123159 0.00351705 0.00688976 0.00517811 0.00453147 0.00347631 0.00311146 0.00371803 0.00241795 0.00323642 0.00271754 0.00238842 0.00233303 0.00888032 0.00374478 0.003169
threshold=2.3762423975743672 2.3094612728998838 0.56108932438482739 -0.50873784920340492 -1.1274452300180025 0.22556839281835969 -1.4258181616239864 2.2035044783654372 1.8507010582666805 2.3274988156197214 -1.1274452300180025 -0.41307212695181011 -0.81763251416398652 -1.2077448113441684 0.3492498837014299 1.9680144247550422 1.820952054140776 -0.63531007018656627 -0.61855414694808453
decision_type=2 2 2 2 2 2 2 2 2 2 2 2 2 2 2 2 2 2 2
left_child=1 4 3 -2 5 6 11 8 15 -5 -11 12 13 -1 -12 16 18 -17 -6
right_child=2 -3 -4 9 7 -7 -8 -9 -10 10 14 -13 -14 -15 -16 17 -18 -19 -20
leaf_value=-9.2451124845187207e-05 -0.00093069151299437743 0.0020974270377856949 -0.0010799828316255405 -0.00038947761575257702 8.4309496457201584e-05 -0.00076200088792358577 -0.00045566010359085772 0.00039816769806040814 -0.00045389909216845853 -0.00042230196484569009 2.996361511628089e-05 0.00034958825126523156 -0.00034787276434081866 0.00042314093193136765 0.00042548701745875992 -0.00014755071108261402 -0.0006936959660695562 0.00045579041135446782 -8.0894299183252186e-06
leaf_weight=63 41 56 41 51 1052 42 68 72 42 41 288 50 58 43 44 41 46 69 7870
leaf_count=63 41 56 41 51 1052 42 68 72 42 41 288 50 58 43 44 41 46 69 7870
internal_value=1.79038e-12 9.63899e-06 -0.000182341 -0.000103194 -2.64727e-06 -0.000164554 -7.55725e-05 3.05962e-06 -5.96535e-08 -2.31764e-05 2.69077e-05 4.5203e-05 -4.75974e-05 0.000116704 8.23824e-05 2.04007e-06 -7.67199e-07 0.000230909 2.8054e-06
internal_weight=10078 9572 506 465 9516 324 282 9192 9120 424 373 214 164 106 332 9078 8968 110 8922
internal_count=10078 9572 506 465 9516 324 282 9192 9120 424 373 214 164 106 332 9078 8968 110 8922
is_linear=0
shrinkage=0.05


Tree=69
num_leaves=20
num_cat=0
split_feature=3 10 10 0 8 13 12 6 5 4 1 12 10 7 13 1 1 0 12
split_gain=0.00745913 0.00550077 0.104702 0.00710011 0.00348279 0.00250763 0.00867828 0.00441692 0.00238913 0.00259892 0.00628889 0.00672249 0.00787229 0.00477189 0.0119847 0.00432199 0.0126125 0.0131196 0.00792526
threshold=2.2633028584769961 -1.271903600222595 -1.4258181616239864 1.9323038217108532 -0.59433271847776914 2.3094612728998838 2.2707458826104805 -0.47906247743063313 -2.4189890788819697 1.5421315123950921 -0.59432548744333202 -0.62685869302683705 -0.083210884750331351 -1.8444489091597831 -0.62238218151758973 -0.64608696223211692 -0.64342276867681181 -0.64304943573863571 -0.63008982901655863
decision_type=2 2 2 2 2 2 2 2 2 2 2 2 2 2 2 2 2 2 2
left_child=1 2 3 4 -1 8 -7 -8 -3 13 11 12 -11 14 -10 -15 17 -17 -18
right_child=-2 5 -4 -5 -6 6 7 -9 9 10 -12 -13 -14 15 -16 16 18 -19 -20
leaf_value=0.00040313154354225844 -0.00056538836536768435 0.00036135019599105761 0.0026066850188362876 -0.00050507472198265779 -6.7192081759630292e-05 -0.00066758590692188595 -0.00052521696346868733 2.1820183204351938e-05 0.00076644361195741867 -0.0006701642177358736 0.00031788677144084856 -0.0007548485071151446 0.00018715155930732619 -0.0001548052130472094 -0.00025407362583221174 0.00093965809256052089 -0.00026293100343642383 -8.8297207306216788e-05 9.6014785841256596e-06
leaf_weight=50 58 46 40 83 185 62 41 369 66 40 52 57 81 428 51 73 276 54 7966
leaf_count=50 58 46 40 83 185 62 41 369 66 40 52 57 81 428 51 73 276 54 7966
internal_value=1.05995e-12 3.27271e-06 0.000195733 -0.000107532 3.28768e-05 -3.85838e-06 -0.000116255 -3.28835e-05 1.91435e-06 1.06164e-07 -0.000165842 -0.000307155 -9.62586e-05 4.38796e-06 0.000321603 1.6901e-07 8.09456e-06 0.000502575 4.75179e-07
internal_weight=10078 10020 358 318 235 9662 472 410 9190 9144 230 178 121 8914 117 8797 8369 127 8242
internal_count=10078 10020 358 318 235 9662 472 410 9190 9144 230 178 121 8914 117 8797 8369 127 8242
is_linear=0
shrinkage=0.05


Tree=70
num_leaves=20
num_cat=0
split_feature=3 13 12 6 12 0 9 2 6 12 2 9 13 13 8 9 9 3 3
split_gain=0.00673187 0.0050366 0.105353 0.00869432 0.0032313 0.00848561 0.0036244 0.00638862 0.00374811 0.00630152 0.00571038 0.00412536 0.00477847 0.00407979 0.00370241 0.00311609 0.0031704 0.0058038 0.00306228
threshold=2.2633028584769961 2.4431102656536994 2.3274988156197214 -0.50873784920340492 2.2707458826104805 2.3297535606200186 -0.58163607936848472 0.1648201332793458 -0.62508514766702672 0.091969287143487274 -1.0445622332135474 -1.2429601731835551 1.1660455102009506 1.258105591436441 -0.13702555663403665 -0.31298046229098675 -0.41547954674579268 -0.26185195919136256 1.1461049888134696
decision_type=2 2 2 2 2 2 2 2 2 2 2 2 2 2 2 2 2 2 2
left_child=1 4 -3 -4 5 6 7 8 10 -10 -1 12 -11 -13 -14 16 -8 -18 -17
right_child=-2 2 3 -5 -6 -7 15 -9 9 11 -12 13 14 -15 -16 18 17 -19 -20
leaf_value=-0.00078000641741984812 -0.00053711899340904551 0.0025217271424819131 -0.0007494097071642945 5.1297654158707603e-07 0.00036733011854721558 -0.00071613773851866088 -6.5104879007665258e-05 -0.00070743068923345871 0.00048098323033108118 -0.00026916552170682144 3.4853981112043353e-05 -7.4950453973459931e-05 0.00058726637205287107 -0.00072505988713981973 -3.0578816207410887e-05 4.0701083035835654e-06 0.00076684184852947898 0.00012526820606856918 -0.00014106791786353394
leaf_weight=43 58 43 43 382 58 42 98 45 56 69 43 55 48 43 49 8335 47 141 380
leaf_count=43 58 43 43 382 58 42 98 45 56 69 43 55 48 43 49 8335 47 141 380
internal_value=-5.37145e-13 3.10907e-06 0.00016326 -7.53616e-05 -4.73751e-06 -7.01052e-06 -3.85951e-06 -0.000142179 -7.95279e-05 -7.71207e-07 -0.000372576 -0.000102962 4.89036e-05 -0.000360203 0.000275159 3.07106e-06 0.000165469 0.000285662 -2.25834e-06
internal_weight=10078 10020 468 425 9552 9494 9452 451 406 320 86 264 166 98 97 9001 286 188 8715
internal_count=10078 10020 468 425 9552 9494 9452 451 406 320 86 264 166 98 97 9001 286 188 8715
is_linear=0
shrinkage=0.05


Tree=71
num_leaves=20
num_cat=0
split_feature=13 2 9 3 3 10 6 3 13 7 8 8 4 2 13 1 8 4 7
split_gain=0.00661063 0.00471323 0.124323 0.0117594 0.00591452 0.0175255 0.0114734 0.00675264 0.0118523 0.00582703 0.00526645 0.00494843 0.0120267 0.0119398 0.0115792 0.0075947 0.00536272 0.00535757 0.00728686
threshold=-0.63758908041290896 -0.024697959798182845 -0.74714972987907402 2.0281924438166299 0.6910327313283825 -0.022523960252492887 0.016141798209929819 1.0939042012030959 -0.60258440358855692 -0.27475926975609927 -1.4046750025251453 -1.0418056939385207 -0.78766372806263518 -1.0445622332135474 -0.61741098291424834 -0.51731760705903707 -1.2143053789184692 1.5421315123950921 -1.8444489091597831
decision_type=2 2 2 2 2 2 2 2 2 2 2 2 2 2 2 2 2 2 2
left_child=-1 4 -3 10 11 6 7 9 -9 -6 -4 12 -2 -14 -15 16 -16 18 -13
right_child=1 2 3 -5 5 -7 -8 8 -10 -11 -12 17 13 14 15 -17 -18 -19 -20
leaf_value=-0.00055694024087539951 0.00089040353647148118 0.0024935006770058811 -0.00044995577452013215 0.00077494888287037611 -0.00060729472798417227 -0.0011961953136317501 -0.00066994479618610783 -8.9302593646846775e-05 0.00089033947207588855 4.7077115326062905e-05 1.0184602888543282e-05 0.00043049132666850314 -0.00047914228871377419 0.00076680742077379763 -0.00043416992796182184 0.00059773669987407642 0.00025670058488220436 -0.00041875441440487491 -3.1890508768650969e-05
leaf_weight=53 49 51 63 50 53 41 71 76 52 95 4800 87 80 70 81 40 43 87 4136
leaf_count=53 49 51 63 50 53 41 71 76 52 95 4800 87 80 70 81 40 43 87 4136
internal_value=4.08226e-13 2.94442e-06 3.75614e-05 1.20672e-05 -3.10091e-05 -0.000218592 -0.000103083 4.27404e-05 0.000308677 -0.000187259 4.2235e-06 -1.5434e-05 0.000161859 4.81687e-05 0.000228446 -1.34251e-06 -0.000194594 -3.03661e-05 -2.23648e-05
internal_weight=10078 10025 4964 4913 5061 388 347 276 128 148 4863 4673 363 314 234 164 124 4310 4223
internal_count=10078 10025 4964 4913 5061 388 347 276 128 148 4863 4673 363 314 234 164 124 4310 4223
is_linear=0
shrinkage=0.05


Tree=72
num_leaves=20
num_cat=0
split_feature=3 13 13 12 6 10 2 10 4 6 6 6 7 0 13 0 8 10 2
split_gain=0.00675483 0.0124379 0.00447659 0.0949344 0.00788305 0.00355235 0.00864037 0.00632053 0.00303208 0.00293126 0.00537422 0.00344534 0.00261279 0.00241322 0.00280002 0.0108127 0.0105401 0.0076357 0.0110346
threshold=2.0281924438166299 -0.6214850616055847 2.4431102656536994 2.3274988156197214 -0.50873784920340492 -1.1274452300180025 0.22556839281835969 -1.4258181616239864 -0.0093289264586106924 -0.13329725050647476 -0.32301895116780738 0.18252234508181195 -0.037399911399791583 -0.6536413704049967 -0.62897706731583081 -0.64809321415118848 -1.9998554896922378 -0.088163522001836039 -1.3865463308229533
decision_type=2 2 2 2 2 2 2 2 2 2 2 2 2 2 2 2 2 2 2
left_child=2 -2 5 -4 -5 6 7 9 12 10 -1 -11 -6 -7 17 -16 -17 18 -15
right_child=1 -3 3 4 8 13 -8 -9 -10 11 -12 -13 -14 14 15 16 -18 -19 -20
leaf_value=0.00013368812320145986 -0.0010030790936940797 0.00019457576056039418 0.0023936139698868598 -0.00071355200133714188 -4.5816074711183322e-05 0.00028102246334990973 -0.00082463601294114415 -0.00048995326133616105 -0.0001471422774117385 0.00053702922018251584 -0.00058914911685860718 -7.1644374684458887e-06 0.00031562503081295293 -0.0011545292342043467 0.00082552143809152775 -0.00071512319734799408 5.7838308284693376e-06 4.4373615535672697e-06 -4.5217912302891202e-05
leaf_weight=72 46 41 43 43 100 77 43 68 182 52 40 66 100 40 40 51 8681 242 51
leaf_count=72 46 41 43 43 100 77 43 68 182 52 40 66 100 40 40 51 8681 242 51
internal_value=8.18265e-13 -0.000438667 3.81984e-06 0.000154794 -7.17217e-05 -3.59967e-06 -0.000162064 -6.64583e-05 5.26181e-07 5.87489e-05 -0.000124468 0.00023265 0.000134904 2.28537e-06 -7.18761e-08 5.33048e-06 1.57331e-06 -0.000142383 -0.000532827
internal_weight=10078 87 9991 468 425 9523 341 298 382 230 112 118 200 9182 9105 8772 8732 333 91
internal_count=10078 87 9991 468 425 9523 341 298 382 230 112 118 200 9182 9105 8772 8732 333 91
is_linear=0
shrinkage=0.05


Tree=73
num_leaves=20
num_cat=0
split_feature=1 0 13 6 10 2 10 3 3 2 10 0 13 9 13 2 13 1 13
split_gain=0.00696175 0.0903488 0.0130559 0.00601577 0.0037988 0.00649448 0.00523335 0.00511262 0.00325004 0.0022586 0.00258783 0.00809989 0.00798039 0.0114175 0.00575874 0.00815262 0.00614337 0.0138475 0.0075774
threshold=2.3762423975743672 2.3297535606200186 2.5099272453676384 -0.50873784920340492 -1.1274452300180025 0.22556839281835969 -1.4258181616239864 2.2035044783654372 1.8507010582666805 1.5338754695624222 -0.081438491283628012 -0.64153630221486979 -0.62897706731583081 -0.071236568159804725 -0.62206167515333233 0.69946954219417712 -0.61825847654302413 -0.63882386313491601 -0.61330546076869952
decision_type=2 2 2 2 2 2 2 2 2 2 2 2 2 2 2 2 2 2 2
left_child=1 4 -2 -4 5 6 -1 8 9 10 -6 12 13 -12 15 -13 17 -16 -18
right_child=2 -3 3 -5 7 -7 -8 -9 -10 -11 11 14 -14 -15 16 -17 18 -19 -20
leaf_value=3.7789367173857948e-05 -0.00078023572254474485 0.0021963760983124575 -0.00064149776025303825 -1.1463326057801217e-05 -2.6880964512378684e-05 -0.00074942586319853692 -0.00046545560561258654 0.00042437999134361035 -0.00043743302230723205 -9.604885779153542e-05 0.00069920940993513261 1.7488627206873033e-05 0.0006910023935192426 -0.00018591305415611715 -3.2907682358589752e-05 -0.00090042237684318069 -0.00027722884810275466 0.00086754704551413606 2.6982788105080501e-05
leaf_weight=215 77 47 42 387 3092 42 68 72 42 537 54 59 88 112 112 41 214 69 4708
leaf_count=215 77 47 42 387 3092 42 68 72 42 537 54 59 88 112 112 41 214 69 4708
internal_value=-2.12325e-14 9.55468e-06 -0.000180746 -7.3145e-05 -1.23594e-06 -0.000169237 -8.31317e-05 4.6989e-06 1.38853e-06 3.41698e-06 9.66486e-06 3.03722e-05 0.000306076 0.000102018 1.69129e-05 -0.000358855 2.42765e-05 0.00031036 1.37562e-05
internal_weight=10078 9572 506 429 9525 325 283 9200 9128 9086 8549 5457 254 166 5203 100 5103 181 4922
internal_count=10078 9572 506 429 9525 325 283 9200 9128 9086 8549 5457 254 166 5203 100 5103 181 4922
is_linear=0
shrinkage=0.05


Tree=74
num_leaves=20
num_cat=0
split_feature=3 13 10 2 10 13 13 12 0 6 7 5 5 7 6 13 4 6 3
split_gain=0.00657108 0.0113926 0.00493909 0.0998703 0.0072727 0.0031937 0.0030434 0.0111068 0.00451078 0.0031613 0.00254844 0.00255137 0.00234392 0.0086765 0.00556853 0.0131696 0.00768134 0.00657781 0.00700672
threshold=2.0281924438166299 -0.6214850616055847 -1.271903600222595 0.33990933862367695 -1.5935341124626223 1.7909831879389473 2.3094612728998838 2.3274988156197214 2.3632946870634952 -0.0071627661420398782 0.20231807381066 -0.18287039447110479 0.25644836124383702 -1.4228305123132767 -0.6253623376104035 -0.62356783545283989 -0.71701195141716934 -0.35685845569837754 -2.0173113287551172
decision_type=2 2 2 2 2 2 2 2 2 2 2 2 2 2 2 2 2 2 2
left_child=2 -2 3 4 5 10 12 8 -8 -9 11 -1 14 -14 15 -4 -17 -16 -19
right_child=1 -3 6 -5 -6 -7 7 9 -10 -11 -12 -13 13 -15 17 16 -18 18 -20
leaf_value=0.00053352553650442213 -0.00097283479353000484 0.00017339120982441962 0.00089078554153357726 0.0025080892055795146 -0.00055641485141677549 -0.00025608157303455906 -0.0003043428659148049 -0.00014713032873315494 -0.0010118640010903885 0.00014149619844511357 -0.00018634076411318449 6.9609597092494375e-05 -0.00062911443826914239 -2.4553153121211674e-05 -0.00017009360674181723 0.00050550585372931029 2.2054836930046326e-05 0.00051470739035201925 1.1336286805888698e-05
leaf_weight=49 46 41 55 41 72 75 50 197 41 183 45 75 61 2191 509 95 608 70 5574
leaf_count=49 46 41 55 41 72 75 50 197 41 183 45 75 61 2191 509 95 608 70 5574
internal_value=4.78062e-13 -0.000432659 3.76753e-06 0.000186392 -0.000114841 1.54591e-05 -2.99984e-06 -0.000126952 -0.000623116 -8.13387e-06 0.000135965 0.000252931 3.3716e-06 -4.09289e-05 1.78073e-05 0.00014568 8.73861e-05 2.05434e-06 1.75794e-05
internal_weight=10078 87 9991 357 316 244 9634 471 91 380 169 124 9163 2252 6911 758 703 6153 5644
internal_count=10078 87 9991 357 316 244 9634 471 91 380 169 124 9163 2252 6911 758 703 6153 5644
is_linear=0
shrinkage=0.05


Tree=75
num_leaves=20
num_cat=0
split_feature=0 13 6 12 10 2 10 3 3 5 10 3 5 7 6 13 4 6 10
split_gain=0.00607455 0.00445377 0.102779 0.00909045 0.00414474 0.00810319 0.0055867 0.00531008 0.00309647 0.0043856 0.00274655 0.00240905 0.00239103 0.00765015 0.0051653 0.0140092 0.00959513 0.00857442 0.00938439
threshold=3.3289260641467391 2.4431102656536994 -0.51912102639675706 2.3274988156197214 -1.271903600222595 0.19157043859801193 -1.5935341124626223 2.2035044783654372 0.10635098709891404 -0.26904758764791609 -1.1274452300180025 1.8507010582666805 0.22457543173878569 -1.4228305123132767 -0.6253623376104035 -0.6214850616055847 -0.71701195141716934 -1.4921000284632899 -0.26491287740211672
decision_type=2 2 2 2 2 2 2 2 2 2 2 2 2 2 2 2 2 2 2
left_child=1 4 -3 -4 5 6 8 11 9 -1 -5 12 14 -14 15 -6 -17 -18 -19
right_child=-2 2 3 10 7 -7 -8 -9 -10 -11 -12 -13 13 -15 -16 16 17 18 -20
leaf_value=0.00060361888080965296 -0.00044532457203020292 0.0024753859685217833 -0.00082401796724298039 -0.00041000840668857562 0.0007880556786937329 -0.00084794672540738263 -0.00048354658762091835 0.00043031099562035205 -0.00022410831445375916 -1.2472040543798359e-05 3.3834567604430981e-05 -0.00037412722540889373 -0.00059510923582835307 -2.7768753202798054e-05 6.9993702485278061e-07 0.00054228910676497235 -0.0004914777113299351 -0.00062883915240738799 0.00013549452776892988
leaf_weight=43 76 43 40 40 75 40 66 72 69 88 271 43 61 2292 6084 92 79 44 460
leaf_count=43 76 43 40 40 75 40 66 72 69 88 271 43 61 2292 6084 92 79 44 460
internal_value=-1.63047e-12 3.38379e-06 0.000168146 -0.000114507 -3.37272e-06 -0.000184436 -8.46597e-05 2.58356e-06 4.6973e-05 0.000189756 -2.32513e-05 -7.52991e-07 9.94597e-07 -4.24767e-05 1.59621e-05 0.000139769 6.77369e-05 -7.14954e-06 6.8767e-05
internal_weight=10078 10002 394 351 9608 306 266 9302 200 131 311 9230 9187 2353 6834 750 675 583 504
internal_count=10078 10002 394 351 9608 306 266 9302 200 131 311 9230 9187 2353 6834 750 675 583 504
is_linear=0
shrinkage=0.05


Tree=76
num_leaves=20
num_cat=0
split_feature=3 10 10 2 0 13 12 6 6 6 6 8 4 4 7 2 7 13 10
split_gain=0.00643288 0.0048391 0.10097 0.00766561 0.00307231 0.00268036 0.00942121 0.00390086 0.00236659 0.003448 0.00308766 0.002227 0.00213276 0.00253783 0.0117176 0.004231 0.00398417 0.0102323 0.00376587
threshold=2.2633028584769961 -1.271903600222595 -1.4258181616239864 0.19157043859801193 2.3297535606200186 2.3094612728998838 2.2707458826104805 -0.47906247743063313 -0.13329725050647476 0.18252234508181195 -0.33832730526548227 0.27041838151374881 2.4358082430975041 1.5421315123950921 0.21316517733632098 -0.13493686263975899 -1.8444489091597831 -0.62238218151758973 -0.060193573018334882
decision_type=2 2 2 2 2 2 2 2 2 2 2 2 2 2 2 2 2 2 2
left_child=1 2 3 4 8 12 -7 -8 10 -10 -1 -9 13 16 15 -15 17 -3 -17
right_child=-2 5 -4 -5 -6 6 7 11 9 -11 -12 -13 -14 14 -16 18 -18 -19 -20
leaf_value=0.00010840358871118681 -0.00052505556176866183 0.00069911199115362693 0.0025511529487266672 -0.00076143387035699562 -0.00033138926232969689 -0.00069429788363777338 -0.00049566428170004571 7.94234719435465e-05 0.00054890930823603412 -1.7566596693168472e-05 -0.00044674455839412988 -0.00022892111192548276 0.00031562179674101239 -0.00074553446129185731 0.00057691238209372391 0.00016526690544434956 4.2014206689802807e-07 -0.00024077550945495363 -0.00047129474359490606
leaf_weight=67 58 67 40 40 62 62 41 296 48 61 40 73 54 53 40 42 8831 51 52
leaf_count=67 58 67 40 40 62 62 41 296 48 61 40 73 54 53 40 42 8831 51 52
internal_value=7.16518e-13 3.03924e-06 0.000183553 -0.000114258 -2.11395e-05 -3.64922e-06 -0.000119853 -3.29857e-05 6.79136e-05 0.000231891 -9.91284e-05 1.84231e-05 2.31903e-06 4.67193e-07 -0.000181834 -0.000388296 4.27659e-06 0.000292889 -0.000186874
internal_weight=10078 10020 358 318 278 9662 472 410 216 109 107 369 9190 9136 187 147 8949 118 94
internal_count=10078 10020 358 318 278 9662 472 410 216 109 107 369 9190 9136 187 147 8949 118 94
is_linear=0
shrinkage=0.05


Tree=77
num_leaves=20
num_cat=0
split_feature=12 13 3 6 12 10 10 3 3 3 2 3 10 6 0 13 0 8 6
split_gain=0.00589694 0.114603 0.011376 0.00878153 0.00623379 0.00531239 0.00827529 0.005233 0.00402491 0.00274143 0.00271868 0.00251525 0.00230254 0.00267473 0.0020692 0.00313076 0.00939803 0.0100368 0.00884849
threshold=2.2050204523790367 2.3094612728998838 0.57615863152975411 -0.50873784920340492 2.3274988156197214 -1.271903600222595 -1.5935341124626223 2.2035044783654372 -0.25886792403138109 1.8507010582666805 -0.67687037838802244 -0.5256510637172801 -0.35943258887072133 0.11526977435545475 -0.6536413704049967 -0.62897706731583081 -0.64809321415118848 -1.9998554896922378 -2.000386027369053
decision_type=2 2 2 2 2 2 2 2 2 2 2 2 2 2 2 2 2 2 2
left_child=1 5 3 -2 -5 6 8 9 -1 14 -10 -6 13 -13 -7 -16 -17 -18 -19
right_child=2 -3 -4 4 11 7 -8 -9 10 -11 -12 12 -14 -15 15 16 17 18 -20
leaf_value=0.00028867355703065796 -0.00076966632540544121 0.002526450674372932 -0.00096078599297736832 -0.00045773094995335371 0.00042429174030985485 0.00026024201391234561 -0.00067601613445233001 0.00042822546207996014 1.0622251673137525e-05 -0.00040274131419469741 -0.00043365146492636668 2.5721974161569964e-05 8.9372963054869776e-05 -0.00048752299672659405 -0.00015193859389660039 0.00077029462401696953 -0.00070423741708509598 -0.00064403627564808233 1.0176093140973931e-05
leaf_weight=60 44 45 41 72 40 77 73 72 72 42 66 60 245 44 327 40 50 52 8556
leaf_count=60 44 45 41 72 40 77 73 72 72 42 66 60 245 44 327 40 50 52 8556
internal_value=-5.21485e-13 9.15378e-06 -0.000159806 -9.47754e-05 -3.03607e-05 -2.7866e-06 -0.000220978 3.62939e-06 -5.3211e-05 2.86118e-07 -0.000201856 4.87413e-05 5.69823e-06 -0.00019142 2.14584e-06 -5.62038e-08 5.65379e-06 2.12115e-06 6.22407e-06
internal_weight=10078 9532 546 505 461 9487 271 9216 198 9144 138 389 349 104 9102 9025 8698 8658 8608
internal_count=10078 9532 546 505 461 9487 271 9216 198 9144 138 389 349 104 9102 9025 8698 8658 8608
is_linear=0
shrinkage=0.05


Tree=78
num_leaves=20
num_cat=0
split_feature=3 1 10 2 10 13 12 6 7 0 0 10 10 2 12 13 0 8 8
split_gain=0.0062602 0.0117159 0.00487508 0.0955573 0.0069855 0.00284924 0.0106927 0.00344226 0.0027265 0.00237496 0.00216946 0.00199334 0.00703972 0.00548955 0.00490474 0.00541161 0.0134517 0.00747118 0.00513559
threshold=2.0281924438166299 -0.64012424332262452 -1.271903600222595 0.33990933862367695 -1.5935341124626223 2.3094612728998838 2.2707458826104805 -0.0071627661420398782 -0.60820472007669235 3.1544743783025675 2.3632946870634952 -0.081438491283628012 -0.074165470047001622 -1.5084221926489296 -0.64367776320973435 -0.63302770213270887 -0.6496063476749544 -1.9998554896922378 0.31871292988625494
decision_type=2 2 2 2 2 2 2 2 2 2 2 2 2 2 2 2 2 2 2
left_child=2 -2 3 4 8 11 -7 9 -1 -8 -10 14 -13 -14 -4 -16 -17 -18 -19
right_child=1 -3 5 -5 -6 6 7 -9 10 -11 -12 12 13 -15 15 16 17 18 -20
leaf_value=0.00037952078737150664 0.00015129574068685708 -0.0010092363493831092 -0.00045221367353093884 0.0024561261985360122 -0.00054230921202057898 -0.00073486383280983465 -0.00029073667733395297 0.00012322992406175665 2.9078034952899307e-05 5.5419810002143557e-05 -0.00036499367051874289 0.00023733817217305226 0.00038752809037975169 1.7712836904877812e-07 0.0004426188877738652 -0.00091786377230337597 -0.00067112167030139718 2.54870098982667e-05 -0.00013994131613006362
leaf_weight=43 44 43 67 41 72 62 139 193 156 77 45 351 93 5551 62 42 43 2369 585
leaf_count=43 44 43 67 41 72 62 139 193 156 77 45 351 93 5551 62 42 43 2369 585
internal_value=9.02088e-13 -0.000422301 3.67733e-06 0.000185114 -0.000109542 -3.04605e-06 -0.000122979 -3.02242e-05 1.81592e-05 -0.000167338 -5.9147e-05 3.11881e-06 2.00716e-05 6.55977e-06 -2.89619e-05 -1.98172e-05 -2.92515e-05 -1.67985e-05 -7.27385e-06
internal_weight=10078 87 9991 357 316 9634 471 409 244 216 201 9163 5995 5644 3168 3101 3039 2997 2954
internal_count=10078 87 9991 357 316 9634 471 409 244 216 201 9163 5995 5644 3168 3101 3039 2997 2954
is_linear=0
shrinkage=0.05


Tree=79
num_leaves=20
num_cat=0
split_feature=3 0 0 6 9 10 2 10 4 13 5 1 13 2 10 0 3 2 8
split_gain=0.00578893 0.00517612 0.103325 0.00609645 0.00342855 0.00319286 0.00925082 0.00660714 0.00214885 0.00238143 0.00211807 0.0105429 0.00724242 0.00744128 0.00606561 0.00388802 0.00303304 0.0179285 0.00671126
threshold=2.2633028584769961 2.3632946870634952 2.4334032069979794 -0.50873784920340492 1.9706949481000062 -1.271903600222595 0.19157043859801193 -1.5935341124626223 -0.0036699918964769452 2.9801399770735597 -1.4050127036164597 -0.55106405875956843 -0.61330546076869952 -0.7607412707914859 -0.055491327202653512 -0.64153630221486979 1.2876091594032757 -0.32749201238043851 0.20263580559797148
decision_type=2 2 2 2 2 2 2 2 2 2 2 2 2 2 2 2 2 2 2
left_child=1 5 -3 -4 8 6 7 -1 -5 -10 11 12 14 -14 15 -7 -12 -18 -19
right_child=-2 2 3 4 -6 10 -8 -9 9 -11 16 -13 13 -15 -16 -17 17 18 -20
leaf_value=9.2287796492958793e-05 -0.00049808303504913305 0.002597334639140172 -0.00061825787023164682 5.5178879478122469e-05 0.00033185990259345787 0.00012120254309340656 -0.00087388166306482165 -0.00048439704243190057 -0.00035947669247244642 3.3312262737004559e-05 3.5794915130461315e-07 -0.00062560796017351093 0.0010326886373453212 0.00014275393794219862 0.00058545430343656343 -0.00043712467308399603 -0.0011464155225257855 0.00018605373293394223 -0.00044729692400982587
leaf_weight=192 58 40 43 195 68 72 40 67 91 67 8668 40 48 46 40 55 40 150 58
leaf_count=192 58 40 43 195 68 72 40 67 91 67 8668 40 48 46 40 55 40 150 58
internal_value=3.35228e-13 2.88312e-06 0.000159036 -5.1162e-05 6.75985e-06 -5.38728e-06 -0.000166189 -5.68932e-05 -5.58657e-05 -0.000192914 -1.70854e-07 0.00013028 0.000246125 0.000597189 4.85203e-05 -0.000120593 -4.57482e-06 -0.000176983 9.44634e-06
internal_weight=10078 10020 504 464 421 9516 299 259 353 158 9217 301 261 94 167 127 8916 248 208
internal_count=10078 10020 504 464 421 9516 299 259 353 158 9217 301 261 94 167 127 8916 248 208
is_linear=0
shrinkage=0.05


Tree=80
num_leaves=20
num_cat=0
split_feature=10 13 6 12 10 2 3 10 0 7 10 3 5 7 2 4 2 13 13
split_gain=0.00587656 0.0050697 0.102238 0.00865729 0.00404104 0.00770962 0.00560279 0.00449246 0.00312189 0.0026639 0.00256085 0.00217841 0.00206375 0.00744575 0.00531405 0.00705486 0.00555361 0.00536017 0.0186176
threshold=2.859936849945441 2.4431102656536994 -0.51912102639675706 2.3274988156197214 -1.271903600222595 0.19157043859801193 2.2035044783654372 -1.5935341124626223 2.3297535606200186 -0.56631491934665756 -1.1274452300180025 1.8507010582666805 0.25644836124383702 -1.4228305123132767 -0.6303615849587566 0.34879378891854457 1.3464989805871503 -0.61788710887719211 -0.62206167515333233
decision_type=2 2 2 2 2 2 2 2 2 2 2 2 2 2 2 2 2 2 2
left_child=1 4 -3 -4 5 7 8 9 11 -1 -5 12 -6 -14 15 -15 17 18 -16
right_child=-2 2 3 10 6 -7 -8 -9 -10 -11 -12 -13 13 14 16 -17 -18 -19 -20
leaf_value=0.00037596960805372378 -0.00043231184487619131 0.0025465364314519187 -0.00077420423358034898 -0.00037496211476536703 1.5434448016211029e-05 -0.00083018756025921903 0.00044103837523531796 -0.0004433638345675938 -0.00043184512912938815 -6.4539724516156976e-05 4.9822210448142567e-05 -0.00035904539824860836 -0.0005893739275052213 -0.00011703830731908026 -0.00017536479006087741 -0.00078811040439177307 -0.00020998271255556088 1.8232548142347617e-05 0.0011111384885494698
leaf_weight=44 78 41 40 40 6874 40 72 66 42 156 314 42 60 302 66 45 249 1458 49
leaf_count=44 78 41 40 40 6874 40 72 66 42 156 314 42 60 302 66 45 249 1458 49
internal_value=-6.34412e-13 3.37203e-06 0.000170312 -7.69606e-05 -4.22009e-06 -0.00018299 1.68807e-06 -8.56675e-05 -1.75519e-06 3.23723e-05 1.82398e-06 2.20075e-07 1.87768e-06 -3.993e-05 -2.4731e-05 -0.000204065 9.4232e-06 4.41543e-05 0.000372797
internal_weight=10078 10000 435 394 9565 306 9259 266 9187 200 354 9145 9103 2229 2169 347 1822 1573 115
internal_count=10078 10000 435 394 9565 306 9259 266 9187 200 354 9145 9103 2229 2169 347 1822 1573 115
is_linear=0
shrinkage=0.05


Tree=81
num_leaves=20
num_cat=0
split_feature=12 13 3 6 12 10 10 3 2 3 5 0 13 0 12 12 8 6 6
split_gain=0.005773 0.104862 0.010398 0.00957745 0.00536756 0.00442748 0.0056269 0.00501104 0.0036847 0.00234837 0.00225651 0.0020498 0.00343836 0.00851538 0.00809501 0.00928398 0.00790258 0.0067211 0.00420897
threshold=2.2050204523790367 2.3094612728998838 0.57615863152975411 -0.50873784920340492 2.3274988156197214 -1.271903600222595 -1.5935341124626223 2.2035044783654372 -0.60533447485892034 -0.5256510637172801 -0.27503273187313443 -0.6536413704049967 -0.62897706731583081 -0.64809321415118848 -0.63998546894576125 -0.63830264460067554 -1.9998554896922378 -2.000386027369053 1.8211141367489185
decision_type=2 2 2 2 2 2 2 2 2 2 2 2 2 2 2 2 2 2 2
left_child=1 5 3 -2 -5 6 8 11 10 -6 -1 -7 14 -14 -13 -16 -15 -18 -19
right_child=2 -3 -4 4 9 7 -8 -9 -10 -11 -12 12 13 16 15 -17 17 18 -20
leaf_value=0.00039173396207236997 -0.00080075721270986841 0.0024169966667088576 -0.00092389597827227925 -0.00042524165350970276 0.0004076045074907597 0.00025710949875329707 -0.00057678040446337213 0.00041898648845138572 -0.000327942671019973 3.1353142629315835e-06 -5.7259935184029515e-05 -6.0800667234487603e-07 0.00073187969457649165 -0.00061989622521579414 -0.0010810606279516254 -9.8501511346735501e-05 -0.00055173786394233407 3.773272979820605e-06 0.00030962152542135876
leaf_weight=45 44 45 41 72 40 77 73 72 79 349 74 233 40 51 44 53 54 8478 114
leaf_count=45 44 45 41 72 40 77 73 72 79 349 74 233 40 51 44 53 54 8478 114
internal_value=-8.30372e-14 9.05708e-06 -0.000158117 -9.59452e-05 -2.86746e-05 -2.36458e-06 -0.000201556 3.49271e-06 -6.32155e-05 4.4726e-05 0.000112528 2.21108e-07 -1.96047e-06 4.0235e-06 -0.000160391 -0.000544198 6.75878e-07 4.33644e-06 7.83132e-06
internal_weight=10078 9532 546 505 461 9487 271 9216 198 389 119 9144 9067 8737 330 97 8697 8646 8592
internal_count=10078 9532 546 505 461 9487 271 9216 198 389 119 9144 9067 8737 330 97 8697 8646 8592
is_linear=0
shrinkage=0.05


Tree=82
num_leaves=20
num_cat=0
split_feature=3 10 10 2 0 13 12 6 2 8 8 7 7 0 2 2 5 3 4
split_gain=0.00611957 0.00541898 0.0984158 0.00712892 0.00298371 0.00287803 0.0124147 0.00332798 0.00257083 0.00200945 0.00196148 0.0019477 0.00234047 0.0106395 0.00464908 0.0132905 0.00585561 0.00500304 0.00394767
threshold=2.2633028584769961 -1.271903600222595 -1.4258181616239864 0.19157043859801193 2.3297535606200186 2.3094612728998838 2.2707458826104805 -0.47906247743063313 -0.41307212695181011 0.27041838151374881 1.0000000180025095e-35 2.4363546096675015 1.3054319769553502 -0.45693401231543523 0.88811094856276085 0.44272897268025174 0.37415779565745427 -0.26185195919136256 2.4358082430975041
decision_type=2 2 2 2 2 2 2 2 2 2 2 2 2 2 2 2 2 2 2
left_child=1 2 3 4 8 11 -7 -8 -1 10 -9 12 18 14 15 16 17 -14 -3
right_child=-2 5 -4 -5 -6 6 7 9 -10 -11 -12 -13 13 -15 -16 -17 -18 -19 -20
leaf_value=-1.5909933139330257e-05 -0.00051211007621845817 2.6957649120576832e-06 0.0025314492457255257 -0.00072414165049849554 -0.00031597573714011124 -0.00078394831742468422 -0.00045216426206468719 -1.4109070548329328e-05 0.0003959760681027547 -0.00021227680250152323 0.00025550399206202625 0.00030720972156534401 0.00048378126713942036 -0.00089487919043676814 -0.00044317174097832993 0.00072818094365708209 -0.00066771101166257106 -0.00018178461443199014 0.00044824056452489458
leaf_weight=167 58 8759 40 40 62 62 41 192 49 73 104 52 40 40 54 58 41 96 50
leaf_count=167 58 8759 40 40 62 62 41 192 49 73 104 52 40 40 54 58 41 96 50
internal_value=-3.22864e-13 2.96431e-06 0.000193988 -0.000100032 -1.02325e-05 -4.11357e-06 -0.000124526 -2.48085e-05 7.75272e-05 2.26755e-05 8.06198e-05 2.07083e-06 3.34434e-07 -0.000130602 -2.48201e-05 7.13118e-05 -0.000143933 1.39701e-05 5.22468e-06
internal_weight=10078 10020 358 318 278 9662 472 410 216 369 296 9190 9138 329 289 235 177 136 8809
internal_count=10078 10020 358 318 278 9662 472 410 216 369 296 9190 9138 329 289 235 177 136 8809
is_linear=0
shrinkage=0.05


Tree=83
num_leaves=20
num_cat=0
split_feature=2 3 13 12 6 10 10 3 7 4 7 13 0 13 2 13 13 6 8
split_gain=0.00565579 0.0222293 0.00489667 0.0930479 0.00769748 0.00387191 0.00712638 0.00373733 0.00362759 0.00257283 0.00242917 0.00233697 0.00222437 0.00266157 0.00201699 0.00196204 0.0135492 0.00760952 0.00861535
threshold=2.1258578833507764 0.14807559925274152 2.4431102656536994 2.3274988156197214 -0.50873784920340492 -1.271903600222595 -1.5935341124626223 2.2035044783654372 -0.56631491934665756 -0.0093289264586106924 -0.037399911399791583 2.3094612728998838 -0.64153630221486979 -0.63165024051123775 -0.67687037838802244 -0.61855414694808453 -0.61917664000535655 -1.8445021636045424 1.820952054140776
decision_type=2 2 2 2 2 2 2 2 2 2 2 2 2 2 2 2 2 2 2
left_child=2 12 5 -4 -5 6 8 11 -1 10 -6 15 13 -2 -10 16 17 -7 -19
right_child=1 -3 3 4 9 7 -8 -9 14 -11 -12 -13 -14 -15 -16 -17 -18 18 -20
leaf_value=0.00036168045306112623 0.00012428228428082853 -0.0012853241752184528 0.0023794742518877558 -0.00069547464798149113 -4.0321797379647251e-05 0.00048114334596353138 -0.0006048756748330905 0.00038096316355782061 3.9606404031875962e-05 -0.00012587769068896697 0.00030818727088262679 -0.00031589499081621461 0.00025741693558086544 -0.00043263426849124502 -0.00028987612554689385 -6.0449874022906326e-06 0.00096903088277031199 3.5364261793061854e-05 -0.0005134323979734454
leaf_weight=45 45 42 43 43 100 86 74 65 86 182 100 58 59 41 101 7930 40 860 78
leaf_count=45 45 42 43 43 100 86 74 65 86 182 100 58 59 41 101 7930 40 860 78
internal_value=1.96627e-13 -0.000272413 5.15027e-06 0.00016301 -6.12438e-05 -2.68996e-06 -0.000177636 3.18186e-06 -4.13609e-05 1.01487e-05 0.000133933 4.69116e-07 2.09814e-05 -0.000141224 -0.000138349 2.50927e-06 6.62642e-05 3.09999e-05 -1.02713e-05
internal_weight=10078 187 9891 468 425 9423 306 9117 232 382 200 9052 145 86 187 8994 1064 1024 938
internal_count=10078 187 9891 468 425 9423 306 9117 232 382 200 9052 145 86 187 8994 1064 1024 938
is_linear=0
shrinkage=0.05


Tree=84
num_leaves=20
num_cat=0
split_feature=3 13 10 2 10 13 12 6 1 1 12 7 5 9 10 12 3 4 7
split_gain=0.00577183 0.0119973 0.00519556 0.0945516 0.00540378 0.00303432 0.0117311 0.00316251 0.00232156 0.00235934 0.00197613 0.0100066 0.00588091 0.00591002 0.00605103 0.00470195 0.0104853 0.00781635 0.00870598
threshold=2.0281924438166299 -0.6214850616055847 -1.271903600222595 0.33990933862367695 -1.5935341124626223 2.3094612728998838 2.2707458826104805 -0.21192858126905043 1.9872859967947949 0.8246747466560741 -0.50665384952804182 1.200856455721744 -1.4050127036164597 -0.14423809772031529 -0.083210884750331351 -0.36513926881241271 -0.81545994109987519 -0.85044307790793827 -0.78725678964799173
decision_type=2 2 2 2 2 2 2 2 2 2 2 2 2 2 2 2 2 2 2
left_child=2 -2 3 4 8 10 -7 -8 9 -1 12 15 13 -4 -15 16 -12 -18 -19
right_child=1 -3 5 -5 -6 6 7 -9 -10 -11 11 -13 -14 14 -16 -17 17 18 -20
leaf_value=-8.0405356309284676e-05 -0.0009598189232233183 0.00021643177258339147 0.00077491063563542187 0.0024498668967791633 -0.00048289624500878542 -0.00076808247686130935 -0.0002760524591495697 4.8548130071726668e-05 -0.00021925252293313911 0.00029458267423648781 0.00082397119674664171 -0.00057696405642742102 -2.6317625692345753e-05 -0.00020519680929896058 0.00032509090247572208 1.9967845100888765e-05 -0.0005209988407194841 0.00082930337611792813 9.1656077387496128e-05
leaf_weight=81 46 41 40 41 72 62 99 310 76 87 57 66 5442 89 136 2883 45 45 360
leaf_count=81 46 41 40 41 72 62 99 310 76 87 57 66 5442 89 136 2883 45 45 360
internal_value=-1.31376e-13 -0.000405494 3.53097e-06 0.000190837 -0.000102265 -3.40987e-06 -0.000127177 -3.00227e-05 1.00519e-05 0.000113785 2.95205e-06 3.27905e-05 -1.51173e-05 0.000214892 0.000115333 4.46618e-05 0.000185081 0.000104155 0.000173617
internal_weight=10078 87 9991 357 316 9634 471 409 244 168 9163 3456 5707 265 225 3390 507 450 405
internal_count=10078 87 9991 357 316 9634 471 409 244 168 9163 3456 5707 265 225 3390 507 450 405
is_linear=0
shrinkage=0.05


Tree=85
num_leaves=20
num_cat=0
split_feature=0 13 6 12 10 2 3 10 3 10 4 7 7 7 8 8 4 1 6
split_gain=0.00558619 0.00443179 0.096696 0.00906894 0.00393506 0.0081356 0.00535449 0.00376323 0.0023752 0.00200815 0.00194831 0.0018281 0.00367277 0.00314519 0.00261637 0.0100047 0.0029258 0.00350919 0.0067349
threshold=3.3289260641467391 2.4431102656536994 -0.51912102639675706 2.3274988156197214 -1.271903600222595 0.19157043859801193 2.2035044783654372 -1.5935341124626223 -0.25886792403138109 -1.1274452300180025 -0.31651289173747049 -2.4191332456680597 -2.0003629416964892 -1.8444489091597831 1.9680144247550422 1.820952054140776 2.3360988560421032 -0.6474824921896577 1.8211141367489185
decision_type=2 2 2 2 2 2 2 2 2 2 2 2 2 2 2 2 2 2 2
left_child=1 4 -3 -4 5 7 11 8 -1 -5 -10 -6 -13 -14 15 16 17 -15 -19
right_child=-2 2 3 9 6 -7 -8 -9 10 -11 -12 12 13 14 -16 -17 -18 18 -20
leaf_value=0.0002881971451493942 -0.00042704843332390553 0.0024055257401033848 -0.00081523254935746093 -0.00034611989340191943 0.00030999560533908813 -0.00084475504445435945 0.00043182082572457148 -0.00040732329636574088 -0.00037053487081028011 3.3398797187713731e-05 3.7123265627593994e-05 -0.00044349660724076379 0.00044202958764799405 -0.00015350389348115526 0.00024347541184397415 -0.00079422866881941447 0.00035225968106966199 -2.1668460168045672e-06 0.00041900773639440563
leaf_weight=61 76 43 40 40 47 40 72 66 42 271 97 47 40 376 107 40 58 8419 96
leaf_count=61 76 43 40 40 47 40 72 66 42 271 97 47 40 376 107 40 58 8419 96
internal_value=2.7205e-13 3.24492e-06 0.0001676 -0.000106561 -3.49489e-06 -0.000179918 2.30876e-06 -7.99429e-05 2.80926e-05 -1.54139e-05 -8.6054e-05 -1.04171e-06 -2.63365e-06 -3.65634e-07 -2.31108e-06 -5.23679e-06 -1.71017e-06 -4.01928e-06 2.58157e-06
internal_weight=10078 10002 394 351 9608 306 9302 266 200 311 139 9230 9183 9136 9096 8989 8949 8891 8515
internal_count=10078 10002 394 351 9608 306 9302 266 200 311 139 9230 9183 9136 9096 8989 8949 8891 8515
is_linear=0
shrinkage=0.05


Tree=86
num_leaves=20
num_cat=0
split_feature=3 1 10 10 2 13 12 6 0 2 0 0 0 0 13 10 7 9 10
split_gain=0.00569198 0.0110586 0.00501965 0.0929822 0.00769265 0.00286024 0.0102636 0.00355231 0.00269141 0.00245313 0.00181193 0.00265092 0.0113227 0.00941279 0.00661414 0.0064001 0.00431909 0.00754174 0.00412697
threshold=2.0281924438166299 -0.64012424332262452 -1.271903600222595 -1.4258181616239864 0.19157043859801193 2.3094612728998838 2.2707458826104805 -0.47906247743063313 2.3297535606200186 -0.41307212695181011 -0.6536413704049967 -0.64557132494491209 -0.64355381357989094 -0.64708445846867801 -0.62897706731583081 -0.088163522001836039 -1.601327027763549 -0.097200552430342618 -0.086464686002975813
decision_type=2 2 2 2 2 2 2 2 2 2 2 2 2 2 2 2 2 2 2
left_child=2 -2 3 4 8 10 -7 -8 9 -1 -4 13 18 14 15 -12 17 -14 -13
right_child=1 -3 5 -5 -6 6 7 -9 -10 -11 11 12 16 -15 -16 -17 -18 -19 -20
leaf_value=-1.3493076708018417e-05 0.00015459318133666372 -0.00097291155144312361 0.00024438619574149406 0.0024592331105668564 -0.00074719479773193603 -0.00072296221642905193 -0.0004740699952490992 1.6579586998017002e-05 -0.00029565796933550911 0.00038912876468147057 -0.00047159726551169231 0.00095362754531379322 -0.00066982968515591132 -0.00062912692856965198 0.00046105521881846013 3.6665318465418033e-05 5.968247327780995e-06 4.9355634399100639e-05 0.00024802403959044969
leaf_weight=166 44 43 77 40 40 62 41 368 62 49 87 40 65 75 61 215 8417 83 43
leaf_count=166 44 43 77 40 40 62 41 368 62 49 87 40 65 75 61 215 8417 83 43
internal_value=-1.01713e-12 -0.000402679 3.50646e-06 0.000187614 -9.90256e-05 -3.31587e-06 -0.00012348 -3.26053e-05 -5.4272e-06 7.82672e-05 2.86087e-06 8.14043e-07 6.89205e-06 -0.000119192 -1.38335e-05 -0.000109755 1.26005e-06 -0.000266503 0.000588074
internal_weight=10078 87 9991 357 317 9634 471 409 277 215 9163 9086 8648 438 363 302 8565 148 83
internal_count=10078 87 9991 357 317 9634 471 409 277 215 9163 9086 8648 438 363 302 8565 148 83
is_linear=0
shrinkage=0.05


Tree=87
num_leaves=20
num_cat=0
split_feature=13 13 10 1 10 10 3 2 0 13 6 4 4 6 13 12 12 10 9
split_gain=0.0055478 0.00472465 0.0923143 0.00964543 0.00500805 0.00729254 0.0049956 0.004812 0.00375256 0.00320149 0.00301494 0.00270036 0.00335422 0.00582344 0.00500225 0.00478963 0.00335099 0.0104478 0.00787839
threshold=-0.63758908041290896 2.4431102656536994 -1.271903600222595 2.5194507303195031 -1.271903600222595 -1.5935341124626223 2.2035044783654372 -0.60533447485892034 -0.65565888177001785 -0.63335566498670459 -0.0071627661420398782 2.4358082430975041 1.5421315123950921 -0.43058852412510978 -0.59324968457411609 -0.6303629123596034 -0.63830264460067554 -0.083210884750331351 -0.055529198151033347
decision_type=2 2 2 2 2 2 2 2 2 2 2 2 2 2 2 2 2 2 2
left_child=-1 4 -3 -4 5 7 8 -2 -6 -10 -5 12 16 -14 15 -15 17 -11 -19
right_child=1 2 3 10 6 -7 -8 -9 9 11 -12 -13 13 14 -16 -17 -18 18 -20
leaf_value=-0.00051020820989473371 0.00012816121434591497 0.002102208296545777 -0.00073967671682219273 -0.00014208730998265339 -0.00044746142093765926 -0.00068681275315900583 0.00041918751736938904 -0.00034762355696124538 0.00035853011574926637 -0.00057979330602466513 0.00014650323760707939 0.00040287636502620358 0.00029623987001561842 -0.0002743925602082468 0.00010716846325522056 -0.0009709416208263464 5.8746071638083306e-06 0.00032095460010125713 -0.00044044598657637835
leaf_weight=53 124 54 51 191 47 63 71 93 62 99 172 41 43 62 40 41 8615 106 50
leaf_count=53 124 54 51 191 47 63 71 93 62 99 172 41 43 62 40 41 8615 106 50
internal_value=1.85829e-13 2.69736e-06 0.000157811 -9.58059e-05 -4.89846e-06 -0.000213236 1.38963e-06 -7.57465e-05 -1.83258e-06 4.54198e-07 -5.34468e-06 -1.98624e-06 -3.81921e-06 -0.000213956 -0.000367372 -0.00055166 5.87271e-07 -0.000178042 7.6916e-05
internal_weight=10078 10025 468 414 9557 280 9277 217 9206 9159 363 9097 9056 186 143 103 8870 255 156
internal_count=10078 10025 468 414 9557 280 9277 217 9206 9159 363 9097 9056 186 143 103 8870 255 156
is_linear=0
shrinkage=0.05


Tree=88
num_leaves=20
num_cat=0
split_feature=3 0 0 6 9 8 1 8 10 10 8 2 6 12 13 13 2 10 9
split_gain=0.00565933 0.00440248 0.0947127 0.0075943 0.00342006 0.00303422 0.0069385 0.00675208 0.00390577 0.00932435 0.00306177 0.00227157 0.00210329 0.0020775 0.00207731 0.0122775 0.00659874 0.00910002 0.0108121
threshold=2.2633028584769961 2.3632946870634952 2.4334032069979794 -0.50873784920340492 1.9706949481000062 1.9680144247550422 -0.61893756123996024 1.820952054140776 -1.271903600222595 -1.5935341124626223 -0.59433271847776914 -0.10818278639649263 -0.13329725050647476 3.093702684635204 -0.61855414694808453 -0.61917664000535655 0.88811094856276085 -0.069974102332777524 -0.084359795673822638
decision_type=2 2 2 2 2 2 2 2 2 2 2 2 2 2 2 2 2 2 2
left_child=1 5 -3 -4 13 7 -7 8 9 10 -1 12 -12 -5 15 16 17 18 -10
right_child=-2 2 3 4 -6 6 -8 -9 14 -11 11 -13 -14 -15 -16 -17 -18 -19 -20
leaf_value=0.00034973819558879109 -0.00049247627035144657 0.0024813289628946226 -0.00068732385556105266 -0.00012271423536276417 0.0003349590362845715 -4.3122259128722364e-05 0.00075354852908572493 -0.00061222882158408932 0.00018567672941628116 -0.00067884924598426251 -0.00022819989509250757 -0.00042770942434964876 0.0001721248522660741 0.00015662405309607434 -7.9887246403483964e-06 0.00092546253144973898 -0.00023108841580672941 0.00034911915986671877 -0.00023844404503671737
leaf_weight=44 58 40 43 264 68 75 43 46 323 72 61 44 71 89 7977 40 193 246 281
leaf_count=44 58 40 43 264 68 75 43 46 323 72 61 44 71 89 7977 40 193 246 281
internal_value=-1.03343e-12 2.85066e-06 0.000146862 -5.43852e-05 1.02618e-05 -4.77667e-06 0.00024719 -7.94033e-06 -4.968e-06 -0.000184956 -2.33185e-05 -0.000116583 -1.28737e-05 -5.22862e-05 8.32947e-07 6.58103e-05 3.28419e-05 9.27696e-05 -1.16377e-05
internal_weight=10078 10020 504 464 421 9516 118 9398 9352 292 220 176 132 353 9060 1083 1043 850 604
internal_count=10078 10020 504 464 421 9516 118 9398 9352 292 220 176 132 353 9060 1083 1043 850 604
is_linear=0
shrinkage=0.05


Tree=89
num_leaves=20
num_cat=0
split_feature=1 13 3 6 3 12 10 8 1 8 10 10 8 5 3 6 7 4 9
split_gain=0.00574068 0.0796231 0.0102907 0.0101816 0.00321985 0.0028004 0.003483 0.00274834 0.00626199 0.00608439 0.00348254 0.00797981 0.00304655 0.00238339 0.00225536 0.00831419 0.00963158 0.00806318 0.0193179
threshold=2.3762423975743672 2.3094612728998838 0.56108932438482739 -0.50873784920340492 2.2035044783654372 2.3274988156197214 -1.1274452300180025 1.9680144247550422 -0.61893756123996024 1.820952054140776 -1.271903600222595 -1.5935341124626223 -0.59433271847776914 -0.23979339622388782 0.36119558180380612 1.5419305807304788 -1.3613568920182597 -0.91969957571935701 -0.10962492756198101
decision_type=2 2 2 2 2 2 2 2 2 2 2 2 2 2 2 2 2 2 2
left_child=1 4 3 -2 7 -5 -7 9 -9 10 11 12 -1 -14 -12 16 -16 18 -18
right_child=2 -3 -4 5 -6 6 -8 8 -10 -11 14 -13 13 -15 15 -17 17 -19 -20
leaf_value=0.00035089462089249435 -0.00084956342433565072 0.001888518704592051 -0.00092349873632817283 -0.00037193060720264659 0.00032614488648234971 -0.00041168663706119376 7.6785814933345948e-05 -4.096614283722981e-05 0.00071587109867873237 -0.00058161738403293348 1.3250600437442439e-05 -0.00064126282186147631 0.00015011448229887284 -0.00025548396267285255 0.00062032787552611401 -0.00071195700587375779 -0.0012047291040071287 -1.7231115684335746e-05 -3.778691461477257e-05
leaf_weight=43 41 56 41 51 74 41 332 75 43 46 7082 70 54 110 55 46 50 1646 122
leaf_count=43 41 56 41 51 74 41 332 75 43 46 7082 70 54 110 55 46 50 1646 122
internal_value=1.04854e-14 8.67638e-06 -0.000164131 -9.7176e-05 -2.38617e-06 -2.44215e-05 2.30931e-05 -4.96097e-06 0.00023483 -7.99566e-06 -5.15166e-06 -0.000179773 -2.3713e-05 -0.000121933 2.22185e-07 -4.78587e-05 -3.15488e-05 -5.127e-05 -0.000377014
internal_weight=10078 9572 506 465 9516 424 373 9442 118 9324 9278 277 207 164 9001 1919 1873 1818 172
internal_count=10078 9572 506 465 9516 424 373 9442 118 9324 9278 277 207 164 9001 1919 1873 1818 172
is_linear=0
shrinkage=0.05


Tree=90
num_leaves=20
num_cat=0
split_feature=3 13 10 2 0 10 2 2 13 12 6 0 13 0 8 10 6 6 13
split_gain=0.00556471 0.0120048 0.00490576 0.0924501 0.00492021 0.0039502 0.00323536 0.00298805 0.00273147 0.0120314 0.00272654 0.00192174 0.00223818 0.00741939 0.00715027 0.00686152 0.00667921 0.00374986 0.00444889
threshold=2.0281924438166299 -0.6214850616055847 -1.271903600222595 0.33990933862367695 1.5213619755481094 -1.9681275162524032 -0.41307212695181011 -0.81763251416398652 2.3094612728998838 2.2707458826104805 -0.21192858126905043 -0.6536413704049967 -0.62897706731583081 -0.64809321415118848 -1.9998554896922378 -0.098477000520430152 -2.000386027369053 1.8211141367489185 -0.62356783545283989
decision_type=2 2 2 2 2 2 2 2 2 2 2 2 2 2 2 2 2 2 2
left_child=2 -2 3 4 6 -6 7 -1 11 -10 -11 -4 15 -14 -15 -13 -16 18 -18
right_child=1 -3 8 -5 5 -7 -8 -9 9 10 -12 12 13 14 16 -17 17 -19 -20
leaf_value=9.849448602548556e-05 -0.00095265116529923914 0.00022396856177848108 0.00025149527479827936 0.0024192582678174736 -0.00011873663872635613 -0.00069248162489384413 0.00041044717515129991 -0.00038550981322866087 -0.00076976294184268848 -0.00025075862250523276 5.0638330362891156e-05 -0.00065413252083929441 0.00068490475183352834 -0.00058791868823212948 -0.00054848660980092573 -2.9064865283550802e-05 0.00023674897909434106 0.00029293389701152869 -1.7105984746091928e-07
leaf_weight=95 46 41 77 41 75 50 48 48 62 99 310 52 40 51 54 282 203 115 8289
leaf_count=95 46 41 77 41 75 50 48 48 62 99 310 52 40 51 54 282 203 115 8289
internal_value=2.12585e-13 -0.000398152 3.46704e-06 0.000185474 -0.000104352 -0.000348235 5.52564e-05 -6.39685e-05 -3.27745e-06 -0.000120706 -2.23159e-05 2.75865e-06 6.50716e-07 5.49858e-06 2.37918e-06 -0.000126381 5.85513e-06 9.33305e-06 5.49248e-06
internal_weight=10078 87 9991 357 316 125 191 143 9634 471 409 9163 9086 8752 8712 334 8661 8607 8492
internal_count=10078 87 9991 357 316 125 191 143 9634 471 409 9163 9086 8752 8712 334 8661 8607 8492
is_linear=0
shrinkage=0.05


Tree=91
num_leaves=20
num_cat=0
split_feature=0 13 6 12 10 2 3 9 4 3 10 13 3 4 6 6 13 5 12
split_gain=0.00518452 0.00424868 0.0927271 0.00739126 0.00352347 0.00805679 0.00537309 0.00312903 0.00366629 0.00276872 0.00264868 0.0020011 0.00189437 0.00199861 0.0117125 0.00979444 0.00808393 0.0047319 0.00414449
threshold=3.3289260641467391 2.4431102656536994 -0.51912102639675706 2.3274988156197214 -1.271903600222595 0.19157043859801193 2.2035044783654372 -1.8713323396532056 0.026191604132283879 -0.2227677607243079 -1.1274452300180025 2.3094612728998838 1.8507010582666805 -1.1557548303589189 -0.6253623376104035 -1.2523967884117855 -0.57052820749957989 0.6786125344391849 -0.62458363962626862
decision_type=2 2 2 2 2 2 2 2 2 2 2 2 2 2 2 2 2 2 2
left_child=1 4 -3 -4 5 7 11 9 -9 -1 -5 12 13 14 15 -6 17 18 -16
right_child=-2 2 3 10 6 -7 -8 8 -10 -11 -12 -13 -14 -15 16 -17 -18 -19 -20
leaf_value=0.00045132529783586511 -0.00041140882560859228 0.0023555658790174617 -0.00074419876887986912 -0.0004019435602094746 0.00010576432154843267 -0.00083202402649476439 0.00043227609005245745 8.4303001939487232e-06 -0.00050955924103618605 -4.9491979546708928e-05 3.3919797339618408e-05 -0.00029410404779198494 -0.00033451421342241315 -3.1076553014404697e-06 2.9332166517493678e-05 0.0012054797164182673 -0.00039803319464590459 -0.0002368797360961455 0.00050920509014697548
leaf_weight=40 76 43 40 40 41 40 72 72 65 89 271 58 42 8706 91 40 100 63 89
leaf_count=40 76 43 40 40 41 40 72 72 65 89 271 58 42 8706 91 40 100 63 89
internal_value=-7.48257e-13 3.12608e-06 0.000164051 -0.000104426 -3.47303e-06 -0.000170415 2.01873e-06 -7.09254e-05 -0.000237331 0.0001058 -2.21398e-05 -1.33755e-06 5.13783e-07 2.05499e-06 0.00010806 0.000648834 -1.96451e-05 0.00013607 0.000266603
internal_weight=10078 10002 394 351 9608 306 9302 266 137 129 311 9230 9172 9130 424 81 343 243 180
internal_count=10078 10002 394 351 9608 306 9302 266 137 129 311 9230 9172 9130 424 81 343 243 180
is_linear=0
shrinkage=0.05


Tree=92
num_leaves=20
num_cat=0
split_feature=3 13 10 10 2 0 13 12 6 2 7 7 8 1 9 0 0 12 1
split_gain=0.00543417 0.0110612 0.00474627 0.0907631 0.0075524 0.0037259 0.00251051 0.0102557 0.00334972 0.00232853 0.00177858 0.00335081 0.00269195 0.00402898 0.00970003 0.00772347 0.00521945 0.0069394 0.00866602
threshold=2.0281924438166299 -0.6214850616055847 -1.271903600222595 -1.4258181616239864 0.19157043859801193 2.3297535606200186 2.3094612728998838 2.2707458826104805 -0.47906247743063313 -0.41307212695181011 -2.4191332456680597 -2.0003629416964892 -2.4184688786886817 -0.64887802214719847 -0.073785346613212885 -0.65162385903997555 -0.64304943573863571 -0.63531007018656627 -0.64342276867681181
decision_type=2 2 2 2 2 2 2 2 2 2 2 2 2 2 2 2 2 2 2
left_child=2 -2 3 4 5 9 10 -8 -9 -1 -4 -12 -13 14 -14 -16 17 -15 -19
right_child=1 -3 6 -5 -6 -7 7 8 -10 -11 11 12 13 16 15 -17 -18 18 -20
leaf_value=1.0672268031322094e-06 -0.00092571536243549017 0.0002037168227749445 0.00030936850270471897 0.0024267984918151346 -0.00074298193336289845 -0.00034949035778540313 -0.00071503558039342271 -0.00045363783066887863 2.2814926957004863e-05 0.00039333077361427101 -0.00042009126187244976 0.00039785263621990117 -0.00045677300385464761 -6.58663530684862e-05 0.00058666105021915917 -0.00012272317706368694 1.6573219076880298e-06 0.00079570962140966973 -7.4115247347931882e-05
leaf_weight=166 46 41 47 40 40 62 62 41 368 49 47 43 157 100 53 139 8451 82 44
leaf_count=166 46 41 47 40 40 62 62 41 368 49 47 43 157 100 53 139 8451 82 44
internal_value=3.15576e-13 -0.000393454 3.42614e-06 0.00018245 -0.000100749 -8.00735e-06 -3.20782e-06 -0.000115787 -2.49468e-05 9.04668e-05 2.579e-06 9.97262e-07 3.17955e-06 1.29932e-06 -0.000165269 7.30964e-05 7.99891e-06 0.000245135 0.000491961
internal_weight=10078 87 9991 357 317 277 9634 471 409 215 9163 9116 9069 9026 349 192 8677 226 126
internal_count=10078 87 9991 357 317 277 9634 471 409 215 9163 9116 9069 9026 349 192 8677 226 126
is_linear=0
shrinkage=0.05


Tree=93
num_leaves=20
num_cat=0
split_feature=13 13 12 6 10 10 3 2 0 13 10 4 4 7 2 2 6 13 8
split_gain=0.00519508 0.0046691 0.0921467 0.00905536 0.00461553 0.00624475 0.0052451 0.00439108 0.00340945 0.00307358 0.00255196 0.00245072 0.00307018 0.00544708 0.00429987 0.00379894 0.00314305 0.00752912 0.00482082
threshold=-0.63758908041290896 2.4431102656536994 2.3274988156197214 -0.50873784920340492 -1.271903600222595 -1.5935341124626223 2.2035044783654372 -0.60533447485892034 -0.65565888177001785 -0.63335566498670459 -1.1274452300180025 2.4358082430975041 1.5421315123950921 0.14381457631708225 -0.13493686263975899 0.58026866695153201 -1.3615036229306428 -0.6214850616055847 0.59721294278951331
decision_type=2 2 2 2 2 2 2 2 2 2 2 2 2 2 2 2 2 2 2
left_child=-1 4 -3 -4 5 7 8 -2 -6 -10 -5 12 16 14 -14 -16 17 -11 -19
right_child=1 2 3 10 6 -7 -8 -9 9 11 -12 -13 13 -15 15 -17 -18 18 -20
leaf_value=-0.00049372301130821354 0.00011706755585985394 0.0023625130068678627 -0.0007542567557065077 -0.0003668055247544544 -0.00042697388599527647 -0.00064318382450553142 0.00042919989763004842 -0.00033743158970557042 0.00035082407352268595 0.0002614871782522338 5.5275013056676971e-05 0.00038327735560525939 -0.00070627324968435858 0.00031173557934380372 0.0002258544822325348 -0.00041961391067367384 5.3860836821209613e-06 -0.00019781002509354284 -0.00079493555551676375
leaf_weight=53 124 43 43 40 47 63 71 93 62 75 342 41 53 40 40 53 8594 158 43
leaf_count=53 124 43 43 40 47 63 71 93 62 75 342 41 53 40 40 53 8594 158 43
internal_value=-1.32077e-12 2.61021e-06 0.00015681 -6.63558e-05 -4.94083e-06 -0.000204948 1.09581e-06 -7.77178e-05 -2.20589e-06 -2.61627e-08 1.10781e-05 -2.41736e-06 -4.16355e-06 -0.000205207 -0.000346835 -0.000141993 5.22355e-08 -0.000166031 -0.000325553
internal_weight=10078 10025 468 425 9557 280 9277 217 9206 9159 382 9097 9056 186 146 93 8870 276 201
internal_count=10078 10025 468 425 9557 280 9277 217 9206 9159 382 9097 9056 186 146 93 8870 276 201
is_linear=0
shrinkage=0.05


Tree=94
num_leaves=20
num_cat=0
split_feature=3 1 10 2 0 6 2 13 12 6 2 0 0 0 0 9 9 9 10
split_gain=0.00535125 0.0114816 0.00483597 0.0887318 0.00432785 0.00420109 0.00303238 0.00263333 0.0101166 0.00274759 0.00249186 0.00199197 0.00216869 0.00988959 0.00876666 0.00643471 0.00434296 0.00604946 0.00602048
threshold=2.0281924438166299 -0.64012424332262452 -1.271903600222595 0.33990933862367695 1.5213619755481094 -0.13329725050647476 -0.41307212695181011 2.3094612728998838 2.2707458826104805 -0.21192858126905043 -0.81763251416398652 -0.6536413704049967 -0.64557132494491209 -0.64355381357989094 -0.64708445846867801 -0.10059586736913813 -0.075896851565750836 -0.071236568159804725 -0.061944015997488215
decision_type=2 2 2 2 2 2 2 2 2 2 2 2 2 2 2 2 2 2 2
left_child=2 -2 3 4 6 -6 10 11 -9 -10 -1 -4 14 -14 15 -13 -17 -18 -19
right_child=1 -3 7 -5 5 -7 -8 8 9 -11 -12 12 13 -15 -16 16 17 18 -20
leaf_value=8.2799654980925363e-05 0.00017738976728816686 -0.0009714767765957689 0.00025587071363765798 0.0023725104654703302 -0.00061155142732332028 -3.1653873252178559e-05 0.00039373076742776902 -0.00071376946692790601 -0.00025769710886967427 4.4861395540905391e-05 -0.00035919539435174861 0.00053947203109697866 0.00054913924132818804 7.1802864246986535e-07 -0.00060018099694085936 -0.00031074305441281414 0.00054364043237595131 -0.00042857312449216676 0.00023200120999684475
leaf_weight=95 44 43 77 41 64 61 48 62 99 310 48 47 83 8565 75 129 49 70 68
leaf_count=95 44 43 77 41 64 61 48 62 99 310 48 47 83 8565 75 129 49 70 68
internal_value=-4.38406e-13 -0.000390441 3.39989e-06 0.000184108 -9.98307e-05 -0.000328561 4.98621e-05 -3.29646e-06 -0.000118596 -2.8374e-05 -6.55623e-05 2.63021e-06 4.84105e-07 5.98155e-06 -0.000108059 -6.38106e-06 -8.75681e-05 6.63869e-05 -0.000103073
internal_weight=10078 87 9991 357 316 125 191 9634 471 409 143 9163 9086 8648 438 363 316 187 138
internal_count=10078 87 9991 357 316 125 191 9634 471 409 143 9163 9086 8648 438 363 316 187 138
is_linear=0
shrinkage=0.05


Tree=95
num_leaves=20
num_cat=0
split_feature=12 13 2 6 10 2 3 12 5 4 2 6 12 0 13 12 12 0 8
split_gain=0.00514468 0.10044 0.00848584 0.00722405 0.00448863 0.00579589 0.00524672 0.00437551 0.0028666 0.00387817 0.00261436 0.00246892 0.00279368 0.0018365 0.0023885 0.00691012 0.00792649 0.0069009 0.00658655
threshold=2.2050204523790367 2.3094612728998838 1.3043072942110061 -0.50873784920340492 -1.271903600222595 0.1250400494222286 2.2035044783654372 2.9820253914999788 -0.59452454500561791 -0.42327432106905305 -0.73094096033921951 0.42791071583095119 2.3274988156197214 -0.6536413704049967 -0.62897706731583081 -0.63998546894576125 -0.63830264460067554 -0.64809321415118848 -1.9998554896922378
decision_type=2 2 2 2 2 2 2 2 2 2 2 2 2 2 2 2 2 2 2
left_child=1 4 3 -2 5 8 13 11 -1 -10 -11 12 -5 -6 15 -15 -17 -16 -19
right_child=2 -3 -4 7 6 -7 -8 -9 9 10 -12 -13 -14 14 17 16 -18 18 -20
leaf_value=-0.00045547350130212359 -0.00065658485191397642 0.0023651675060520779 -0.00077010110970149987 -0.00049249610235546572 0.00024307719796087877 -0.00075886600912781436 0.00042842170797585921 0.00018257170651362156 0.00036306679878402883 -0.0003530469120984587 8.9758860801036168e-05 0.00021646650715322213 -0.00010305282570972556 1.3437176662181952e-05 0.00065807830047560868 -0.00098485880821086056 -7.6971506235356673e-05 -0.00056671734287103354 3.1724788755074924e-06
leaf_weight=47 50 45 50 62 77 40 72 164 49 75 60 41 179 233 40 44 53 51 8646
leaf_count=47 50 45 50 62 77 40 72 164 49 75 60 41 179 233 40 44 53 51 8646
internal_value=-4.42765e-13 8.55e-06 -0.000149265 -8.66806e-05 -2.62822e-06 -0.00020319 3.26939e-06 -2.279e-05 -0.00010697 -1.79495e-05 -0.000156244 -0.00014222 -0.000203242 -7.82667e-08 -2.14322e-06 -0.000134189 -0.000488797 2.8442e-06 -1.69407e-07
internal_weight=10078 9532 546 496 9487 271 9216 446 231 184 135 282 241 9144 9067 330 97 8737 8697
internal_count=10078 9532 546 496 9487 271 9216 446 231 184 135 282 241 9144 9067 330 97 8737 8697
is_linear=0
shrinkage=0.05


Tree=96
num_leaves=20
num_cat=0
split_feature=3 10 13 2 9 0 13 12 6 7 0 7 7 0 10 2 2 2 4
split_gain=0.00534339 0.00482931 0.0872366 0.00843074 0.00371386 0.00359326 0.00238825 0.0114914 0.00232728 0.00232346 0.00197147 0.00189997 0.0022421 0.00879305 0.00424588 0.00486515 0.00767228 0.00361612 0.00274801
threshold=2.2633028584769961 -1.271903600222595 2.4431102656536994 0.19157043859801193 -1.8713323396532056 0.54041012153673551 2.3094612728998838 2.2707458826104805 -0.0071627661420398782 -0.1482234229506729 3.1544743783025675 2.4363546096675015 1.3054319769553502 -0.45693401231543523 -0.11824388690361509 0.88811094856276085 0.44272897268025174 -0.13493686263975899 2.4358082430975041
decision_type=2 2 2 2 2 2 2 2 2 2 2 2 2 2 2 2 2 2 2
left_child=1 2 3 4 9 -6 11 -8 10 -1 -9 12 18 14 -14 16 17 -16 -3
right_child=-2 6 -4 -5 5 -7 7 8 -10 -11 -12 -13 13 -15 15 -17 -18 -19 -20
leaf_value=0.00035004705532628579 -0.00047853228441391396 2.68331948057639e-06 0.0020350022601484151 -0.00082230855758098182 5.9680513308581998e-05 -0.00045707895432133233 -0.00074802666551418483 -0.00024177543698897355 0.0001086516024680854 -7.6839448665850797e-05 7.3206722123365123e-05 0.00030309863982088596 -0.00050332708759503097 -0.00082294993393588816 0.00016504784416177982 -0.00037884587858021612 0.00064939360928340309 -0.00035939048387566199 0.00037441534945537573
leaf_weight=68 58 8759 54 40 61 75 62 140 193 60 77 52 41 40 84 53 57 54 50
leaf_count=68 58 8759 54 40 61 75 62 140 193 60 77 52 41 40 84 53 57 54 50
internal_value=1.32347e-12 2.76995e-06 0.000183101 -0.000145855 -4.3362e-05 -0.000225297 -3.91175e-06 -0.000113601 -1.76631e-05 0.000149944 -0.000130008 1.7219e-06 6.90433e-09 -0.000128149 -3.19823e-05 4.59417e-05 0.000161397 -4.01672e-05 4.79328e-06
internal_weight=10078 10020 358 304 264 136 9662 472 410 128 217 9190 9138 329 289 248 195 138 8809
internal_count=10078 10020 358 304 264 136 9662 472 410 128 217 9190 9138 329 289 248 195 138 8809
is_linear=0
shrinkage=0.05


Tree=97
num_leaves=20
num_cat=0
split_feature=1 13 3 6 3 10 12 8 1 8 10 10 8 5 7 3 6 7 4
split_gain=0.00521949 0.074489 0.0091154 0.00903584 0.00329037 0.00246013 0.00355819 0.00240989 0.00563123 0.00554834 0.00319 0.00720756 0.00285001 0.00221456 0.00215993 0.00199625 0.00749579 0.00880106 0.00755056
threshold=2.3762423975743672 2.3094612728998838 0.56108932438482739 -0.50873784920340492 2.2035044783654372 -1.1274452300180025 2.3274988156197214 1.9680144247550422 -0.61893756123996024 1.820952054140776 -1.271903600222595 -1.5935341124626223 -0.53027403989694799 -0.23979339622388782 0.3492498837014299 0.36119558180380612 1.5419305807304788 -1.3613568920182597 -0.91969957571935701
decision_type=2 2 2 2 2 2 2 2 2 2 2 2 2 2 2 2 2 2 2
left_child=1 4 3 -2 7 -5 -7 9 -9 10 11 12 -1 -14 -8 -12 17 -17 -19
right_child=2 -3 -4 5 -6 6 14 8 -10 -11 15 -13 13 -15 -16 16 -18 18 -20
leaf_value=0.00030051259236643093 -0.00080227948712446255 0.0018264996326901645 -0.00087119211491038353 -0.00034708230965546909 0.00032968280516011087 -0.00042542342205706521 2.3907729826078139e-05 -4.2025792121421548e-05 0.00067568232337835918 -0.00055564211709323633 1.2244902325421579e-05 -0.00061087331404061323 0.00014834006359130717 -0.00025752940727615398 0.00040003604214937453 0.00059337732958903702 -0.00067581424363711651 -0.00036383215316206145 -1.5673414431662982e-05
leaf_weight=51 41 56 41 52 74 40 288 75 43 46 7082 70 49 107 44 55 46 172 1646
leaf_count=51 41 56 41 52 74 40 288 75 43 46 7082 70 49 107 44 55 46 172 1646
internal_value=-1.29444e-12 8.27314e-06 -0.000156503 -9.34874e-05 -2.4268e-06 -2.49486e-05 2.00808e-05 -5.02965e-06 0.000219512 -7.87134e-06 -5.15551e-06 -0.000172281 -2.39654e-05 -0.000130045 7.37561e-05 -1.2318e-08 -4.52471e-05 -2.97607e-05 -4.86125e-05
internal_weight=10078 9572 506 465 9516 424 372 9442 118 9324 9278 277 207 156 332 9001 1919 1873 1818
internal_count=10078 9572 506 465 9516 424 372 9442 118 9324 9278 277 207 156 332 9001 1919 1873 1818
is_linear=0
shrinkage=0.05


Tree=98
num_leaves=20
num_cat=0
split_feature=3 13 10 10 0 8 13 12 10 6 7 13 4 9 2 5 4 2 6
split_gain=0.00522163 0.0112684 0.00476788 0.0861527 0.00768724 0.00261707 0.00251644 0.0124488 0.00225879 0.00214243 0.00204676 0.00271106 0.0017654 0.00175518 0.00180323 0.00253741 0.00246184 0.00919588 0.00551099
threshold=2.0281924438166299 -0.6214850616055847 -1.271903600222595 -1.4258181616239864 1.9323038217108532 -0.59433271847776914 2.3094612728998838 2.2707458826104805 -3.0425379700107009 -0.0071627661420398782 -0.25272628089542543 3.0739261542330749 -0.049133547200513668 2.7081462623861454 1.5788843746511967 0.45871353324232494 1.3049345252317759 1.0028896369891791 0.72902413189758086
decision_type=2 2 2 2 2 2 2 2 2 2 2 2 2 2 2 2 2 2 2
left_child=2 -2 3 4 5 -1 13 -8 -7 10 -9 -12 -6 14 16 -16 -4 18 -18
right_child=1 -3 6 -5 12 8 7 9 -10 -11 11 -13 -14 -15 15 -17 17 -19 -20
leaf_value=0.0003742884050952853 -0.0009229073457865289 0.00021705583601099688 1.1788232961087832e-05 0.0023693925653515183 -0.00026745799559648733 -0.00030906745210676544 -0.00077622146106272522 0.00018462872106939294 7.7782784306927667e-05 0.00010514266643977566 -0.00036011112978442164 4.5130144794444172e-05 -0.00072895265076049545 0.00033298721500614193 -3.3244917713336939e-05 -0.00031491144939483251 5.4652130277322395e-05 -0.00080800568241609779 -0.00055449392780564121
leaf_weight=50 46 41 8293 40 40 53 62 43 131 193 105 68 43 40 370 102 272 43 43
leaf_count=50 46 41 8293 40 40 53 62 43 131 193 105 68 43 40 370 102 272 43 43
internal_value=-6.12527e-13 -0.000385683 3.35847e-06 0.000182789 -9.31227e-05 5.35188e-05 -3.29057e-06 -0.000116002 -3.36469e-05 -1.59199e-05 -0.000124092 -0.000200826 -0.000506546 2.50307e-06 1.05405e-06 -9.41135e-05 6.24641e-06 -0.000122129 -2.85011e-05
internal_weight=10078 87 9991 357 317 234 9634 471 184 409 216 173 83 9163 9123 472 8651 358 315
internal_count=10078 87 9991 357 317 234 9634 471 184 409 216 173 83 9163 9123 472 8651 358 315
is_linear=0
shrinkage=0.05


Tree=99
num_leaves=20
num_cat=0
split_feature=13 13 6 12 10 10 3 2 0 10 13 1 4 4 7 13 6 0 12
split_gain=0.00506001 0.00462922 0.0884562 0.00823688 0.00411947 0.00619475 0.00516467 0.00400492 0.00349645 0.00302393 0.0026969 0.00240554 0.00204826 0.00262679 0.00550264 0.00322492 0.00293019 0.00702593 0.00765901
threshold=-0.63758908041290896 2.4431102656536994 -0.51912102639675706 2.3274988156197214 -1.271903600222595 -1.5935341124626223 2.2035044783654372 -0.60533447485892034 -0.65565888177001785 -1.1274452300180025 -0.63335566498670459 0.8246747466560741 2.4358082430975041 1.6638982793015453 -0.28196587612221818 -0.62356783545283989 -1.3615036229306428 -0.63636642934200316 -0.6092031055273287
decision_type=2 2 2 2 2 2 2 2 2 2 2 2 2 2 2 2 2 2 2
left_child=-1 4 -3 -4 5 7 8 11 -6 -5 -10 -2 13 16 -15 -16 17 -12 -19
right_child=1 2 3 9 6 -7 -8 -9 10 -11 12 -13 -14 14 15 -17 -18 18 -20
leaf_value=-0.00048726232466919412 -0.0001123043764483416 0.0022636523926889318 -0.0007508231110841734 -0.00040819573592671082 -0.0004326690567974398 -0.00063037412904137346 0.00042556959842200541 -0.00031520790172933591 0.0003283398937451092 5.1190673649553237e-05 0.00016053046249984721 0.00032866100265751955 0.00035005754330862744 -0.0006894763036587731 0.00031477473765039051 -0.00024872533830632402 4.5206378707284194e-06 -0.00082981740406626564 -0.00012495932433394198
leaf_weight=53 59 45 40 40 47 63 71 93 62 343 107 65 41 43 43 62 8625 57 119
leaf_count=53 59 45 40 40 47 63 71 93 62 343 107 65 41 43 43 62 8625 57 119
internal_value=3.27915e-13 2.57605e-06 0.000156115 -6.80907e-05 -4.94267e-06 -0.000193896 7.60354e-07 -6.71766e-05 -2.51593e-06 3.21298e-06 -3.0857e-07 0.000118847 -2.54845e-06 -4.14484e-06 -0.000213062 -1.79586e-05 -6.73831e-07 -0.000158986 -0.000353237
internal_weight=10078 10025 468 423 9557 280 9277 217 9206 383 9159 124 9097 9056 148 105 8908 283 176
internal_count=10078 10025 468 423 9557 280 9277 217 9206 383 9159 124 9097 9056 148 105 8908 283 176
is_linear=0
shrinkage=0.05


Tree=100
num_leaves=20
num_cat=0
split_feature=3 1 10 2 0 10 2 13 12 6 2 0 0 0 0 9 10 9 10
split_gain=0.00515083 0.0109424 0.00473764 0.0857055 0.00433868 0.00388815 0.00301475 0.00257859 0.0107719 0.00260593 0.00222635 0.00178903 0.00204875 0.00894694 0.00764767 0.00593775 0.00418146 0.00451543 0.00563025
threshold=2.0281924438166299 -0.64012424332262452 -1.271903600222595 0.33990933862367695 1.5213619755481094 -1.9681275162524032 -0.41307212695181011 2.3094612728998838 2.2707458826104805 -0.47906247743063313 -0.81763251416398652 -0.6536413704049967 -0.64557132494491209 -0.64355381357989094 -0.64708445846867801 -0.10059586736913813 -0.083210884750331351 -0.071236568159804725 -0.061944015997488215
decision_type=2 2 2 2 2 2 2 2 2 2 2 2 2 2 2 2 2 2 2
left_child=2 -2 3 4 6 -6 10 11 -9 -10 -1 -4 14 -14 15 -13 -17 -18 -19
right_child=1 -3 7 -5 5 -7 -8 8 9 -11 -12 12 13 -15 -16 16 17 18 -20
leaf_value=7.8169389116259196e-05 0.00017127780156442896 -0.00095028823842619391 0.00024256656221017717 0.0023329563130817673 -9.8185659522035477e-05 -0.00066740683093667033 0.00039588956581913711 -0.00073153380727460668 -0.00040240259097517104 1.7837552067960688e-05 -0.00033961549778117238 0.00051435807984083297 0.00052250518865658237 8.754832537485813e-07 -0.00056460297844993575 -0.00031733877089000538 0.0004167446643865939 -0.00043413745030799577 0.00021413836313834459
leaf_weight=95 44 43 77 41 75 50 48 62 41 368 48 47 83 8565 75 122 60 66 68
leaf_count=95 44 43 77 41 75 50 48 62 41 368 48 47 83 8565 75 122 60 66 68
internal_value=-8.65996e-14 -0.000383059 3.33562e-06 0.000182197 -9.68577e-05 -0.000325874 5.30222e-05 -3.2923e-06 -0.000117387 -2.42892e-05 -6.20661e-05 2.57245e-06 5.38602e-07 5.88187e-06 -0.000104961 -9.99307e-06 -8.7982e-05 5.62527e-05 -0.000105162
internal_weight=10078 87 9991 357 316 125 191 9634 471 409 143 9163 9086 8648 438 363 316 194 134
internal_count=10078 87 9991 357 316 125 191 9634 471 409 143 9163 9086 8648 438 363 316 194 134
is_linear=0
shrinkage=0.05


Tree=101
num_leaves=20
num_cat=0
split_feature=12 13 6 12 10 9 3 2 9 10 9 0 2 3 6 13 1 13 1
split_gain=0.00502853 0.00468491 0.0897639 0.0068216 0.00405677 0.0070248 0.00520963 0.00295569 0.00272259 0.00269698 0.00217524 0.00171918 0.00172178 0.00981712 0.00447082 0.00421806 0.00878333 0.00924085 0.0046539
threshold=3.1852681167361565 2.4431102656536994 -0.47906247743063313 2.3274988156197214 -1.271903600222595 -1.2429601731835551 2.2035044783654372 -0.60533447485892034 -1.8713323396532056 -0.42337058122944687 -1.8713323396532056 2.3297535606200186 -0.3625019867196308 1.2876091594032757 1.3448912223409628 -0.50516781577973058 -0.55106405875956843 -0.52807154805709244 -0.076837605915260856
decision_type=2 2 2 2 2 2 2 2 2 2 2 2 2 2 2 2 2 2 2
left_child=1 4 -3 -4 5 7 11 8 -1 -5 -9 12 13 14 15 16 -6 -18 -17
right_child=-2 2 3 9 6 -7 -8 10 -10 -11 -12 -13 -14 -15 -16 18 17 -19 -20
leaf_value=0.00022388715093569849 -0.00039990438968883477 0.002358554442686173 -0.00069774972602317572 -0.00023750514575202853 -3.8390428656841539e-05 -0.00074053216353604518 0.00042545751894067512 -0.00057619402487478336 -0.00020386282063085555 8.2716393992570054e-05 -7.7856467551294171e-05 -0.00027770422880816375 1.5706525560206251e-05 -0.00071804805783732965 0.0003823100955153624 0.00023918833682606122 -0.001048764531294017 -0.00017080355963823056 -1.3096470800361281e-05
leaf_weight=93 78 42 40 91 2013 48 72 41 62 237 47 56 6058 51 68 268 44 94 575
leaf_count=93 78 42 40 91 2013 48 72 41 62 237 47 56 6058 51 68 268 44 94 575
internal_value=-1.77423e-13 3.11925e-06 0.000168634 -8.13021e-05 -3.95699e-06 -0.000187789 1.7958e-06 -7.86058e-05 5.27872e-05 -6.12556e-06 -0.000310036 -1.51011e-06 1.76389e-07 -3.00458e-05 -1.85866e-05 -2.76918e-05 -6.48448e-05 -0.000450733 6.7108e-05
internal_weight=10078 10000 410 368 9590 291 9299 243 155 328 88 9227 9171 3113 3062 2994 2151 138 843
internal_count=10078 10000 410 368 9590 291 9299 243 155 328 88 9227 9171 3113 3062 2994 2151 138 843
is_linear=0
shrinkage=0.05


Tree=102
num_leaves=20
num_cat=0
split_feature=3 10 10 2 0 2 13 12 6 8 8 7 7 0 10 2 2 2 3
split_gain=0.00512448 0.00466373 0.0804262 0.00883267 0.00383875 0.00234386 0.00227969 0.00942049 0.00347635 0.00180781 0.0017331 0.00172012 0.00201348 0.00796464 0.00388274 0.00437535 0.00699984 0.00321132 0.00235102
threshold=2.2633028584769961 -1.271903600222595 -1.4258181616239864 0.19157043859801193 2.3297535606200186 -0.41307212695181011 2.3094612728998838 2.2707458826104805 -0.47906247743063313 0.27041838151374881 0.0081533185266936762 2.4363546096675015 1.3054319769553502 -0.45693401231543523 -0.11824388690361509 0.88811094856276085 0.44272897268025174 -0.13493686263975899 -0.39563492343636408
decision_type=2 2 2 2 2 2 2 2 2 2 2 2 2 2 2 2 2 2 2
left_child=1 2 3 4 5 -1 11 -8 -9 10 -10 12 18 14 -14 16 17 -16 -3
right_child=-2 6 -4 -5 -6 -7 7 8 9 -11 -12 -13 13 -15 15 -17 -18 -19 -20
leaf_value=2.4414346092429381e-05 -0.00046862726800288236 5.6581564260928989e-05 0.0022929811241920108 -0.00078056379639747332 -0.0003327070584330819 0.00041769833252907793 -0.00068544353546918331 -0.00046093494470924055 -8.3926963069052843e-06 -0.00019847846524997242 0.00024618870303468201 0.0002884086411750804 -0.00048064131814299336 -0.00078269006597111003 0.00015496307613440359 -0.00035822358064972336 0.00062022438800532226 -0.00033925078483257998 -8.269978530933301e-06
leaf_weight=167 58 1742 40 40 62 49 62 41 194 73 102 52 41 40 84 53 57 54 7067
leaf_count=167 58 1742 40 40 62 49 62 41 194 73 102 52 41 40 84 53 57 54 7067
internal_value=-1.14648e-12 2.71261e-06 0.000179925 -8.58678e-05 1.40884e-05 0.000113632 -3.85354e-06 -0.000111021 -2.41566e-05 2.43744e-05 7.93347e-05 1.65058e-06 1.87729e-08 -0.000121427 -2.99031e-05 4.46141e-05 0.000154103 -3.8425e-05 4.55456e-06
internal_weight=10078 10020 358 318 278 216 9662 472 410 369 296 9190 9138 329 289 248 195 138 8809
internal_count=10078 10020 358 318 278 216 9662 472 410 369 296 9190 9138 329 289 248 195 138 8809
is_linear=0
shrinkage=0.05


Tree=103
num_leaves=20
num_cat=0
split_feature=0 2 9 3 9 3 2 8 13 2 3 10 6 3 13 6 13 6 8
split_gain=0.00488267 0.00387227 0.0987433 0.0120576 0.00512045 0.00488448 0.00665793 0.00452473 0.00420902 0.00611348 0.00444876 0.0125411 0.00993096 0.00688295 0.00810504 0.004088 0.00683267 0.00495395 0.00551949
threshold=3.3289260641467391 -0.024697959798182845 -0.74714972987907402 2.0281924438166299 -0.39727747029922073 -1.0537665183648393 0.49086791838719301 -1.4046750025251453 2.4068245133561974 -0.20207643972976011 0.6910327313283825 -0.022523960252492887 0.016141798209929819 0.94045350806733152 -0.59489980907123508 -0.94657129190599987 -0.59121212548860635 -0.51912102639675706 -0.18651883521935506
decision_type=2 2 2 2 2 2 2 2 2 2 2 2 2 2 2 2 2 2 2
left_child=1 8 -3 4 -4 6 -6 -7 10 -10 -1 12 13 -12 -15 16 -9 18 -17
right_child=-2 2 3 -5 5 7 -8 15 9 -11 11 -13 -14 14 -16 17 -18 -19 -20
leaf_value=-3.1060051742461625e-06 -0.00039925276086203099 0.0021221789167092148 -0.00049088396682726366 0.00078306073788553482 0.00065136248421327056 -0.00043133360206411454 -0.00012489460096595453 0.00054063798137374568 -0.00011068197156349085 -0.00074765439027111788 -0.00026496365973524111 -0.0010187267659011923 -0.00062856943541599107 -1.2636793710435002e-05 0.00070954300302845268 0.00018275148619137282 -0.00012914541095431726 1.2215357361472388e-05 -0.00029280638143620256
leaf_weight=4432 76 56 52 50 67 60 47 90 208 46 106 40 67 107 61 79 66 4100 268
leaf_count=4432 76 56 52 50 67 60 47 90 208 46 106 40 67 107 61 79 66 4100 268
internal_value=-3.65515e-13 3.03371e-06 3.45577e-05 1.05965e-05 2.59832e-06 7.97012e-06 0.000331327 6.47711e-08 -2.76691e-05 -0.000226039 -1.72003e-05 -0.000181153 -8.29041e-05 5.0525e-05 0.000249583 5.68804e-06 0.000257268 -3.13735e-06 -0.000184538
internal_weight=10078 10002 4935 4879 4829 4777 114 4663 5067 254 4813 381 341 274 168 4603 156 4447 347
internal_count=10078 10002 4935 4879 4829 4777 114 4663 5067 254 4813 381 341 274 168 4603 156 4447 347
is_linear=0
shrinkage=0.05


Tree=104
num_leaves=20
num_cat=0
split_feature=3 13 1 12 6 13 9 10 2 10 10 3 4 6 10 9 3 0 5
split_gain=0.00522791 0.0112949 0.0048912 0.0688784 0.00833332 0.00355034 0.00316042 0.00311903 0.00787671 0.00383853 0.0022309 0.0017514 0.00168079 0.00726488 0.00714566 0.00958339 0.00953678 0.00770963 0.00619891
threshold=2.0281924438166299 -0.6214850616055847 2.3169323743788852 2.2707458826104805 -0.50873784920340492 2.2039247461907165 1.9706949481000062 -1.271903600222595 0.17796582643466494 -1.5935341124626223 -1.1274452300180025 -0.25886792403138109 -0.78952699941703852 -0.6253623376104035 -0.014109520815281103 -0.068225127859391319 0.49299808302163367 -0.55528769136021594 0.72910638830678376
decision_type=2 2 2 2 2 2 2 2 2 2 2 2 2 2 2 2 2 2 2
left_child=2 -2 5 -4 -5 7 10 8 9 11 -6 -1 13 18 15 -15 -17 -16 -9
right_child=1 -3 3 4 6 -7 -8 12 -10 -11 -12 -13 -14 14 17 16 -18 -19 -20
leaf_value=0.00028867089802811838 -0.00092377031662339436 0.00021753228488151076 0.0018615576780713077 -0.00066162221919512381 -0.00032885279710731432 -0.00044808566222652902 0.00034558976423581687 0.00060393629033057459 -0.00081665302452165649 -0.00039134255027875044 2.4099517581223907e-05 -4.7485955695242599e-05 -4.5931358123770101e-06 -6.1562323183864671e-05 -0.00075686877577058552 0.00065455965839710353 -0.00017367873962211889 -2.2321542251951523e-05 -5.3503867890288925e-05
leaf_weight=57 46 41 53 48 52 45 68 103 40 64 322 121 8300 348 58 114 50 93 55
leaf_count=57 46 41 53 48 52 45 68 103 40 64 322 121 8300 348 58 114 50 93 55
internal_value=5.33089e-13 -0.000385915 3.36049e-06 0.00014929 -3.59144e-05 -5.02645e-06 3.20358e-05 -2.9061e-06 -0.000166679 -5.92458e-05 -2.49741e-05 6.01598e-05 2.15739e-06 7.04027e-05 -2.2053e-06 8.69378e-05 0.000402048 -0.000304466 0.000375081
internal_weight=10078 87 9991 543 490 9448 442 9403 282 242 374 178 9121 821 663 512 164 151 158
internal_count=10078 87 9991 543 490 9448 442 9403 282 242 374 178 9121 821 663 512 164 151 158
is_linear=0
shrinkage=0.05


Tree=105
num_leaves=20
num_cat=0
split_feature=13 13 12 6 10 2 3 5 0 6 6 0 4 7 3 7 7 8 8
split_gain=0.00483679 0.00456356 0.089854 0.0090666 0.00462325 0.00657613 0.0048302 0.00350812 0.00332106 0.00300169 0.00465938 0.00254155 0.00241784 0.00234242 0.00227154 0.00256746 0.00287136 0.00241532 0.00698321
threshold=-0.63758908041290896 2.4431102656536994 2.3274988156197214 -0.50873784920340492 -1.271903600222595 0.1250400494222286 2.2035044783654372 -0.62500118551742478 -0.65565888177001785 -0.13329725050647476 -0.34426178142962899 -0.65313699256374147 -0.0036699918964769452 -0.037399911399791583 -2.2105802066416023 -2.0003629416964892 -1.8444489091597831 1.9680144247550422 1.820952054140776
decision_type=2 2 2 2 2 2 2 2 2 2 2 2 2 2 2 2 2 2 2
left_child=-1 4 -3 -4 5 7 8 -2 -6 10 -9 -10 13 -5 -13 -16 -17 18 -18
right_child=1 2 3 12 6 -7 -8 9 11 -11 -12 14 -14 -15 15 16 17 -19 -20
leaf_value=-0.00047639318986083076 -0.00051801722747227144 0.0023330567492785333 -0.00075373420157458986 -3.9231301534263132e-05 -0.00042129935984043998 -0.00078194007531107819 0.00041191833026946563 6.7566957619015345e-05 0.00027061172554250485 0.00019145448221474565 -0.0006224380903040584 -0.00030409582334780887 -0.00012330084738933607 0.00029880302212690121 -0.00028602971843168072 0.00042476065471419138 4.5636910720055844e-07 0.00024831759884861091 -0.00066169493569759655
leaf_weight=53 42 43 43 103 47 42 71 63 86 93 40 62 177 102 78 40 8756 97 40
leaf_count=53 42 43 43 103 47 42 71 63 86 93 40 62 177 102 78 40 8756 97 40
internal_value=4.11414e-13 2.51859e-06 0.000154965 -6.54064e-05 -4.94662e-06 -0.000205121 1.09506e-06 -0.000103329 -2.07336e-06 -1.4467e-05 -0.000200396 7.79291e-08 1.20755e-05 0.000128961 -2.48637e-06 -4.11155e-07 2.08277e-06 1.81601e-07 -2.55478e-06
internal_weight=10078 10025 468 425 9557 280 9277 238 9206 196 103 9159 382 205 9073 9011 8933 8893 8796
internal_count=10078 10025 468 425 9557 280 9277 238 9206 196 103 9159 382 205 9073 9011 8933 8893 8796
is_linear=0
shrinkage=0.05


Tree=106
num_leaves=20
num_cat=0
split_feature=3 10 10 13 2 10 13 12 6 0 12 10 0 13 10 2 13 5 10
split_gain=0.00513959 0.011115 0.00430339 0.0828544 0.00832934 0.00387679 0.00248086 0.0107948 0.00228001 0.00182783 0.00196486 0.00786293 0.00449095 0.0060599 0.0127466 0.0119463 0.00856092 0.01061 0.0166584
threshold=2.0281924438166299 -0.080610666209532542 -1.271903600222595 2.4431102656536994 0.19157043859801193 -1.5935341124626223 2.3094612728998838 2.2707458826104805 -0.47906247743063313 -0.6536413704049967 -0.63773628895791223 -0.098477000520430152 -0.64304943573863571 -0.62206167515333233 -0.096514690533107697 0.36570666763648513 -0.61855414694808453 0.85329135087175334 -0.10223601904736289
decision_type=2 2 2 2 2 2 2 2 2 2 2 2 2 2 2 2 2 2 2
left_child=2 -2 3 4 5 -1 9 -8 -9 -4 11 -11 -12 14 -14 -16 17 18 -15
right_child=1 -3 6 -5 -6 -7 7 8 -10 10 12 -13 13 16 15 -17 -18 -19 -20
leaf_value=6.5583440106640434e-05 0.00017605237788467838 -0.00095432772934653384 0.00024535023920935754 0.0019781382493588521 -0.00081997185310683568 -0.00037718725631720825 -0.0007296962345266835 -0.00037537805583269805 1.7704621582790585e-05 -0.00066993011941020905 0.0002269496021022909 -1.598764814073836e-05 -0.00098767559603847393 0.001002515208521167 0.0004377726041133833 -0.00038630143777015045 -2.6677917205980325e-06 0.0010238091946897529 -6.0715468449367056e-05
leaf_weight=197 44 43 77 54 40 66 62 41 368 54 223 309 47 46 72 113 7996 41 185
leaf_count=197 44 43 77 54 40 66 62 41 368 54 223 309 47 46 72 113 7996 41 185
internal_value=5.9011e-14 -0.000382641 3.33198e-06 0.000173799 -0.000147767 -4.55301e-05 -2.98488e-06 -0.000114897 -2.16998e-05 2.76765e-06 7.11866e-07 -0.000113268 5.45505e-06 -3.55922e-07 -0.000252384 -6.55807e-05 6.716e-06 0.000282572 0.00015101
internal_weight=10078 87 9991 357 303 263 9634 471 409 9163 9086 363 8723 8500 232 185 8268 272 231
internal_count=10078 87 9991 357 303 263 9634 471 409 9163 9086 363 8723 8500 232 185 8268 272 231
is_linear=0
shrinkage=0.05


Tree=107
num_leaves=20
num_cat=0
split_feature=1 13 3 6 3 10 12 10 10 2 2 7 7 7 8 13 9 13 2
split_gain=0.00523623 0.0734683 0.0079601 0.00983221 0.00324752 0.00247754 0.00322774 0.0022257 0.00950678 0.00281325 0.00211066 0.00182265 0.00172715 0.00294497 0.00269138 0.00385196 0.00866127 0.00899958 0.0118527
threshold=2.3762423975743672 2.3094612728998838 0.56108932438482739 -0.50873784920340492 2.2035044783654372 -1.271903600222595 2.3274988156197214 -1.1274452300180025 -1.4258181616239864 0.056293409742753063 -0.41307212695181011 0.3492498837014299 -2.4191332456680597 -2.0003629416964892 -2.4184688786886817 -0.62897706731583081 -0.073785346613212885 -0.63031094038514901 1.0948171937067606
decision_type=2 2 2 2 2 2 2 2 2 2 2 2 2 2 2 2 2 2 2
left_child=1 4 3 -2 7 -5 -7 8 9 10 -1 -8 -9 -14 -15 16 -16 18 -18
right_child=2 -3 -4 5 -6 6 11 12 -10 -11 -12 -13 13 14 15 -17 17 -19 -20
leaf_value=1.2948384602430765e-05 -0.00083723390452200325 0.001814012069371529 -0.00082461871572332918 -0.00035693001424078833 0.00032759995386161771 -0.00040662910449100313 2.2563333375376222e-05 0.00030195389761579564 -0.00062290628959185842 -0.00035575847778957165 0.00041428499140992492 0.00036465243953797555 -0.00039669066651147161 0.00039475174591305316 -0.0004396546918617608 4.7696552832760505e-06 0.00063923051205943399 -0.00060090769577072936 -0.00026631147589597506
leaf_weight=163 41 56 41 50 74 40 289 47 76 42 41 45 47 43 157 8639 83 40 64
leaf_count=163 41 56 41 50 74 40 289 47 76 42 41 45 47 43 157 8639 83 40 64
internal_value=3.03059e-13 8.2864e-06 -0.000156754 -9.78669e-05 -2.33998e-06 -2.63715e-05 1.78209e-05 -4.92582e-06 -0.000134119 1.68879e-05 9.36092e-05 6.86532e-05 -3.6438e-07 -1.93045e-06 1.25136e-07 -1.76387e-06 -0.000165843 6.40422e-05 0.000244981
internal_weight=10078 9572 506 465 9516 424 374 9442 322 246 204 334 9120 9073 9026 8983 344 187 147
internal_count=10078 9572 506 465 9516 424 374 9442 322 246 204 334 9120 9073 9026 8983 344 187 147
is_linear=0
shrinkage=0.05


Tree=108
num_leaves=20
num_cat=0
split_feature=3 1 10 9 5 6 4 6 1 13 12 8 9 9 7 8 7 9 0
split_gain=0.00501686 0.0104657 0.00426095 0.0842271 0.00508087 0.0101706 0.00359987 0.00503002 0.00457438 0.00253469 0.0117554 0.00251677 0.00205402 0.00230592 0.0037588 0.00577504 0.00763426 0.0027702 0.00787751
threshold=2.0281924438166299 -0.64012424332262452 -0.96310059043311169 -0.95660734973321693 0.22457543173878569 -0.28631599572417327 0.026191604132283879 -0.32301895116780738 1.6536512580252334 2.3094612728998838 2.2707458826104805 -0.13702555663403665 -0.74714972987907402 -0.31298046229098675 -0.29003108163670527 0.016306854265079506 -0.64039273759886228 -0.20840213913589881 -0.58050658342298023
decision_type=2 2 2 2 2 2 2 2 2 2 2 2 2 2 2 2 2 2 2
left_child=2 -2 3 4 6 -6 7 -1 -8 12 -11 -9 -4 14 15 16 -14 18 -15
right_child=1 -3 9 -5 5 -7 8 11 -10 10 -12 -13 13 17 -16 -17 -18 -19 -20
leaf_value=0.00059773959167715586 0.00016408260390479964 -0.00093278041174418716 -0.00026021661849242537 0.0019665731629564627 -0.0010210260876636135 1.156059943400977e-05 5.1836128244107008e-05 0.00020635483616969708 -0.00058383099991372043 -0.00075849299530325945 -1.8945090465720153e-05 -0.00024783974157329439 -0.00038824247188001338 -0.00066746655869083353 -9.4703001847462983e-06 0.00079161614842672391 0.00053938764241583494 4.8025504784661744e-06 -2.4155681980695727e-05
leaf_weight=45 44 43 74 56 41 57 67 61 49 62 403 61 42 59 187 46 47 8388 246
leaf_count=45 44 43 74 56 41 57 67 61 49 62 403 61 42 59 187 46 47 8388 246
internal_value=-3.5975e-13 -0.000378045 3.29195e-06 0.000155968 -0.000110158 -0.00042044 -2.71023e-06 0.000145914 -0.000216678 -3.69145e-06 -0.000117551 -2.07425e-05 2.13372e-06 4.28723e-06 0.000135678 0.000336736 0.00010163 -5.79665e-07 -0.000148599
internal_weight=10078 87 9991 437 381 98 283 167 116 9554 465 122 9089 9015 322 135 89 8693 305
internal_count=10078 87 9991 437 381 98 283 167 116 9554 465 122 9089 9015 322 135 89 8693 305
is_linear=0
shrinkage=0.05


Tree=109
num_leaves=20
num_cat=0
split_feature=3 0 6 12 10 3 10 2 10 4 9 2 13 10 6 10 10 9 4
split_gain=0.00460963 0.00444548 0.087801 0.0154445 0.00403216 0.00247502 0.00237696 0.00725129 0.00595158 0.00539968 0.00310918 0.00230206 0.00196654 0.00186116 0.00707629 0.00667006 0.00513518 0.00921304 0.00598174
threshold=2.2633028584769961 2.3632946870634952 -0.51912102639675706 2.3274988156197214 -1.1274452300180025 0.38212131896601365 -0.81562996157095136 0.33990933862367695 -1.4258181616239864 0.17004753031438014 -1.2429601731835551 -0.40637143826623884 2.3094612728998838 -0.2958575356998282 -0.81610861721712102 -0.32272968417173797 -0.25140637188352566 -0.2825285720630038 -0.019547237413500822
decision_type=2 2 2 2 2 2 2 2 2 2 2 2 2 2 2 2 2 2 2
left_child=1 6 -3 -4 -5 -6 7 8 11 10 -10 -1 13 14 -8 -16 17 -15 -19
right_child=-2 2 3 4 5 -7 12 -9 9 -11 -12 -13 -14 16 15 -17 -18 18 -20
leaf_value=1.9027794548242263e-05 -0.00044446333430924227 0.0021813573430942298 -0.00089601437523378989 -0.0004055171533368791 4.4614209097251371e-05 0.00045730358109633413 -0.00046283883615008865 -0.0006687484673918489 0.00024247565539553762 -0.00074908631431753754 -0.00038094066933808796 0.00038593869118669415 -0.00031251947129476323 0.00026863335794769227 8.4294581273078976e-05 0.00065514130165543211 2.2094331798063188e-06 -0.00092924740302754256 -0.00017070896520083041
leaf_weight=171 58 48 50 46 319 41 48 53 40 46 40 57 50 50 293 62 8502 53 51
leaf_count=171 58 48 50 46 319 41 48 53 40 46 40 57 50 50 293 62 8502 53 51
internal_value=3.76046e-13 2.57274e-06 0.000147286 -6.6827e-05 3.52896e-05 9.16149e-05 -5.09176e-06 -0.000123312 -4.16506e-05 -0.000317433 -6.92325e-05 0.000110756 1.90453e-07 1.91642e-06 0.00010695 0.000183992 -2.97366e-06 -0.000289121 -0.000557272
internal_weight=10078 10020 504 456 406 360 9516 407 354 126 80 228 9109 9059 403 355 8656 154 104
internal_count=10078 10020 504 456 406 360 9516 407 354 126 80 228 9109 9059 403 355 8656 154 104
is_linear=0
shrinkage=0.05


Tree=110
num_leaves=20
num_cat=0
split_feature=1 13 6 2 3 9 4 2 10 9 8 0 3 7 9 7 5 10 9
split_gain=0.00510328 0.0700423 0.00800531 0.00932297 0.00353217 0.00288714 0.00213062 0.00271536 0.00207858 0.00641135 0.00184319 0.00176409 0.00203751 0.00240414 0.00851608 0.0026551 0.00223827 0.00819121 0.0110194
threshold=2.3762423975743672 2.3094612728998838 -0.50873784920340492 1.3043072942110061 2.2035044783654372 1.9706949481000062 -0.0071946215577004162 0.4427295662113076 -1.271903600222595 -1.2429601731835551 -0.12722325971050677 -0.6536413704049967 -2.2105802066416023 -2.0003629416964892 -0.095753145090171868 -1.8444489091597831 1.44226743619902 -0.049793243844558806 -0.059523874832357666
decision_type=2 2 2 2 2 2 2 2 2 2 2 2 2 2 2 2 2 2 2
left_child=1 4 -2 5 8 6 -4 10 9 -1 -8 -10 -13 14 -14 -15 -17 18 -18
right_child=2 -3 3 -5 -6 -7 7 -9 11 -11 -12 12 13 15 -16 16 17 -19 -20
leaf_value=-3.5025439050301152e-05 -0.00076907307278209676 0.0017713015609453061 4.7817418024808304e-05 -0.00077378097947479951 0.0003419008341478656 0.00038779081749453327 -0.00029794366711904138 -0.00052424130570014114 0.00023755460226146334 -0.00068560262107186852 9.7253361174287945e-05 -0.00028843311555383191 -0.00073732512067686514 0.00040814941483404256 0.00026535643751230965 4.2336173083295645e-06 -0.00025766600582870718 -0.00052086095853273067 0.0005737708277928715
leaf_weight=239 48 56 207 45 74 40 51 45 77 45 70 62 45 40 40 8633 103 93 65
leaf_count=239 48 56 207 45 74 40 51 45 77 45 70 62 45 40 40 8633 103 93 65
internal_value=-3.39265e-13 8.18053e-06 -0.000154751 -9.0368e-05 -2.19513e-06 -1.59041e-05 -5.91958e-05 -0.00019264 -4.89192e-06 -0.00013811 -6.93173e-05 -7.60678e-07 -2.78141e-06 -8.17734e-07 -0.000265475 1.70027e-06 -1.27698e-07 -0.000144385 6.40209e-05
internal_weight=10078 9572 506 458 9516 413 373 166 9442 284 121 9158 9081 9019 85 8934 8894 261 168
internal_count=10078 9572 506 458 9516 413 373 166 9442 284 121 9158 9081 9019 85 8934 8894 261 168
is_linear=0
shrinkage=0.05


Tree=111
num_leaves=20
num_cat=0
split_feature=12 13 3 6 10 3 9 12 2 3 10 6 9 7 13 1 9 10 2
split_gain=0.00463659 0.0817974 0.00707835 0.00912755 0.00344667 0.0049444 0.0048413 0.00323343 0.00227978 0.00215473 0.00228775 0.00306723 0.00191053 0.00170702 0.002504 0.00910606 0.00559528 0.0124533 0.00483631
threshold=2.2050204523790367 2.3094612728998838 0.57615863152975411 -0.50873784920340492 -1.271903600222595 2.2035044783654372 -1.2429601731835551 2.3274988156197214 -0.60533447485892034 -0.5256510637172801 -0.35943258887072133 0.070266936480114325 -1.8713323396532056 -2.4191332456680597 -0.62897706731583081 -0.65090788390362142 -0.084359795673822638 -0.077950050827204118 -2.6189875610684736
decision_type=2 2 2 2 2 2 2 2 2 2 2 2 2 2 2 2 2 2 2
left_child=1 4 3 -2 6 13 8 -5 12 -9 11 -11 -1 -6 15 16 -15 -18 -16
right_child=2 -3 -4 7 5 -7 -8 9 -10 10 -12 -13 -14 14 18 -17 17 -19 -20
leaf_value=0.00017940042189779475 -0.00077846486580545552 0.0021348154466573357 -0.00077352289230386709 -0.00033252855074452888 0.00030050028071081157 0.00041591888427016483 -0.00065132249523432823 0.00037983022644766607 -0.00030651884389235897 4.7304765653929546e-05 7.5801370645719115e-05 -0.00049738036872592302 -0.00018297259652641634 0.0004717775883494012 0.00030079862534168774 -0.0005181472965895724 -0.00046810578008902394 0.00029296933416419698 -8.1344980788437965e-07
leaf_weight=88 44 45 41 72 47 72 45 40 76 56 245 48 62 56 135 107 108 107 8584
leaf_count=88 44 45 41 72 47 72 45 40 76 56 245 48 62 56 135 107 108 107 8584
internal_value=5.33886e-13 8.11683e-06 -0.000141703 -9.04062e-05 -1.97081e-06 3.19715e-06 -0.00017772 -2.47347e-05 -8.34181e-05 3.22348e-05 -7.60417e-06 -0.000204088 2.96196e-05 -5.26298e-08 -1.60545e-06 -0.000127592 2.6612e-05 -8.93382e-05 3.85654e-06
internal_weight=10078 9532 546 505 9487 9216 271 461 226 389 349 104 150 9144 9097 378 271 215 8719
internal_count=10078 9532 546 505 9487 9216 271 461 226 389 349 104 150 9144 9097 378 271 215 8719
is_linear=0
shrinkage=0.05


Tree=112
num_leaves=20
num_cat=0
split_feature=3 13 10 2 0 6 13 12 2 6 2 7 3 12 9 1 13 6 2
split_gain=0.00497205 0.0114229 0.0049497 0.0839575 0.00431173 0.00368042 0.0027407 0.0142528 0.00245925 0.00214947 0.00180847 0.00180021 0.00170204 0.00247694 0.00367563 0.00331446 0.00548657 0.00579989 0.00447853
threshold=2.0281924438166299 -0.6214850616055847 -1.271903600222595 0.33990933862367695 1.5213619755481094 -0.14111766408175999 2.3094612728998838 2.2707458826104805 -0.41307212695181011 -0.21192858126905043 -0.81763251416398652 -0.1482234229506729 -2.4694214797816358 -0.64367776320973435 -0.074579769424338846 -0.65090788390362142 -0.62897706731583081 -2.000386027369053 -1.474652171673779
decision_type=2 2 2 2 2 2 2 2 2 2 2 2 2 2 2 2 2 2 2
left_child=2 -2 3 4 8 -6 12 -8 10 -9 11 -1 -4 14 -14 -15 -17 -18 -19
right_child=1 -3 6 -5 5 -7 7 9 -10 -11 -12 -13 13 15 -16 16 17 18 -20
leaf_value=0.00027141772293193587 -0.00091724733495578657 0.00023050375343811494 0.00029644451807348096 0.0023148112264518603 -0.00059188841325756645 -4.925363030610791e-05 -0.00082756507826777501 -0.00021686763113136452 0.00036898916035473428 5.0740171784949078e-05 -0.00029477770009786279 -0.00016802681239801685 -0.00051079992042324547 0.00023470997884585674 4.2954160104977015e-05 -0.0003493267060687825 -0.00050278279395570284 0.00016900164711398425 -2.9977677924386525e-07
leaf_weight=54 46 41 49 41 62 63 62 99 48 310 48 41 58 153 62 111 56 410 8264
leaf_count=54 46 41 49 41 62 63 62 99 48 310 48 41 58 153 62 111 56 410 8264
internal_value=-2.93092e-13 -0.000376353 3.27722e-06 0.000186098 -9.00964e-05 -0.0003184 -3.49741e-06 -0.000121124 5.93173e-05 -1.40353e-05 -4.46285e-05 8.17627e-05 2.54888e-06 9.68796e-07 -0.000224694 3.97964e-06 -1.33221e-08 4.42812e-06 7.70271e-06
internal_weight=10078 87 9991 357 316 125 9634 471 191 409 143 95 9163 9114 120 8994 8841 8730 8674
internal_count=10078 87 9991 357 316 125 9634 471 191 409 143 95 9163 9114 120 8994 8841 8730 8674
is_linear=0
shrinkage=0.05


Tree=113
num_leaves=20
num_cat=0
split_feature=0 0 6 12 3 10 13 13 10 9 2 9 8 6 2 7 7 8 2
split_gain=0.00453164 0.00388728 0.0895757 0.0127976 0.00328874 0.00319415 0.00317584 0.00258819 0.00213621 0.00205563 0.00855482 0.00439911 0.00596476 0.00425816 0.00630489 0.00270291 0.00482269 0.00313109 0.0024588
threshold=3.3289260641467391 2.3632946870634952 -0.51912102639675706 2.3274988156197214 2.2035044783654372 -1.1274452300180025 2.3094612728998838 2.8492878395263754 1.4495758175312996 -0.41547954674579268 0.33990933862367695 -0.35198488757652974 -0.12722325971050677 -0.62508514766702672 -1.2077448113441684 -0.90948533711609347 -0.58530225041616546 0.28164049671077324 -0.3625019867196308
decision_type=2 2 2 2 2 2 2 2 2 2 2 2 2 2 2 2 2 2 2
left_child=1 4 -3 -4 6 -5 9 8 -7 10 13 12 -11 14 -1 -15 -17 -18 -13
right_child=-2 2 3 5 -6 7 -8 -9 -10 11 -12 18 -14 15 -16 16 17 -19 -20
leaf_value=-0.00080560628067781557 -0.00038463354410755291 0.002234932765334278 -0.00084610451047774414 -0.00037502682868722809 0.00032835875549731223 7.2861023502984151e-05 -0.00035456125810294633 -2.5260688852995372e-05 0.00056999426496986418 -8.1456903269729373e-05 -0.00073492560174296773 -4.0537041436107958e-05 0.00064739481549324534 0.00040061345737841397 -6.4353733896202739e-06 -0.00051415953698562506 0.00012752596921791507 -0.00027778654394155486 1.6222107588069094e-05
leaf_weight=41 76 46 50 46 74 47 65 200 40 52 48 2809 61 45 62 42 267 58 5949
leaf_count=41 76 46 50 46 74 47 65 200 40 52 48 2809 61 45 62 42 267 58 5949
internal_value=-1.57303e-13 2.92263e-06 0.000150169 -0.00010022 -3.67601e-06 1.17744e-05 -6.26265e-06 7.37704e-05 0.000301428 -3.86289e-06 -9.6509e-05 2.01692e-06 0.000311994 -3.70061e-05 -0.000324552 3.48804e-05 -9.96427e-06 5.51933e-05 -1.98256e-06
internal_weight=10078 10002 429 383 9573 333 9499 287 87 9434 563 8871 113 515 103 412 367 325 8758
internal_count=10078 10002 429 383 9573 333 9499 287 87 9434 563 8871 113 515 103 412 367 325 8758
is_linear=0
shrinkage=0.05


Tree=114
num_leaves=20
num_cat=0
split_feature=3 13 10 6 2 13 6 6 13 12 6 0 12 7 6 4 13 10 6
split_gain=0.00482025 0.0104144 0.00466088 0.0792021 0.0142455 0.00284821 0.0032342 0.00439751 0.00248302 0.0119667 0.00289426 0.00168741 0.00175888 0.00767581 0.00492567 0.00788921 0.00973019 0.00803331 0.00740838
threshold=2.0281924438166299 -0.6214850616055847 -1.271903600222595 -0.50873784920340492 0.33990933862367695 0.10144801451337455 -0.14111766408175999 0.099929239597977407 2.3094612728998838 2.2707458826104805 -0.47906247743063313 -0.6536413704049967 -0.50665384952804182 1.200856455721744 -0.6253623376104035 -0.7400953547294794 -0.6214850616055847 -0.077950050827204118 -1.3615036229306428
decision_type=2 2 2 2 2 2 2 2 2 2 2 2 2 2 2 2 2 2 2
left_child=2 -2 3 -1 5 -5 -7 -8 11 -10 -11 -4 14 -14 15 17 -17 -13 -18
right_child=1 -3 8 4 -6 6 7 -9 9 10 -12 12 13 -15 -16 16 18 -19 -20
leaf_value=0.001589139855096642 -0.00088702792639631543 0.00020888478753565832 0.00023548650007040883 0.00024872739985849795 -0.0010864680432132446 -0.00045901692427549758 0.00034149852407269879 -0.00026534181713739398 -0.0007626189483920415 -0.00041566455790704895 2.7213648330668708e-05 0.00015306244917583707 3.8907984198745124e-05 -0.00050552849097033632 -3.7513177586784679e-05 0.00054798739298954997 -0.00033987545467234194 0.00096218267888919715 5.3951392293819871e-05
leaf_weight=78 46 41 77 55 40 61 51 72 62 41 368 85 3390 66 4707 81 152 48 557
leaf_count=78 46 41 77 55 40 61 51 72 62 41 368 85 3390 66 4707 81 152 48 557
internal_value=-3.07075e-14 -0.000370563 3.2268e-06 0.000180633 -0.000213143 -6.698e-05 -0.000161349 -1.37251e-05 -3.3472e-06 -0.000115308 -1.71825e-05 2.40784e-06 4.32596e-07 2.85108e-05 -1.68033e-05 8.88103e-05 2.88314e-05 0.000445076 -3.04798e-05
internal_weight=10078 87 9991 357 279 239 184 123 9634 471 409 9163 9086 3456 5630 923 790 133 709
internal_count=10078 87 9991 357 279 239 184 123 9634 471 409 9163 9086 3456 5630 923 790 133 709
is_linear=0
shrinkage=0.05


Tree=115
num_leaves=20
num_cat=0
split_feature=10 13 12 6 3 0 10 8 1 8 10 10 1 7 13 13 2 10 9
split_gain=0.0044587 0.00401605 0.0893767 0.0106735 0.00342087 0.00324362 0.00245844 0.00195342 0.00485663 0.00441067 0.00276881 0.00655282 0.00217564 0.00225564 0.0019256 0.0110376 0.00666835 0.00669991 0.0113184
threshold=2.859936849945441 2.4431102656536994 2.3274988156197214 -0.49787613942545 2.2035044783654372 2.3297535606200186 -1.1274452300180025 1.9680144247550422 -0.61893756123996024 1.820952054140776 -1.271903600222595 -1.5935341124626223 0.8246747466560741 1.0000000180025095e-35 -0.61855414694808453 -0.61917664000535655 0.88811094856276085 -0.069974102332777524 -0.084359795673822638
decision_type=2 2 2 2 2 2 2 2 2 2 2 2 2 2 2 2 2 2 2
left_child=1 4 -3 -4 5 7 -5 9 -9 10 11 12 -1 -14 15 16 17 18 -12
right_child=-2 2 3 6 -6 -7 -8 8 -10 -11 14 -13 13 -15 -16 -17 -18 -19 -20
leaf_value=-0.00019055789662436866 -0.00037656494939419181 0.0023154656528869204 -0.00084923442045692354 -0.0003656567229700159 0.00033481826028799186 -0.00037922975657395379 5.0774556281218394e-05 -4.4893777812831103e-05 0.00062162712389646582 -0.00049512113745668498 0.00020631322586570858 -0.00057806046735225079 0.00031849039673530075 -0.00013761316709544349 -7.981128076086634e-06 0.00087838124280096956 -0.00023653016594416551 0.00031162785803977256 -0.00023068151146346744
leaf_weight=99 78 43 41 40 74 58 311 75 43 46 316 70 66 46 7918 40 189 246 279
leaf_count=99 78 43 41 40 74 58 311 75 43 46 316 70 66 46 7918 40 189 246 279
internal_value=1.28287e-12 2.93721e-06 0.00015152 -8.5852e-05 -3.82007e-06 -6.46038e-06 3.318e-06 -4.16836e-06 0.000197991 -6.72927e-06 -4.30548e-06 -0.000158859 -1.97871e-05 0.000131162 5.26454e-07 6.34826e-05 3.1836e-05 9.21466e-05 1.40309e-06
internal_weight=10078 10000 435 392 9565 9491 351 9433 118 9315 9269 281 211 112 8988 1070 1030 841 595
internal_count=10078 10000 435 392 9565 9491 351 9433 118 9315 9269 281 211 112 8988 1070 1030 841 595
is_linear=0
shrinkage=0.05


Tree=116
num_leaves=20
num_cat=0
split_feature=3 1 10 2 0 6 13 12 2 6 9 0 5 6 10 10 4 13 9
split_gain=0.00470804 0.0109426 0.0045912 0.0824429 0.00359432 0.00378886 0.00247035 0.0115819 0.00221752 0.00213831 0.00171548 0.00161086 0.00193421 0.00230851 0.0084606 0.00591173 0.00567746 0.00663275 0.0107564
threshold=2.0281924438166299 -0.64012424332262452 -1.271903600222595 0.33990933862367695 1.5213619755481094 -0.14111766408175999 2.3094612728998838 2.2707458826104805 -0.41307212695181011 -0.21192858126905043 1.5397830881314418 -0.6536413704049967 2.3358588627768757 -0.94657129190599987 -0.10347184056687689 0.13069690490472943 -0.5306486825579968 -0.6214850616055847 -0.019793873272590013
decision_type=2 2 2 2 2 2 2 2 2 2 2 2 2 2 2 2 2 2 2
left_child=2 -2 3 4 8 -6 10 -8 -1 -9 11 -4 13 14 -13 16 -16 -18 -19
right_child=1 -3 6 -5 5 -7 7 9 -10 -11 -12 12 -14 -15 15 -17 17 18 -20
leaf_value=-5.6713548031699893e-05 0.00018811736001887107 -0.00093345830655591788 0.00022672645400116499 0.0022886888842416427 -0.00058036227766875058 -2.9791423719235889e-05 -0.00075182851630210465 -0.00022078049908973618 0.00033605031291396396 4.6131801673401507e-05 0.00014066192948806406 -0.00017419941089351208 -0.00028125081655396629 -7.9648954680770612e-06 0.00069576503684810886 -0.00034596985489947766 0.00066720974922399197 -8.6311754514155711e-05 0.0007717030891217292
leaf_weight=143 44 43 77 41 62 63 62 99 48 310 219 199 62 8198 69 41 59 194 45
leaf_count=143 44 43 77 41 62 63 62 99 48 310 219 199 62 8198 69 41 59 194 45
internal_value=-1.07584e-12 -0.000366225 3.18902e-06 0.000179264 -9.4427e-05 -0.000302875 -3.33566e-06 -0.00011501 4.19915e-05 -1.84753e-05 2.40467e-06 -9.80652e-07 -2.95803e-06 -9.98448e-07 9.30888e-05 0.000223457 0.000287072 0.000192441 7.52392e-05
internal_weight=10078 87 9991 357 316 125 9634 471 191 409 9163 8944 8867 8805 607 408 367 298 239
internal_count=10078 87 9991 357 316 125 9634 471 191 409 9163 8944 8867 8805 607 408 367 298 239
is_linear=0
shrinkage=0.05


Tree=117
num_leaves=20
num_cat=0
split_feature=8 8 3 3 3 10 2 4 9 6 2 7 7 4 4 9 5 4 5
split_gain=0.00439915 0.150467 0.0187868 0.0157607 0.00793396 0.00592062 0.00689215 0.00546698 0.00506447 0.00875316 0.0053475 0.0041897 0.010051 0.00849744 0.00586383 0.00637788 0.00563141 0.00489078 0.00507832
threshold=-0.15398034520719275 -0.16387675637159435 2.0281924438166299 1.7016580215816062 1.2876091594032757 -1.271903600222595 0.01358614765291522 -1.4053395757727374 -0.39727747029922073 -0.62508514766702672 1.3464989805871503 -0.87442619049848158 -0.55403276944130186 0.20186833414589481 -0.78766372806263518 -0.067370950362513227 0.10758824867202899 -0.32244527065273626 0.40072415794432875
decision_type=2 2 2 2 2 2 2 2 2 2 2 2 2 2 2 2 2 2 2
left_child=1 3 5 4 7 6 -2 -1 9 -9 11 13 17 16 15 -14 -10 -13 -19
right_child=2 -3 -4 -5 -6 -7 -8 8 10 -11 -12 12 14 -15 -16 -17 -18 18 -20
leaf_value=0.00045906263995902923 -0.00013273413642794671 0.0029212941818857669 -0.00087325271579175023 0.00095599259894211272 -0.00065280797190349956 -5.3960492275048296e-06 -0.00087140072346301176 -0.000738323811904896 0.00031000130456959596 -6.9987407285102717e-05 -0.00041217746967699251 -0.00072574069266987935 0.00072003407225845598 0.00080325272026059874 2.7582645328866514e-05 -6.4892749219853978e-05 -0.00043611503589512188 -0.00034767513777530113 0.00029624484086958721
leaf_weight=64 150 45 64 43 47 7050 40 60 66 267 70 54 65 52 1702 43 41 113 42
leaf_count=64 150 45 64 43 47 7050 40 60 66 267 70 54 65 52 1702 43 41 113 42
internal_value=-1.00512e-12 5.36036e-05 -2.03582e-05 6.31668e-06 -8.88662e-06 -1.28188e-05 -0.000288243 2.58148e-06 -8.76408e-06 -0.000192618 1.79798e-05 3.18049e-05 1.2344e-05 0.000278921 5.02528e-05 0.000407517 2.41063e-05 -0.000315957 -0.000173194
internal_weight=10078 2774 7304 2729 2686 7240 190 2639 2575 327 2248 2178 2019 159 1810 108 107 209 155
internal_count=10078 2774 7304 2729 2686 7240 190 2639 2575 327 2248 2178 2019 159 1810 108 107 209 155
is_linear=0
shrinkage=0.05


Tree=118
num_leaves=20
num_cat=0
split_feature=13 0 6 12 10 2 3 0 5 4 10 0 6 13 13 8 1 12 0
split_gain=0.00421767 0.00407745 0.0817921 0.0135677 0.00364657 0.00576186 0.00532551 0.00334803 0.00300694 0.00306708 0.00264215 0.00236325 0.00210985 0.00207582 0.00209797 0.00353795 0.00316304 0.00492632 0.00706623
threshold=-0.63758908041290896 2.3632946870634952 -0.51912102639675706 2.3274988156197214 -1.271903600222595 0.1250400494222286 2.2035044783654372 -0.65565888177001785 -0.62500118551742478 -0.42327432106905305 -0.42337058122944687 -0.65313699256374147 0.070266936480114325 2.3094612728998838 -0.63302770213270887 -1.9998554896922378 -0.65090788390362142 -0.63830264460067554 -0.64708445846867801
decision_type=2 2 2 2 2 2 2 2 2 2 2 2 2 2 2 2 2 2 2
left_child=-1 4 -3 -4 5 8 7 -6 -2 -10 12 -9 -5 14 -13 -16 -17 -18 -19
right_child=1 2 3 10 6 -7 -8 11 9 -11 -12 13 -14 -15 15 16 17 18 -20
leaf_value=-0.00044486002031744477 -0.00047590819197400222 0.0021268969461782539 -0.00084131673327647149 1.934793546209684e-05 -0.00042387785772703829 -0.00072344092768616974 0.00043174839530609106 0.00026007792296928363 0.00033718417588697407 -0.00012118648720878321 0.00010743190966930825 -0.00028673701230843565 -0.00043316042775838105 -0.00032454461377346891 -0.00034609969965682992 0.00033346914704503032 -0.0003430459523549218 0.00062971600350465457 1.5336336640626332e-06
leaf_weight=53 41 47 50 57 47 42 71 86 49 143 299 64 47 50 73 72 103 45 8639
leaf_count=53 41 47 50 57 47 42 71 86 49 143 299 64 47 50 73 72 103 45 8639
internal_value=1.49354e-13 2.35188e-06 0.00014153 -6.44578e-05 -4.95403e-06 -0.00018438 3.80241e-07 -2.95641e-06 -8.72098e-05 -4.20647e-06 3.19266e-05 -7.9004e-07 -0.000185151 -3.2701e-06 -1.48445e-06 5.59455e-07 3.416e-06 7.11568e-07 4.78884e-06
internal_weight=10078 10025 500 453 9525 275 9250 9179 233 192 403 9132 104 9046 8996 8932 8859 8787 8684
internal_count=10078 10025 500 453 9525 275 9250 9179 233 192 403 9132 104 9046 8996 8932 8859 8787 8684
is_linear=0
shrinkage=0.05


Tree=119
num_leaves=20
num_cat=0
split_feature=1 13 6 2 3 12 5 7 6 3 2 3 4 7 1 4 2 7 13
split_gain=0.00467298 0.0668334 0.00998437 0.00871656 0.00327657 0.00255642 0.00178466 0.00635045 0.00435373 0.005581 0.0169377 0.0095664 0.00617841 0.00909911 0.00613196 0.00662147 0.00608262 0.00624244 0.00520766
threshold=2.3762423975743672 2.3094612728998838 -0.51912102639675706 1.3043072942110061 2.2035044783654372 2.9820253914999788 0.25644836124383702 -1.4228305123132767 -1.6014273253675173 1.0332414592937147 -0.6355807099902725 1.7016580215816062 1.6638982793015453 -1.1278245732185961 -0.61643195063437561 1.9684681551984033 -0.13493696276847666 -0.019107074864648403 -0.6214850616055847
decision_type=2 2 2 2 2 2 2 2 2 2 2 2 2 2 2 2 2 2 2
left_child=1 4 -2 5 6 -4 8 -8 18 12 -11 16 13 -10 15 -14 -12 -18 -1
right_child=2 -3 3 -5 -6 -7 7 -9 9 10 11 -13 14 -15 -16 -17 17 -19 -20
leaf_value=0.00058046089819375384 -0.00084216780502329325 0.0017300878798559034 -9.9320297111525152e-05 -0.0007379026947698246 0.00032910502021066452 0.00015879886784102762 -0.00052642839557048512 -2.8840390962779954e-05 0.00029465753664337127 -0.001147181437905912 0.00030083648408454254 0.00050713014127306796 -0.00095128986612643481 6.6723961905368798e-06 0.00021801925227919129 -0.00015581755401168051 -0.00053103568117326494 4.0209547497445445e-05 -1.6829513923447531e-05
leaf_weight=72 47 56 263 45 74 151 66 2253 287 41 49 59 47 6190 40 59 129 76 74
leaf_count=72 47 56 263 45 74 151 66 2253 287 41 49 59 47 6190 40 59 129 76 74
internal_value=7.17944e-13 7.82805e-06 -0.000148083 -7.70114e-05 -2.30715e-06 -5.17538e-06 -4.90453e-06 -4.3002e-05 7.49868e-06 1.84396e-06 -0.000191583 -6.6409e-05 1.21827e-05 1.94332e-05 -0.000309473 -0.000508527 -0.000199633 -0.000319257 0.000277725
internal_weight=10078 9572 506 459 9516 414 9442 2319 7123 6977 354 313 6623 6477 146 106 254 205 146
internal_count=10078 9572 506 459 9516 414 9442 2319 7123 6977 354 313 6623 6477 146 106 254 205 146
is_linear=0
shrinkage=0.05


Tree=120
num_leaves=20
num_cat=0
split_feature=3 10 10 2 13 13 12 6 9 5 2 7 8 3 4 7 7 0 5
split_gain=0.00464555 0.00506552 0.0797866 0.00788986 0.00391732 0.00238963 0.011809 0.00272736 0.00171137 0.0016806 0.00202958 0.0017571 0.00166906 0.00178371 0.00228185 0.00162697 0.0018294 0.00655115 0.00356934
threshold=2.2633028584769961 -1.271903600222595 -1.4258181616239864 0.19157043859801193 2.4431102656536994 2.3094612728998838 2.2707458826104805 -0.47906247743063313 2.7081462623861454 0.33370954678576492 -0.73094096033921951 -0.060296488256892218 0.27041838151374881 0.28444020568253114 -0.15462066457820559 2.4363546096675015 1.3054319769553502 -0.45693401231543523 0.85329135087175334
decision_type=2 2 2 2 2 2 2 2 2 2 2 2 2 2 2 2 2 2 2
left_child=1 2 3 4 9 8 -7 -8 15 10 -1 -12 13 14 -9 16 -3 18 -18
right_child=-2 5 -4 -5 -6 6 7 12 -10 -11 11 -13 -14 -15 -16 -17 17 -19 -20
leaf_value=2.1829928171148193e-05 -0.00044619125326099841 2.6971434169302157e-06 0.0022919080991778175 -0.00073403663671342664 -0.00039384369465551573 -0.00075711559883559184 -0.00040360184034287202 0.00024459258592030844 0.00032771066085842906 -0.00017513600634463895 0.00059166138860746289 0.00012861968550298894 -0.00018787079359953331 0.00034188453422723128 -8.3598973873118997e-05 0.00027883043806538739 3.7055465420411707e-05 -0.0007171193540852983 -0.00046655570501859147
leaf_weight=104 58 8769 40 40 48 62 41 78 40 44 40 42 73 53 165 52 248 40 41
leaf_count=104 58 8769 40 40 48 62 41 78 40 44 40 42 73 53 165 52 248 40 41
internal_value=-2.92116e-13 2.58274e-06 0.000187271 -7.74627e-05 1.70083e-05 -4.26041e-06 -0.000113981 -1.67268e-05 1.37487e-06 0.000102751 0.000168488 0.000354494 2.62594e-05 7.90685e-05 2.17465e-05 -5.17343e-08 -1.6457e-06 -0.000117398 -3.43911e-05
internal_weight=10078 10020 358 318 278 9662 472 410 9190 230 186 82 369 296 243 9150 9098 329 289
internal_count=10078 10020 358 318 278 9662 472 410 9190 230 186 82 369 296 243 9150 9098 329 289
is_linear=0
shrinkage=0.05


Tree=121
num_leaves=20
num_cat=0
split_feature=0 0 0 6 3 3 13 10 9 0 3 7 9 7 6 13 6 4 3
split_gain=0.0042028 0.00378201 0.0865076 0.00847556 0.00331035 0.00317583 0.00245205 0.00205054 0.0059263 0.00160372 0.00197515 0.00231791 0.00766313 0.00236191 0.00198201 0.00409072 0.00308064 0.00280476 0.00275281
threshold=3.3289260641467391 2.3632946870634952 2.4334032069979794 -0.51912102639675706 2.2035044783654372 0.38212131896601365 2.3094612728998838 -1.271903600222595 -1.2429601731835551 -0.6536413704049967 -2.2105802066416023 -2.0003629416964892 -0.095753145090171868 -1.8444489091597831 -2.000386027369053 -0.63335566498670459 -1.8445021636045424 2.1683975022189146 1.2876091594032757
decision_type=2 2 2 2 2 2 2 2 2 2 2 2 2 2 2 2 2 2 2
left_child=1 4 -3 -4 6 -5 7 8 -1 -9 -11 12 -12 -13 -15 -16 -17 18 -18
right_child=-2 2 3 5 -6 -7 -8 9 -10 10 11 13 -14 14 15 16 17 -19 -20
leaf_value=-3.7386757452562102e-05 -0.00037041523411110244 0.00236223532105214 -0.0007690111044939841 -5.4880121897911344e-05 0.00032943003281763741 0.00041860001758323054 -0.00031233567023613993 0.00022715010359265704 -0.0006628699755916994 -0.00028324736725358717 -0.00070753119044942052 0.0003857585837249644 0.00024361277613934364 -0.00027229900646985204 -0.00046755449654048556 0.00044298268956481483 5.9230980513459603e-06 0.00038040850704419428 -0.000161784206567164
leaf_weight=239 76 40 40 309 74 40 65 77 45 62 45 40 40 66 46 40 8433 49 252
leaf_count=239 76 40 40 309 74 40 65 77 45 62 45 40 40 66 46 40 8433 49 252
internal_value=-5.11972e-13 2.81459e-06 0.000148054 -7.96257e-05 -3.69408e-06 -6.13057e-07 -6.28922e-06 -4.18057e-06 -0.000136495 -7.37573e-08 -2.00214e-06 -6.70403e-08 -0.000259934 2.40761e-06 6.81966e-07 2.72468e-06 5.19024e-06 3.18524e-06 1.05698e-06
internal_weight=10078 10002 429 389 9573 349 9499 9434 284 9150 9073 9011 85 8926 8886 8820 8774 8734 8685
internal_count=10078 10002 429 389 9573 349 9499 9434 284 9150 9073 9011 85 8926 8886 8820 8774 8734 8685
is_linear=0
shrinkage=0.05


Tree=122
num_leaves=20
num_cat=0
split_feature=3 10 2 10 0 13 12 6 3 12 1 0 9 2 0 2 2 4 3
split_gain=0.00451238 0.00469416 0.0799507 0.00385085 0.00230819 0.00204711 0.0112507 0.00212869 0.0016544 0.00243517 0.00356748 0.00599966 0.00791847 0.00784813 0.00734992 0.00395483 0.0103212 0.00354501 0.00494021
threshold=2.2633028584769961 -1.271903600222595 0.33990933862367695 -1.5935341124626223 2.3632946870634952 2.3094612728998838 2.2707458826104805 -0.47906247743063313 -2.4694214797816358 -0.64367776320973435 -0.65090788390362142 -0.64557132494491209 -0.094750150903159955 -0.13493778048601113 -0.64355381357989094 -0.96934348071067311 1.0948171937067606 -1.7140280127617487 0.47075862829983356
decision_type=2 2 2 2 2 2 2 2 2 2 2 2 2 2 2 2 2 2 2
left_child=1 2 3 4 -1 8 -7 -8 -3 -10 15 12 -12 -14 -13 -11 -17 18 -16
right_child=-2 5 -4 -5 -6 6 7 -9 9 10 11 14 13 -15 17 16 -18 -19 -20
leaf_value=8.4773769853687645e-05 -0.00043974989600648208 0.0002909288808171238 0.0022580087969999579 -0.00040985226530918027 -0.00029323601635291663 -0.00073334389772724304 -0.00035245468292620304 2.7308860547983513e-05 -0.00022413554112593679 -6.4802884599120023e-05 -0.00065988405180454537 0.00047329524512674821 0.00031221497022814127 -0.00042717425399399977 -0.00049005119299846869 0.0010532285497902194 -1.5081413417087438e-05 4.3911243945522853e-06 0.00018214564436830853
leaf_weight=194 58 49 41 72 51 62 41 369 120 63 79 83 76 68 82 40 52 8437 41
leaf_count=194 58 49 41 72 51 62 41 369 120 63 79 83 76 68 82 40 52 8437 41
internal_value=4.78765e-13 2.54546e-06 0.000180335 -8.83858e-05 6.08602e-06 -4.04208e-06 -0.000105595 -1.06675e-05 1.17371e-06 -3.79509e-07 2.59696e-06 -1.56047e-06 -0.000257625 -3.69411e-05 5.0463e-06 0.000240402 0.000449401 5.06039e-07 -0.000265986
internal_weight=10078 10020 358 317 245 9662 472 410 9190 9141 9021 8866 223 144 8643 155 92 8560 123
internal_count=10078 10020 358 317 245 9662 472 410 9190 9141 9021 8866 223 144 8643 155 92 8560 123
is_linear=0
shrinkage=0.05


Tree=123
num_leaves=20
num_cat=0
split_feature=13 12 0 6 3 10 10 2 10 12 4 7 8 13 10 0 6 9 13
split_gain=0.00441635 0.0820285 0.0192854 0.00864523 0.00336714 0.00203893 0.00183183 0.00932165 0.00306556 0.00203652 0.00199026 0.00160105 0.0025679 0.00485133 0.00942528 0.00604437 0.00507133 0.00401055 0.0072337
threshold=2.4431102656536994 2.3274988156197214 2.3632946870634952 -0.51912102639675706 2.2035044783654372 -1.1274452300180025 -1.271903600222595 0.19157043859801193 -1.5935341124626223 1.6746417770390796 -0.078501365279171356 -2.4191332456680597 -2.4184688786886817 -0.62897706731583081 -0.098477000520430152 -0.64708445846867801 -2.000386027369053 -0.073785346613212885 -0.63031094038514901
decision_type=2 2 2 2 2 2 2 2 2 2 2 2 2 2 2 2 2 2 2
left_child=2 -2 4 -3 6 -5 7 8 9 10 -1 -8 -13 14 -14 -15 -17 -16 -19
right_child=1 3 -4 5 -6 -7 11 -9 -10 -11 -12 12 13 15 17 16 -18 18 -20
leaf_value=-0.0001855406127249712 0.0022310713590889277 -0.00074155666426079176 -0.0010399670094355113 -0.00032371555753343275 0.00033352210820020129 5.3503731757247318e-05 0.00028994141784038376 -0.0008373869980277959 -0.00030936483280763217 0.0003493644482865798 0.0002015018029142392 0.00038284691616481301 -0.00089903322824206623 0.00051159495357343732 -0.0003190368167148942 -0.00051304567629510234 2.3157608450746508e-06 0.00021068083307667013 -0.00053874618191379912
leaf_weight=76 43 42 45 40 74 343 47 40 66 53 59 43 41 58 120 48 8649 150 41
leaf_count=76 43 42 45 40 74 343 47 40 66 53 59 43 41 58 120 48 8649 150 41
internal_value=-1.08552e-12 0.000149987 -7.30425e-06 -6.05699e-05 -2.44593e-06 1.41075e-05 -5.06543e-06 -0.000127924 -1.61978e-05 8.67225e-05 -1.63887e-05 -1.13801e-06 -2.63317e-06 -4.45327e-06 -0.000186452 2.86412e-06 -5.28593e-07 -9.25109e-05 4.98091e-05
internal_weight=10078 468 9610 425 9565 383 9491 294 254 188 135 9197 9150 9107 352 8755 8697 311 191
internal_count=10078 468 9610 425 9565 383 9491 294 254 188 135 9197 9150 9107 352 8755 8697 311 191
is_linear=0
shrinkage=0.05


Tree=124
num_leaves=20
num_cat=0
split_feature=3 0 6 12 9 10 2 10 13 10 0 3 7 9 7 12 10 10 0
split_gain=0.00438007 0.00465478 0.0808222 0.0159454 0.00288956 0.00220936 0.00795893 0.00315062 0.00191137 0.00172242 0.00160993 0.00185841 0.00217506 0.00664083 0.0021178 0.00204985 0.0100253 0.0100344 0.00995086
threshold=2.2633028584769961 2.3632946870634952 -0.51912102639675706 2.3274988156197214 1.9706949481000062 -1.271903600222595 0.19157043859801193 -1.5935341124626223 2.3094612728998838 -1.271903600222595 -0.6536413704049967 -2.2105802066416023 -2.0003629416964892 -0.095753145090171868 -1.8444489091597831 -0.63008982901655863 -0.094318289788807505 -0.10223601904736289 -0.63838394070702431
decision_type=2 2 2 2 2 2 2 2 2 2 2 2 2 2 2 2 2 2 2
left_child=1 5 -3 -4 9 6 7 -1 10 -5 -7 -12 13 -13 -14 16 17 -16 -18
right_child=-2 2 3 4 -6 8 -8 -9 -10 -11 11 12 14 -15 15 -17 18 -19 -20
leaf_value=6.5295761733826424e-05 -0.00043325442710393593 0.0021021484656860898 -0.00089736414705112117 -0.000302672085970037 0.0003463103106910507 0.00022835122514837391 -0.00079551764843927236 -0.00033293059877634269 -0.00030929798153738375 3.2755289121763979e-05 -0.00027405172708489363 -0.00066777632823686881 0.00036602567575755529 0.00021765382753073938 -0.00016693186124010684 9.1058307647101307e-06 6.4546835960935012e-05 -0.0010748615931920034 -0.00058977000489335296
leaf_weight=192 58 48 50 44 68 77 40 67 50 294 62 45 40 40 94 8069 631 45 64
leaf_count=192 58 48 50 44 68 77 40 67 50 294 62 45 40 40 94 8069 631 45 64
internal_value=1.51631e-12 2.50786e-06 0.000150588 -5.48391e-05 4.89202e-05 -5.33499e-06 -0.000139098 -3.77203e-05 -9.9571e-07 -1.09098e-05 6.85877e-07 -1.24264e-06 6.30882e-07 -0.000251103 3.02352e-06 1.3926e-06 -7.32333e-05 -0.000460866 4.2932e-06
internal_weight=10078 10020 504 456 406 9516 299 259 9217 338 9167 9090 9028 85 8943 8903 834 139 695
internal_count=10078 10020 504 456 406 9516 299 259 9217 338 9167 9090 9028 85 8943 8903 834 139 695
is_linear=0
shrinkage=0.05


Tree=125
num_leaves=20
num_cat=0
split_feature=1 13 6 3 3 3 2 13 2 3 12 9 1 7 0 0 13 6 2
split_gain=0.00449112 0.0649024 0.00919425 0.00821229 0.00337252 0.00238811 0.00214921 0.0022733 0.00212044 0.00183846 0.00214139 0.00320774 0.00303595 0.00431961 0.00499419 0.00519368 0.00422405 0.0106446 0.00902113
threshold=2.3762423975743672 2.3094612728998838 -0.51912102639675706 0.49299808302163367 2.2035044783654372 -0.5256510637172801 0.85002312985132311 3.4182084926697773 0.4427295662113076 -2.4694214797816358 -0.64367776320973435 -0.074579769424338846 -0.65090788390362142 -2.0003629416964892 -0.64607570278616733 -0.64304943573863571 -0.62206167515333233 -0.06678415371933645 -0.13493778048601113
decision_type=2 2 2 2 2 2 2 2 2 2 2 2 2 2 2 2 2 2 2
left_child=1 4 -2 5 9 -4 7 8 -7 -1 11 -11 -12 -14 -15 -16 17 -17 -19
right_child=2 -3 3 -5 -6 6 -8 -9 -10 10 12 -13 13 14 15 16 -18 18 -20
leaf_value=0.00029444073819938832 -0.00081122838402850604 0.001704871438882297 0.00034600646045180927 -0.00076147028616105675 0.00033391647968921854 -0.0001110082264889278 0.00019854323385516182 0.00014188023724792792 -0.00049564591509723948 -0.00048371362090933716 0.00021702282319952575 3.3595962876490616e-05 -0.00036662506753195175 -0.00029636677115579211 0.00027094871976918639 0.00049030645655067122 1.0710859514156003e-06 -0.0010027948406448473 -0.00018916001776366414
leaf_weight=51 47 56 42 40 74 193 70 70 44 58 153 62 83 144 174 45 8465 43 164
leaf_count=51 47 56 42 40 74 193 70 70 44 58 153 62 83 144 174 45 8465 43 164
internal_value=3.82246e-13 7.67422e-06 -0.000145173 -7.69715e-05 -2.31349e-06 -1.16255e-05 -5.14678e-05 -0.000108474 -0.000182418 -4.94863e-06 -6.57453e-06 -0.000216437 -3.85816e-06 -7.56454e-06 -4.26603e-06 4.64873e-07 -4.93425e-06 -0.000206661 -0.000358176
internal_weight=10078 9572 506 459 9516 419 377 307 237 9442 9391 120 9271 9118 9035 8891 8717 252 207
internal_count=10078 9572 506 459 9516 419 377 307 237 9442 9391 120 9271 9118 9035 8891 8717 252 207
is_linear=0
shrinkage=0.05


Tree=126
num_leaves=20
num_cat=0
split_feature=3 1 10 13 2 9 0 13 12 6 4 0 7 8 13 10 13 2 0
split_gain=0.00436475 0.0101054 0.00489323 0.077247 0.00727767 0.002699 0.00344587 0.00261192 0.0119643 0.00214065 0.00190763 0.00186935 0.00161926 0.00230283 0.00373496 0.0084967 0.00791629 0.0111893 0.00582285
threshold=2.0281924438166299 -0.64012424332262452 -1.271903600222595 2.4431102656536994 0.19157043859801193 -1.8713323396532056 0.54041012153673551 2.3094612728998838 2.2707458826104805 -0.0071627661420398782 -0.015884804748980897 3.1544743783025675 -2.4191332456680597 -2.4184688786886817 -0.62897706731583081 -0.077950050827204118 -0.63031094038514901 1.0948171937067606 -0.64708445846867801
decision_type=2 2 2 2 2 2 2 2 2 2 2 2 2 2 2 2 2 2 2
left_child=2 -2 3 4 5 10 -7 12 -9 11 -1 -10 -4 -14 15 -15 17 -17 -16
right_child=1 -3 7 -5 -6 6 -8 8 9 -11 -12 -13 13 14 18 16 -18 -19 -20
leaf_value=-1.036404291768616e-05 0.00018009558483423791 -0.00089772529717329025 0.0002949637387575151 0.0019270573615627923 -0.00075398548462544566 9.4203662020383316e-05 -0.00041184599926540007 -0.00076574160444696678 -0.00023798414991793023 0.00010063277934560278 0.00039281460761270392 6.9122605876960832e-05 0.00036576747568391893 -0.00039196178149528442 0.00050479553384979352 0.00068478490768272122 -0.00049786159569131479 -0.00026963923916040444 2.1364507311164102e-06
leaf_weight=81 44 43 47 54 40 61 75 62 139 193 46 77 43 187 58 75 42 52 8659
leaf_count=81 44 43 47 54 40 61 75 62 139 193 46 77 43 187 58 75 42 52 8659
internal_value=-2.7198e-13 -0.00035262 3.07056e-06 0.000184845 -0.000125648 -3.00838e-05 -0.000184868 -3.66532e-06 -0.000118495 -2.03795e-05 0.000135669 -0.000128506 2.23721e-06 7.27979e-07 -1.00207e-06 -0.000159746 9.72038e-05 0.000293997 5.48098e-06
internal_weight=10078 87 9991 357 303 263 136 9634 471 409 127 216 9163 9116 9073 356 169 127 8717
internal_count=10078 87 9991 357 303 263 136 9634 471 409 127 216 9163 9116 9073 356 169 127 8717
is_linear=0
shrinkage=0.05


Tree=127
num_leaves=20
num_cat=0
split_feature=1 13 6 2 3 9 12 8 4 0 8 1 8 4 13 9 9 4 2
split_gain=0.00455137 0.06088 0.00845969 0.00772331 0.00328843 0.00245301 0.00191823 0.00202649 0.00199438 0.00175927 0.0019105 0.00420504 0.00382828 0.0024249 0.0108751 0.00421034 0.00459969 0.00327964 0.00465266
threshold=2.3762423975743672 2.3094612728998838 -0.51912102639675706 1.3043072942110061 2.2035044783654372 1.9706949481000062 3.093702684635204 -0.034878644894172896 -0.0071946215577004162 -0.6536413704049967 1.9680144247550422 -0.61893756123996024 1.820952054140776 -1.7140280127617487 -0.58546757470540867 -0.069837455013339961 -0.10059586736913813 -1.3617389993635383 -0.36250198671963169
decision_type=2 2 2 2 2 2 2 2 2 2 2 2 2 2 2 2 2 2 2
left_child=1 4 -2 5 9 6 7 8 -4 -1 12 -12 13 14 15 16 -11 18 -15
right_child=2 -3 3 -5 -6 -7 -8 -9 -10 10 11 -13 -14 17 -16 -17 -18 -19 -20
leaf_value=0.00023346970095178233 -0.00078503864780477082 0.0016514889603318546 -8.6361172082894425e-05 -0.00070282190844106181 0.00033006359115313752 0.00035905284436012154 0.00014972747519371635 1.2092114616280014e-05 -0.00047087582412738514 0.00020646064797238937 -3.5898566101709611e-05 0.00058738915899465252 -0.00046403461677508185 0.00047710581294454476 -0.00090310123893531697 0.00044293421406542795 -0.00052506980189884255 -7.0855165054001377e-06 -9.8066325607179043e-05
leaf_weight=77 47 56 77 45 74 40 89 148 60 42 73 43 46 83 41 42 44 8890 61
leaf_count=77 47 56 77 45 74 40 89 148 60 42 73 43 46 83 41 42 44 8890 61
internal_value=-1.22573e-12 7.72552e-06 -0.000146144 -8.0723e-05 -1.94774e-06 -1.31035e-05 -5.29064e-05 -0.000116185 -0.000254762 -4.54982e-06 -6.50684e-06 0.000195148 -9.03598e-06 -6.76172e-06 -0.000194412 3.25899e-05 -0.000167811 -3.25133e-06 0.000233457
internal_weight=10078 9572 506 459 9516 414 374 285 137 9442 9365 116 9249 9203 169 128 86 9034 144
internal_count=10078 9572 506 459 9516 414 374 285 137 9442 9365 116 9249 9203 169 128 86 9034 144
is_linear=0
shrinkage=0.05


Tree=128
num_leaves=20
num_cat=0
split_feature=3 13 10 2 0 6 13 12 2 2 7 6 9 4 2 5 9 6 0
split_gain=0.00429534 0.0108697 0.00447635 0.0787052 0.00406667 0.00341998 0.00247634 0.0129349 0.00219348 0.00185975 0.00241642 0.00277255 0.00162061 0.00159037 0.00939047 0.0107727 0.0110033 0.00680832 0.0044305
threshold=2.0281924438166299 -0.6214850616055847 -1.271903600222595 0.33990933862367695 1.5213619755481094 -0.14111766408175999 2.3094612728998838 2.2707458826104805 -0.40637143826623884 0.82960222246866844 -0.25272628089542543 -0.31743120166823313 2.7081462623861454 -1.1557548303589189 -1.6750480505180012 -0.67855842959454582 -0.021302993695000803 -0.6253623376104035 -0.61795663813618529
decision_type=2 2 2 2 2 2 2 2 2 2 2 2 2 2 2 2 2 2 2
left_child=2 -2 3 4 8 -6 12 -8 -1 10 -9 -12 13 14 -4 -16 17 -17 -19
right_child=1 -3 6 -5 5 -7 7 9 -10 -11 11 -13 -14 -15 15 16 -18 18 -20
leaf_value=-4.0841287334152528e-05 -0.00087743753000446003 0.00024217226486276871 -0.0005888290858355403 0.0022379583752963964 -0.00057586559006238302 -5.2782278905238311e-05 -0.00078819401140267035 0.00017843582565915371 0.00035542853900393391 0.00021366304739589201 -0.0004677969189965641 -5.5824723016618323e-05 0.00031991307798307389 -3.6902509022462245e-06 0.00086711141784504356 0.00072959493038212591 -0.00053405054369831618 0.00023577891953922007 -0.0002473724832859315
leaf_weight=145 46 41 45 41 62 63 62 79 46 74 51 205 40 8692 49 51 61 157 68
leaf_count=145 46 41 45 41 62 63 62 79 46 74 51 205 40 8692 49 51 61 157 68
internal_value=-5.49788e-13 -0.000349805 3.04605e-06 0.000176905 -9.05102e-05 -0.000312232 -3.39651e-06 -0.000115206 5.45954e-05 -1.31888e-05 -6.32993e-05 -0.000137897 2.35078e-06 9.58425e-07 9.47085e-05 0.000174396 7.36742e-05 0.00020799 8.97598e-05
internal_weight=10078 87 9991 357 316 125 9634 471 191 409 335 256 9163 9123 431 386 337 276 225
internal_count=10078 87 9991 357 316 125 9634 471 191 409 335 256 9163 9123 431 386 337 276 225
is_linear=0
shrinkage=0.05


Tree=129
num_leaves=20
num_cat=0
split_feature=12 0 6 12 10 2 3 10 13 10 5 4 0 3 7 9 7 7 7
split_gain=0.00436684 0.00401312 0.0920976 0.0132578 0.0035442 0.00590796 0.00522966 0.00341624 0.00269905 0.00251456 0.00200907 0.00354133 0.00154462 0.0018255 0.00185118 0.00596545 0.00198594 0.00182051 0.00253096
threshold=3.1852681167361565 2.3632946870634952 -0.50873784920340492 2.3274988156197214 -1.271903600222595 0.1250400494222286 2.2035044783654372 -1.1274452300180025 2.3094612728998838 1.765428791649722 -0.59452454500561791 -0.42327432106905305 -0.6536413704049967 -2.2105802066416023 -2.0003629416964892 -0.095753145090171868 -1.8444489091597831 -1.601327027763549 -1.3613568920182597
decision_type=2 2 2 2 2 2 2 2 2 2 2 2 2 2 2 2 2 2 2
left_child=1 4 -3 -4 5 10 8 -5 12 -9 -1 -12 -6 -14 15 -15 -16 -18 -19
right_child=-2 2 3 7 6 -7 -8 9 -10 -11 11 -13 13 14 16 -17 17 18 -20
leaf_value=-0.0003729026406896689 -0.00037266548116839169 0.0024382528979185738 -0.00083933394706218675 -0.00039243096273691795 0.00022312061665179028 -0.00072500690390976772 0.00042591327124404826 2.7135415121979387e-05 -0.00036823813279625029 0.00042078559328426012 0.00033712402460569482 -0.00014136832634738478 -0.00027215077391320525 -0.00062706123811949509 0.00035382020374527203 0.00021213763160631062 -0.00024134483514840272 0.00024117075253426184 -1.7811887278347222e-07
leaf_weight=48 78 40 50 42 77 42 72 262 50 48 53 143 62 45 40 40 77 110 8699
leaf_count=48 78 40 50 42 77 42 72 262 50 48 53 143 62 45 40 40 77 110 8699
internal_value=4.20944e-13 2.90679e-06 0.0001502 -7.74667e-05 -3.90464e-06 -0.000177265 1.44274e-06 3.07531e-05 -1.8792e-06 8.80877e-05 -8.29812e-05 -1.19801e-05 1.22762e-07 -1.76976e-06 9.05928e-08 -0.000232144 2.3021e-06 7.19759e-07 2.83566e-06
internal_weight=10078 10000 442 402 9558 286 9272 352 9200 310 244 196 9150 9073 9011 85 8926 8886 8809
internal_count=10078 10000 442 402 9558 286 9272 352 9200 310 244 196 9150 9073 9011 85 8926 8886 8809
is_linear=0
shrinkage=0.05


Tree=130
num_leaves=20
num_cat=0
split_feature=1 13 6 2 3 12 3 12 1 7 1 0 7 8 13 5 13 12 10
split_gain=0.004286 0.0586697 0.0096129 0.00743169 0.00300007 0.002144 0.00172939 0.00207284 0.00290404 0.00412991 0.00385801 0.00469904 0.00915834 0.00403519 0.00457524 0.0117425 0.00814206 0.0049377 0.00430353
threshold=2.3762423975743672 2.3094612728998838 -0.51912102639675706 1.3043072942110061 2.2035044783654372 3.093702684635204 -2.4694214797816358 -0.64367776320973435 -0.65090788390362142 2.1689323021965374 -0.64963922030585708 -0.64809321415118848 -2.0003629416964892 -1.9998554896922378 -0.62356783545283989 0.52144719206790813 -0.62308053297847554 -0.63421590215102286 -0.083210884750331351
decision_type=2 2 2 2 2 2 2 2 2 2 2 2 2 2 2 2 2 2 2
left_child=1 4 -2 5 6 -4 -1 -8 -9 10 -10 -12 -13 -14 15 17 -16 18 -15
right_child=2 -3 3 -5 -6 -7 7 8 9 -11 11 12 13 14 16 -17 -18 -19 -20
leaf_value=0.00028588804918542216 -0.0008228699120623556 0.0016211447257644198 -7.6317490240161652e-05 -0.00068232276855269454 0.00031512136951818864 0.00017772040751879104 -0.00021253724936482144 0.00021263997036631956 -0.00039414036738370285 -0.0004137030395389546 0.00050816026466135448 -0.00060003852454215689 -0.00040173006927943792 -0.00022992694702739041 -0.00071497966659080699 -0.00043604597316776309 5.1125025898734648e-08 0.00061220730006242025 0.00042543713581835621
leaf_weight=51 47 56 299 45 74 115 120 153 63 62 45 64 62 46 40 56 8516 109 55
leaf_count=51 47 56 299 45 74 115 120 153 63 62 45 64 62 46 40 56 8516 109 55
internal_value=-2.49141e-13 7.49692e-06 -0.000141819 -7.20819e-05 -1.99912e-06 -5.75141e-06 -4.48449e-06 -6.06143e-06 -3.38889e-06 -7.01386e-06 -4.22954e-06 -1.49804e-06 -4.06114e-06 2.32255e-07 3.0572e-06 0.000207272 -3.2917e-06 0.000378824 0.000126954
internal_weight=10078 9572 506 459 9516 414 9442 9391 9271 9118 9056 8993 8948 8884 8822 266 8556 210 101
internal_count=10078 9572 506 459 9516 414 9442 9391 9271 9118 9056 8993 8948 8884 8822 266 8556 210 101
is_linear=0
shrinkage=0.05


Tree=131
num_leaves=20
num_cat=0
split_feature=3 13 10 10 0 10 13 12 6 7 2 4 3 7 2 4 2 0 4
split_gain=0.00462235 0.00998829 0.00438965 0.0766927 0.00833508 0.0026632 0.00244175 0.0131496 0.00444576 0.00232715 0.00244567 0.00215875 0.00166701 0.00165359 0.0022679 0.00765712 0.00820876 0.00876184 0.00763678
threshold=2.0281924438166299 -0.6214850616055847 -1.271903600222595 -1.4258181616239864 1.9323038217108532 -3.8261060623722583 2.3094612728998838 2.2050204523790367 -0.48852194132190313 0.24472253964873308 -1.0087504550952922 -0.049133547200513668 0.0083558669408845074 -2.4191332456680597 -0.96934289662654682 -0.073758014502097777 -0.96934348071067311 -0.36135441139755869 0.81559127135527754
decision_type=2 2 2 2 2 2 2 2 2 2 2 2 2 2 2 2 2 2 2
left_child=2 -2 3 4 5 -1 13 -8 -9 10 -7 -6 -12 -4 15 -15 17 18 -17
right_child=1 -3 6 -5 11 9 7 8 -10 -11 12 -13 -14 14 -16 16 -18 -19 -20
leaf_value=-0.00030378035819921939 -0.00086866516623716891 0.00020459341467358172 0.0002983010551109514 0.0022383903875015676 -0.00025110295246122405 -2.609600132614262e-06 -0.00096981999877465491 -0.00053467675561478243 1.8819840690225531e-05 -0.00014568485649743153 0.00064790249381941267 -0.0007614270683789496 0.00020477312576655429 0.00010122624768313515 1.2236591404017836e-05 -5.903850183322277e-05 -0.00045563092650688732 -0.00058031743088080977 0.0006264568855417459
leaf_weight=40 46 41 47 40 40 58 41 40 390 51 41 43 44 524 7569 737 166 77 43
leaf_count=40 46 41 47 40 40 58 41 40 390 51 41 43 44 524 7569 737 166 77 43
internal_value=-7.50487e-13 -0.000362877 3.15987e-06 0.000175327 -8.49967e-05 6.76988e-05 -3.21999e-06 -0.000114246 -3.26682e-05 0.000144292 0.000247711 -0.000515488 0.000418518 2.48702e-06 9.6187e-07 -5.42019e-05 -0.000133815 -7.14798e-05 -2.12484e-05
internal_weight=10078 87 9991 357 317 234 9634 471 430 194 143 83 85 9163 9116 1547 1023 857 780
internal_count=10078 87 9991 357 317 234 9634 471 430 194 143 83 85 9163 9116 1547 1023 857 780
is_linear=0
shrinkage=0.05


Tree=132
num_leaves=20
num_cat=0
split_feature=3 1 0 6 12 13 10 3 10 2 10 3 7 8 13 10 0 6 0
split_gain=0.00417167 0.0106578 0.00465395 0.0752125 0.0139265 0.00313077 0.00262304 0.00257312 0.0022067 0.00606203 0.00267236 0.00173783 0.0014985 0.00215978 0.00411869 0.00774892 0.0052379 0.0047411 0.0036023
threshold=2.0281924438166299 -0.64012424332262452 2.3632946870634952 -0.51912102639675706 2.3274988156197214 2.3094612728998838 -1.271903600222595 0.38212131896601365 -1.271903600222595 0.1648201332793458 -1.5935341124626223 -0.25886792403138109 -2.4191332456680597 -2.4184688786886817 -0.62897706731583081 -0.098477000520430152 -0.64708445846867801 -2.000386027369053 -0.64557132494491209
decision_type=2 2 2 2 2 2 2 2 2 2 2 2 2 2 2 2 2 2 2
left_child=2 -2 5 -4 -5 8 -6 -8 9 10 11 -1 -10 -14 15 -15 -16 -18 -19
right_child=1 -3 3 4 6 -7 7 -9 12 -11 -12 -13 13 14 16 -17 17 18 -20
leaf_value=0.00028625766644836405 0.00020234914490257244 -0.00090453760836511693 0.0020336306212508743 -0.000843622300320077 -0.00031580641840595161 -0.00035067227203398947 4.5393556603381946e-05 0.00046603326222904759 0.00028338599912921327 -0.00070219140257771564 -0.00031890906379535759 -5.0621159903694061e-05 0.00035384964200581401 -0.00081513226778264576 0.00047900539397358386 -8.3842020767556092e-05 -0.00049328144735530561 -0.00037783945504610321 7.7649924932395239e-06
leaf_weight=56 44 43 48 49 44 65 321 41 47 41 65 121 43 41 58 311 48 61 8531
leaf_count=56 44 43 48 49 44 65 321 41 47 41 65 121 43 41 58 311 48 61 8531
internal_value=2.65599e-13 -0.000344733 3.00188e-06 0.000151213 -4.7372e-05 -4.85542e-06 4.87271e-05 9.30351e-05 -2.46997e-06 -0.000139978 -4.47265e-05 5.5962e-05 1.78765e-06 3.32123e-07 -1.34757e-06 -0.000169021 5.438e-06 2.25896e-06 5.02734e-06
internal_weight=10078 87 9991 503 455 9488 406 362 9423 283 242 177 9140 9093 9050 352 8698 8640 8592
internal_count=10078 87 9991 503 455 9488 406 362 9423 283 242 177 9140 9093 9050 352 8698 8640 8592
is_linear=0
shrinkage=0.05


Tree=133
num_leaves=20
num_cat=0
split_feature=0 9 2 10 6 6 3 5 13 12 4 12 6 6 8 9 7 8 8
split_gain=0.00428274 0.00353246 0.0615299 0.00678016 0.00861551 0.0053539 0.00473499 0.00454732 0.00441237 0.00943161 0.00329153 0.00820658 0.00517984 0.00243571 0.00241435 0.00289829 0.00415098 0.00238451 0.00237825
threshold=3.3289260641467391 -0.31298046229098675 0.38513794509737359 -0.35943258887072133 -0.58559914494956844 -1.1881016894988869 2.2633028584769961 -0.53200849276790796 2.3094612728998838 2.2050204523790367 0.65761035528630718 0.11112887805934991 0.23438672070315966 -0.21192858126905043 -0.45340362559996505 -0.58163607936848472 -0.31708240761556256 0.035256460555615286 -0.16387675637159435
decision_type=2 2 2 2 2 2 2 2 2 2 2 2 2 2 2 2 2 2 2
left_child=1 2 3 4 5 -1 8 -5 -3 -10 11 12 -6 -11 -13 16 17 -16 -7
right_child=-2 6 -4 7 10 18 -8 -9 9 13 -12 14 -14 -15 15 -17 -18 -19 -20
leaf_value=-6.1467825299735337e-06 -0.00037392120584148588 -2.672934625953466e-06 0.0017337029315294111 0.00065463727657391016 0.00083845069960696733 -0.00095777105681398619 0.00046464714975610275 0.00010901898138303967 -0.00090018843418475608 -0.00037542532548380633 -0.00041589759368731018 0.00018447332170580923 9.9674438224981864e-05 -1.084368247466713e-05 -0.00074073460851904272 0.00022542855997744485 -5.4465271303180294e-05 -0.00020438977216144852 -0.0004190659133018926
leaf_weight=43 76 8720 54 51 46 42 53 152 41 58 43 80 49 218 43 50 179 40 40
leaf_count=43 76 8720 54 51 46 42 53 152 41 58 43 80 49 218 43 50 179 40 40
internal_value=6.10478e-13 2.84123e-06 9.66513e-05 -6.37987e-06 -8.4628e-05 -0.000458027 -6.57074e-06 0.000246095 -9.33433e-06 -0.000192575 3.43776e-06 4.04633e-05 0.000457398 -8.74587e-05 -6.05795e-05 -0.000123414 -0.000189986 -0.000482255 -0.000694988
internal_weight=10078 10002 912 858 655 125 9090 203 9037 317 530 487 95 276 392 312 262 83 82
internal_count=10078 10002 912 858 655 125 9090 203 9037 317 530 487 95 276 392 312 262 83 82
is_linear=0
shrinkage=0.05


Tree=134
num_leaves=20
num_cat=0
split_feature=3 0 0 6 3 13 3 10 10 2 9 4 4 3 7 0 13 4 4
split_gain=0.00420854 0.00468722 0.079252 0.009649 0.00312271 0.0023807 0.00229915 0.00209853 0.00200003 0.00679798 0.00265196 0.00265045 0.00184168 0.00179895 0.00167242 0.00172467 0.0049731 0.00243762 0.00208365
threshold=2.2633028584769961 2.3632946870634952 2.4334032069979794 -0.51912102639675706 0.38951713281960237 2.3094612728998838 -0.47035010578875208 -0.42337058122944687 -1.271903600222595 0.17796582643466494 -1.8713323396532056 0.026191604132283879 -0.015884804748980897 -0.19004520084386392 2.4363546096675015 -0.6536413704049967 -0.63335566498670459 2.4358082430975041 1.6638982793015453
decision_type=2 2 2 2 2 2 2 2 2 2 2 2 2 2 2 2 2 2 2
left_child=1 5 -3 -4 6 8 -5 -8 9 10 12 -12 -1 -9 15 -10 -17 18 -18
right_child=-2 2 3 4 -6 -7 7 13 14 -11 11 -13 -14 -15 -16 16 17 -19 -20
leaf_value=-6.5123367433746658e-06 -0.00042468647634136844 0.0022865008201551971 -0.00075577914595626123 0.00033159105035090102 0.00043257617559801372 -0.00030697428659410577 -0.00029409564370287396 -0.00026427860023735169 0.0002378776364106064 -0.00073819534278300129 2.4049320456791013e-05 -0.00042989753038440186 0.00041359939809353818 7.4411407365353787e-05 0.00028346252176841239 -0.00050523238700852559 1.1881466960271852e-06 0.00038450711496208409 -0.00018990498968472322
leaf_weight=75 58 40 42 44 45 65 71 48 75 40 68 61 40 214 52 49 8805 41 145
leaf_count=75 58 40 42 44 45 65 71 48 75 40 68 61 40 214 52 49 8805 41 145
internal_value=4.32642e-13 2.45827e-06 0.000151054 -3.30364e-05 3.88953e-05 -5.41186e-06 -8.0958e-06 -5.29793e-05 -3.33784e-06 -0.000134016 -3.49707e-05 -0.000190608 0.000139613 1.23613e-05 7.10667e-07 -9.02399e-07 -2.88343e-06 -1.45679e-07 -1.90778e-06
internal_weight=10078 10020 504 464 422 9516 377 333 9451 284 244 129 115 262 9167 9115 9040 8991 8950
internal_count=10078 10020 504 464 422 9516 377 333 9451 284 244 129 115 262 9167 9115 9040 8991 8950
is_linear=0
shrinkage=0.05


Tree=135
num_leaves=20
num_cat=0
split_feature=12 13 6 10 3 10 9 12 10 9 7 5 7 2 3 3 4 4 7
split_gain=0.00407845 0.0758677 0.00847164 0.00726472 0.0033719 0.00229573 0.00509963 0.00213346 0.00193817 0.0018589 0.00199784 0.00166769 0.00157399 0.00162277 0.00166257 0.00147156 0.00416262 0.00472626 0.00814549
threshold=2.2050204523790367 2.3094612728998838 -0.51912102639675706 2.595058012270782 2.2035044783654372 -1.271903600222595 -1.2429601731835551 3.093702684635204 -1.1274452300180025 -2.7883520507948103 0.20231807381066 0.008069949115513347 -0.2444065692062615 0.73343307873850405 -0.11042073447100013 -0.39563492343636408 -1.4232099607917068 -0.62520986020283531 0.052512184310291185
decision_type=2 2 2 2 2 2 2 2 2 2 2 2 2 2 2 2 2 2 2
left_child=1 4 -2 7 5 6 9 8 -4 -1 11 -11 -10 14 -14 16 -7 18 -18
right_child=2 -3 3 -5 -6 15 -8 -9 12 10 -12 -13 13 -15 -16 -17 17 -19 -20
leaf_value=-0.00033840683109398625 -0.00075321691200952055 0.002055775735190966 -0.00033840711678041974 -0.0006014159076521378 0.00033409215760715402 -0.00045221502486605291 -0.00063442535446180657 0.00019154977418885986 0.0002284977092957971 -2.9907706352418786e-05 -0.00024722317140549421 0.00033360989341004333 3.8815437532637433e-05 0.00016246332804387619 -0.00028225788273911602 -1.0498887319591736e-05 5.8219198326153656e-05 2.2417864018881275e-05 0.00074031605506136734
leaf_weight=45 50 45 54 57 74 42 45 108 55 74 50 55 69 56 97 7327 134 1576 65
leaf_count=45 50 45 54 57 74 42 45 108 55 74 50 55 69 56 97 7327 134 1576 65
internal_value=-3.94669e-13 7.61263e-06 -0.0001329 -7.03684e-05 -2.10249e-06 -4.74547e-06 -0.000148711 -1.41694e-06 -6.43789e-05 -5.11343e-05 2.1085e-05 0.00012508 -1.09582e-05 -7.02829e-05 -0.0001488 -5.1027e-07 3.97685e-05 5.14098e-05 0.000281015
internal_weight=10078 9532 546 496 9487 9413 269 439 331 224 179 129 277 222 166 9144 1817 1775 199
internal_count=10078 9532 546 496 9487 9413 269 439 331 224 179 129 277 222 166 9144 1817 1775 199
is_linear=0
shrinkage=0.05


Tree=136
num_leaves=20
num_cat=0
split_feature=3 10 13 2 9 0 13 12 6 5 3 0 0 0 10 10 10 0 1
split_gain=0.00410344 0.00471186 0.0728514 0.00772477 0.00278768 0.00300538 0.00215598 0.0130742 0.00419155 0.00164313 0.00203695 0.00224671 0.00666258 0.00649739 0.00735655 0.00599266 0.00361315 0.00301331 0.00297126
threshold=2.2633028584769961 -1.271903600222595 2.4431102656536994 0.19157043859801193 -1.8713323396532056 0.54041012153673551 2.3094612728998838 2.2050204523790367 -0.48852194132190313 -2.4189890788819697 -2.4694214797816358 -0.64557132494491209 -0.64355381357989094 -0.64809321415118848 -0.10223601904736289 -0.09126236653347071 -0.086464686002975813 -0.64607570278616733 -0.65179594842205646
decision_type=2 2 2 2 2 2 2 2 2 2 2 2 2 2 2 2 2 2 2
left_child=1 2 3 4 -1 -6 9 -8 -9 -3 -11 13 16 14 -12 -16 -13 -15 -17
right_child=-2 6 -4 -5 5 -7 7 8 -10 10 11 12 -14 17 15 18 -18 -19 -20
leaf_value=0.0001455239267613706 -0.00041935029670451613 0.00029926344786674794 0.0018728906692154449 -0.0007675726165689412 8.1047206024732822e-05 -0.00039155282113157835 -0.00096159573973947279 -0.00051473061223987319 2.2644332587442665e-05 0.00033525034371349548 0.00063599427841836591 0.00079169946475303736 -4.863705200540512e-07 -0.0006402489182073623 -0.00065568003788939687 -0.00012040147394624832 0.00013148032645869198 -0.00011582151566269912 0.00022222485828380517
leaf_weight=128 58 46 54 40 61 75 41 40 391 45 40 40 8542 70 40 182 43 45 97
leaf_count=128 58 46 54 40 61 75 41 40 391 45 40 40 8542 70 40 182 43 45 97
internal_value=-1.04332e-13 2.42738e-06 0.000180552 -0.000120061 -2.19527e-05 -0.000179578 -4.17257e-06 -0.000108391 -2.72281e-05 1.18013e-06 -3.19418e-07 -1.97901e-06 3.84546e-06 -0.000107962 -3.18854e-06 -8.33369e-05 0.000449658 -0.000435038 -1.28049e-06
internal_weight=10078 10020 358 304 264 136 9662 472 431 9190 9144 9099 8625 474 359 319 83 115 279
internal_count=10078 10020 358 304 264 136 9662 472 431 9190 9144 9099 8625 474 359 319 83 115 279
is_linear=0
shrinkage=0.05


Tree=137
num_leaves=20
num_cat=0
split_feature=12 13 6 3 3 13 10 10 9 9 7 5 0 3 7 9 7 3 13
split_gain=0.0041375 0.0713203 0.00747909 0.00681021 0.00342203 0.00250991 0.00281146 0.00189352 0.00434859 0.00162374 0.00181289 0.00151068 0.00148875 0.00179579 0.00164795 0.00531542 0.00182375 0.00174697 0.00472812
threshold=2.2050204523790367 2.3094612728998838 -0.51912102639675706 0.47075862829983356 2.2035044783654372 2.4068245133561974 -1.271903600222595 -1.271903600222595 -1.2429601731835551 -2.7883520507948103 0.20231807381066 0.008069949115513347 -0.6536413704049967 -2.2105802066416023 -2.0003629416964892 -0.095753145090171868 -1.8444489091597831 -0.84722719582578787 -0.57163490676408435
decision_type=2 2 2 2 2 2 2 2 2 2 2 2 2 2 2 2 2 2 2
left_child=1 4 -2 5 7 -4 -7 8 9 -1 11 -11 -9 -14 15 -15 -16 18 -18
right_child=2 -3 3 -5 -6 6 -8 12 -10 10 -12 -13 13 14 16 -17 17 -19 -20
leaf_value=-0.00031354440398798848 -0.00071670500555774197 0.0019935011135142609 0.00033970559158155489 -0.00064111922280668911 0.0003369329742240921 -0.00040897323835489092 -4.8732252664174129e-06 0.00021835883798504058 -0.00058368590240004577 -2.600635238982127e-05 -0.00023314700811170042 0.00031997544817965144 -0.00027059858510901613 -0.00059247666297273507 0.00033836446556961163 0.00019968155176684375 0.00018633587473341871 -6.2532074390918168e-06 -8.9772521362568468e-05
leaf_weight=45 50 45 45 48 74 49 354 77 45 74 50 55 62 45 40 40 398 8228 254
leaf_count=45 50 45 45 48 74 49 354 77 45 74 50 55 62 45 40 40 398 8228 254
internal_value=-1.76317e-14 7.66754e-06 -0.000133859 -7.51044e-05 -1.75193e-06 -1.446e-05 -5.4007e-05 -4.41449e-06 -0.000135162 -4.50566e-05 2.24404e-05 0.000121505 -5.68135e-07 -2.42734e-06 -5.8096e-07 -0.000219696 1.50702e-06 -1.03528e-08 7.87722e-05
internal_weight=10078 9532 546 496 9487 448 403 9413 269 224 179 129 9144 9067 9005 85 8920 8880 652
internal_count=10078 9532 546 496 9487 448 403 9413 269 224 179 129 9144 9067 9005 85 8920 8880 652
is_linear=0
shrinkage=0.05


Tree=138
num_leaves=20
num_cat=0
split_feature=3 13 10 2 13 9 0 13 12 6 9 9 4 2 2 9 8 10 9
split_gain=0.00402437 0.00995783 0.00455451 0.0750079 0.00376564 0.00234359 0.00370323 0.00221696 0.0146753 0.00333624 0.00155767 0.00142823 0.00145284 0.00837526 0.00985343 0.00799863 0.00604843 0.00469401 0.00573536
threshold=2.0281924438166299 -0.6214850616055847 -1.271903600222595 0.28226652983637979 2.4431102656536994 -1.8713323396532056 0.54041012153673551 2.3094612728998838 2.2050204523790367 -0.48852194132190313 -2.3329689733084016 2.7081462623861454 -1.1557548303589189 -1.6750480505180012 -1.2936023287538387 -0.021302993695000803 0.45871579420618891 -0.076335007832344051 -0.10812505163351473
decision_type=2 2 2 2 2 2 2 2 2 2 2 2 2 2 2 2 2 2 2
left_child=2 -2 3 4 5 10 -7 11 -9 -10 -1 12 13 -4 -15 16 17 18 -16
right_child=1 -3 7 -5 -6 6 -8 8 9 -11 -12 -13 -14 14 15 -17 -18 -19 -20
leaf_value=-2.097210810356099e-05 -0.00084360886138038827 0.00022801207470787098 -0.00055534688157624459 0.0021368030318076625 -0.0004925515014756642 0.00012870008842230985 -0.00039201155266614239 -0.0010131910147742375 -0.00045803850669472017 2.1441284658906696e-05 0.00033056487229949765 0.00030000591505086049 -3.8624158267468612e-06 0.00085224237947208485 0.0002190353184302624 -0.00042630312254074779 0.00065414274784935907 0.00030227863991802391 -0.00050711182544195283
leaf_weight=69 46 41 45 43 49 62 76 41 40 390 58 40 8692 46 52 65 56 110 57
leaf_count=69 46 41 45 43 49 62 76 41 40 390 58 40 8692 46 52 65 56 110 57
internal_value=-1.72172e-14 -0.000338592 2.9484e-06 0.000178319 -8.98816e-05 -1.54256e-05 -0.000158069 -3.55016e-06 -0.000109342 -2.31615e-05 0.000139572 1.88782e-06 5.80711e-07 9.01855e-05 0.000165442 7.25218e-05 0.000190426 7.18498e-05 -0.000160693
internal_weight=10078 87 9991 357 314 265 138 9634 471 430 127 9163 9123 431 386 340 275 219 109
internal_count=10078 87 9991 357 314 265 138 9634 471 430 127 9163 9123 431 386 340 275 219 109
is_linear=0
shrinkage=0.05


Tree=139
num_leaves=20
num_cat=0
split_feature=13 0 6 12 3 13 0 10 2 10 5 5 2 10 2 6 2 2 3
split_gain=0.0041816 0.00401316 0.0789963 0.0130031 0.00330545 0.0030633 0.0030471 0.00299296 0.0023369 0.00907911 0.00962928 0.00618575 0.00651608 0.0059857 0.00401928 0.00970398 0.00634766 0.00314133 0.0145078
threshold=-0.63758908041290896 2.3632946870634952 -0.51912102639675706 2.3274988156197214 2.2035044783654372 2.3094612728998838 -0.65565888177001785 -1.271903600222595 -1.474652171673779 -0.068987681175105717 -1.4050127036164597 -0.71678936779484059 -1.5943890716538289 -0.048006241856358052 -1.8679342365266276 -0.19981174210559116 -1.6750480505180012 -0.7774329181722377 0.9846884549873528
decision_type=2 2 2 2 2 2 2 2 2 2 2 2 2 2 2 2 2 2 2
left_child=-1 4 -3 -4 5 6 -2 -5 9 10 -8 -12 14 -11 15 -13 -16 18 -10
right_child=1 2 3 7 -6 -7 8 -9 17 13 11 12 -14 -15 16 -17 -18 -19 -20
leaf_value=-0.00044295357225598977 -0.00040670871216632888 0.0020915583730226339 -0.00082254096464021143 -0.0003568750621938803 0.00033025463397853074 -0.00034956042954245982 0.00074747369611187183 8.0042616412313381e-05 -5.085895441004784e-05 0.0010204188758507371 -0.00064643242451325024 0.00069879155790052519 0.00050613459118592019 0.00016071673506791364 -0.00068305198366613645 -0.00011168773460058308 0.00010831012857427899 3.3632436187728861e-06 -0.0010173437388220918
leaf_weight=53 47 47 50 44 73 65 41 359 1326 40 40 45 56 41 58 206 45 7402 40
leaf_count=53 47 47 50 44 73 65 41 359 1326 40 40 45 56 41 58 206 45 7402 40
internal_value=-7.02787e-15 2.3418e-06 0.000140418 -6.20182e-05 -4.90629e-06 -7.49482e-06 -5.1262e-06 3.23394e-05 -3.10539e-06 9.48141e-05 1.39054e-05 -5.29308e-05 4.97177e-06 0.000585261 -7.43082e-05 3.36173e-05 -0.000337311 -9.49338e-06 -7.91601e-05
internal_weight=10078 10025 500 453 9525 9452 9387 403 9340 572 491 450 410 81 354 251 103 8768 1366
internal_count=10078 10025 500 453 9525 9452 9387 403 9340 572 491 450 410 81 354 251 103 8768 1366
is_linear=0
shrinkage=0.05


Tree=140
num_leaves=20
num_cat=0
split_feature=12 2 9 3 9 0 13 3 2 8 3 12 4 12 7 8 9 4 2
split_gain=0.00399843 0.00361802 0.100557 0.0116917 0.00550556 0.00550455 0.00823013 0.00443312 0.0057747 0.00400589 0.00363913 0.0125059 0.0108038 0.0079157 0.00738205 0.00357073 0.00858514 0.00916544 0.00801083
threshold=3.1852681167361565 -0.024697959798182845 -0.74714972987907402 2.0281924438166299 -0.39727747029922073 2.3297535606200186 2.5099272453676384 -1.0537665183648393 0.49086791838719301 -1.4046750025251453 0.6910327313283825 -0.41602274968620218 -0.47916524668514965 -0.58041806922845374 -0.53023062720670433 -1.0418056939385207 -0.059523874832357666 -0.67877521996882717 -1.0445622332135474
decision_type=2 2 2 2 2 2 2 2 2 2 2 2 2 2 2 2 2 2 2
left_child=1 5 -3 4 -4 10 -7 8 -6 -9 15 13 -13 14 -12 16 17 -1 -19
right_child=-2 2 3 -5 7 6 -8 9 -10 -11 11 12 -14 -15 -16 -17 -18 18 -20
leaf_value=0.00067870528497830196 -0.00035659905130533171 0.0022418866490981743 -0.00050939309585373849 0.00077083492453675724 0.00061399196083448948 -0.00091375616146251561 -0.00013031448710148542 -0.00040555392122769267 -0.0001089455743141948 5.637540753692395e-06 -0.00059315110278774553 -0.0012835991270726593 -0.00014261358051693865 0.00046625227581382968 3.028400251423591e-05 -1.5933106298762837e-05 0.00071083781158290155 -0.00048626181866702722 0.00011147267008569683
leaf_weight=48 78 51 52 50 67 40 207 60 47 4623 67 41 42 67 163 4055 57 81 182
leaf_count=48 78 51 52 50 67 40 207 60 47 4623 67 41 42 67 163 4055 57 81 182
internal_value=5.97547e-13 2.78147e-06 3.31587e-05 1.01652e-05 2.32165e-06 -2.69942e-05 -0.000257188 7.8687e-06 0.000315939 3.69232e-07 -1.51563e-05 -0.00016364 -0.000706233 -1.20065e-05 -0.000151325 -2.39935e-06 0.000146729 4.33398e-05 -7.26205e-05
internal_weight=10078 10000 4950 4899 4849 5050 247 4797 114 4683 4803 380 83 297 230 4423 368 311 263
internal_count=10078 10000 4950 4899 4849 5050 247 4797 114 4683 4803 380 83 297 230 4423 368 311 263
is_linear=0
shrinkage=0.05


Tree=141
num_leaves=20
num_cat=0
split_feature=3 12 0 6 12 9 13 10 10 2 9 7 4 0 3 4 13 12 2
split_gain=0.00440248 0.01023 0.00434924 0.069127 0.0129425 0.00282147 0.00266436 0.00205454 0.00200282 0.00850262 0.00190287 0.00262212 0.00175361 0.00154182 0.00169999 0.00174014 0.00598169 0.00634486 0.00885843
threshold=2.0281924438166299 -0.633045955588036 2.3632946870634952 -0.51912102639675706 2.3274988156197214 1.9706949481000062 2.3094612728998838 -1.271903600222595 -1.271903600222595 0.17796582643466494 -1.8713323396532056 -0.43026162982139965 -0.015884804748980897 -0.6536413704049967 -2.2105802066416023 1.5421315123950921 -0.59233045434962761 -0.62685869302683705 -0.13493686263975899
decision_type=2 2 2 2 2 2 2 2 2 2 2 2 2 2 2 2 2 2 2
left_child=2 -2 6 -4 -5 7 8 -6 9 10 12 -12 -1 -10 -15 -16 17 18 -17
right_child=1 -3 3 4 5 -7 -8 -9 13 -11 11 -13 -14 14 15 16 -18 -19 -20
leaf_value=-1.7458882172610861e-05 0.00022015283168179959 -0.00086601172540964476 0.0019510186295216654 -0.00081162601584635155 -0.00032915179510217222 0.00034248621311288685 -0.00032353137252637406 3.7189435165198871e-05 0.00022453960098738955 -0.00080881406174739825 -0.00048990383231284796 -2.5252381286857225e-06 0.00039344798418824208 -0.00026106735928014163 5.1371385461539154e-06 -0.00066026098611473574 0.00027502921044028232 -0.00081118889012776144 0.00024510742706687389
leaf_weight=74 41 46 48 49 44 68 65 294 77 40 40 89 40 62 8780 44 63 44 70
leaf_count=74 41 46 48 49 44 68 65 294 77 40 40 89 40 62 8780 44 63 44 70
internal_value=-4.29899e-14 -0.000354141 3.0838e-06 0.00014636 -4.40211e-05 4.86209e-05 -4.51191e-06 -1.05e-05 -2.31131e-06 -0.000133313 -2.21191e-05 -0.00015365 0.000126719 1.74486e-06 -1.48023e-07 1.64922e-06 -0.000136921 -0.000301179 -0.000104333
internal_weight=10078 87 9991 503 455 406 9488 338 9423 283 243 129 114 9140 9063 9001 221 158 114
internal_count=10078 87 9991 503 455 406 9488 338 9423 283 243 129 114 9140 9063 9001 221 158 114
is_linear=0
shrinkage=0.05


Tree=142
num_leaves=20
num_cat=0
split_feature=3 10 10 2 13 13 12 6 7 7 0 10 2 2 2 4 3 10 3
split_gain=0.0040918 0.00417481 0.0737216 0.0103036 0.00478807 0.00203001 0.0117271 0.00567107 0.00154816 0.00171782 0.00588658 0.00346899 0.00385921 0.00616451 0.00300122 0.00206421 0.00245412 0.0127162 0.00676361
threshold=2.2633028584769961 -1.271903600222595 -1.4258181616239864 0.19157043859801193 2.4431102656536994 2.3094612728998838 2.2050204523790367 -0.48852194132190313 2.4363546096675015 1.3054319769553502 -0.45693401231543523 -0.11659169012107433 0.88811094856276085 0.44272897268025174 -0.13493686263975899 -2.0007174106499979 1.1840262963296082 0.021124282719234087 1.7016580215816062
decision_type=2 2 2 2 2 2 2 2 2 2 2 2 2 2 2 2 2 2 2
left_child=1 2 3 4 -1 8 -7 -8 9 15 11 -11 13 14 -13 -3 -17 18 -18
right_child=-2 5 -4 -5 -6 6 7 -9 -10 10 -12 12 -14 -15 -16 16 17 -19 -20
leaf_value=0.00011837061116041341 -0.0004187548083227112 0.00026179492159318722 0.0021931542598395029 -0.00083469671757484319 -0.00043064909774936195 -0.00091297264216558607 -0.00059509967398525994 2.996203547157973e-05 0.00027345239380583032 -0.00044240513566778239 -0.0006808079318579986 0.00015243415724668281 -0.00033792465195081194 0.0005800500877867627 -0.00032878926390872545 6.9857970356565967e-06 -0.00016066594678722435 -0.00094489187329253638 0.00039085311827396878
leaf_weight=230 58 77 40 40 48 41 40 391 52 44 40 81 53 57 54 8407 207 42 76
leaf_count=230 58 77 40 40 48 41 40 391 52 44 40 81 53 57 54 8407 207 42 76
internal_value=5.35976e-13 2.42393e-06 0.00017009 -8.4383e-05 2.35758e-05 -3.78851e-06 -0.000104917 -2.80483e-05 1.40545e-06 -1.42637e-07 -0.000112318 -3.36347e-05 3.97771e-05 0.000144039 -4.00552e-05 4.04692e-06 1.77406e-06 -0.000133041 -1.25548e-05
internal_weight=10078 10020 358 318 278 9662 472 431 9190 9138 329 289 245 192 135 8809 8732 325 283
internal_count=10078 10020 358 318 278 9662 472 431 9190 9138 329 289 245 192 135 8809 8732 325 283
is_linear=0
shrinkage=0.05


Tree=143
num_leaves=20
num_cat=0
split_feature=0 0 0 6 3 3 10 2 10 13 1 2 2 7 8 13 12 9 9
split_gain=0.00385347 0.00325182 0.0761307 0.0106842 0.00327697 0.00299903 0.002222 0.00868751 0.00344736 0.00191248 0.00158932 0.00146278 0.00220829 0.00143562 0.00193711 0.00364559 0.00708005 0.00565008 0.00537925
threshold=3.3289260641467391 2.3632946870634952 2.4334032069979794 -0.51912102639675706 2.2035044783654372 0.38212131896601365 -1.271903600222595 0.19157043859801193 -1.5935341124626223 2.3094612728998838 0.8246747466560741 0.98483916148526307 0.4427295662113076 -2.4191332456680597 -2.4184688786886817 -0.62897706731583081 -0.63998546894576125 -0.073785346613212885 -0.069837455013339961
decision_type=2 2 2 2 2 2 2 2 2 2 2 2 2 2 2 2 2 2 2
left_child=1 4 -3 -4 6 11 7 8 10 13 -1 12 -5 -8 -15 16 17 -16 -19
right_child=-2 2 3 5 -6 -7 9 -9 -10 -11 -12 -13 -14 14 15 -17 -18 18 -20
leaf_value=-9.4790000146553849e-05 -0.00035468713047425571 0.0022145110279961958 -0.00085023173000081448 -1.8735581953674187e-05 0.000328099879025303 0.00041987096978118643 0.00027575047087280994 -0.00082587026416149458 -0.00034294646095837217 -0.0003099521516705863 0.00019649823240084713 0.00021343506405173686 -0.00039723295500307556 0.00033349867087984657 -0.0002884797243887892 3.4872853007069728e-06 -0.00057080786847322606 0.00066539857099996887 -1.3367369996962629e-05
leaf_weight=81 76 40 40 214 74 40 47 40 67 50 111 48 47 43 123 8708 81 40 108
leaf_count=81 76 40 40 214 74 40 47 40 67 50 111 48 47 43 123 8708 81 40 108
internal_value=1.04798e-13 2.69508e-06 0.00013737 -7.62183e-05 -3.34016e-06 1.24939e-05 -5.92217e-06 -0.000140063 -3.41471e-05 -1.56259e-06 7.3611e-05 -4.0241e-05 -8.68941e-05 1.22603e-07 -1.3005e-06 -2.8895e-06 -0.000160643 -3.8047e-05 0.000170083
internal_weight=10078 10002 429 389 9573 349 9499 299 259 9200 192 309 261 9150 9103 9060 352 271 148
internal_count=10078 10002 429 389 9573 349 9499 299 259 9200 192 309 261 9150 9103 9060 352 271 148
is_linear=0
shrinkage=0.05


Tree=144
num_leaves=20
num_cat=0
split_feature=3 13 0 6 12 10 3 10 2 10 13 0 13 12 4 7 5 13 7
split_gain=0.00406207 0.010056 0.00393436 0.06567 0.0132057 0.00260019 0.00219939 0.00212208 0.00778406 0.00306223 0.00174351 0.00145248 0.00154109 0.00644226 0.00852887 0.00484496 0.00560317 0.00468399 0.00522257
threshold=2.0281924438166299 -0.6214850616055847 2.3632946870634952 -0.51912102639675706 2.3274988156197214 -1.271903600222595 0.38212131896601365 -1.271903600222595 0.19157043859801193 -1.5935341124626223 2.3094612728998838 -0.6536413704049967 -0.59233045434962761 -0.61049819622692281 -0.91969957571935701 -1.1278245732185961 -0.67855842959454582 -0.59017367326861614 1.3054319769553502
decision_type=2 2 2 2 2 2 2 2 2 2 2 2 2 2 2 2 2 2 2
left_child=2 -2 7 -4 -5 -6 -7 8 9 -1 11 -9 13 -13 -15 16 -14 -17 -19
right_child=1 -3 3 4 5 6 -8 10 -10 -11 -12 12 15 14 -16 17 -18 18 -20
leaf_value=6.7066801685632048e-05 -0.00084767456877591978 0.00022921619980124667 0.0018981888682295296 -0.00082169893565670863 -0.00031568876997467175 4.7321795880130127e-05 0.0004362157111555883 0.0002178496705343971 -0.0007845767559774685 -0.00032579913134200139 -0.00029445454661617987 6.2178143539292636e-06 0.0007836041702032119 0.00024976221850901063 -0.00027310156536514634 0.00032218467181930623 0.00011734289588793529 6.8064241928920073e-06 -0.00032375210743876021
leaf_weight=191 46 41 48 49 44 321 41 77 40 67 50 2291 41 94 458 115 137 5805 122
leaf_count=191 46 41 48 49 44 321 41 77 40 67 50 2291 41 94 458 115 137 5805 122
internal_value=-4.3767e-13 -0.000340174 2.96218e-06 0.000139234 -4.63262e-05 4.72533e-05 9.13678e-05 -4.26217e-06 -0.000135577 -3.49565e-05 -4.09555e-09 1.60668e-06 -2.30535e-07 -3.07273e-05 -0.000184063 1.37088e-05 0.000270808 6.13452e-06 2.28367e-09
internal_weight=10078 87 9991 503 455 406 362 9488 298 258 9190 9140 9063 2843 552 6220 178 6042 5927
internal_count=10078 87 9991 503 455 406 362 9488 298 258 9190 9140 9063 2843 552 6220 178 6042 5927
is_linear=0
shrinkage=0.05


Tree=145
num_leaves=20
num_cat=0
split_feature=12 13 6 13 3 10 2 10 9 0 3 3 5 7 2 7 4 9 0
split_gain=0.00417662 0.0741474 0.0121642 0.00711436 0.00334554 0.00220578 0.00482425 0.00179986 0.00169724 0.00241689 0.00195051 0.0013457 0.00141822 0.00458021 0.00397841 0.00692235 0.00939875 0.0049554 0.00624883
threshold=2.2050204523790367 2.3094612728998838 -0.51912102639675706 2.3094612728998838 2.2035044783654372 -1.271903600222595 0.056293409742753063 -1.271903600222595 -1.8713323396532056 0.54041012153673551 -0.17756324854960007 1.8507010582666805 0.22457543173878569 -1.4228305123132767 -0.96934282245710446 -0.55403276944130186 -0.7400953547294794 0.046512154149269368 -0.54973953510640772
decision_type=2 2 2 2 2 2 2 2 2 2 2 2 2 2 2 2 2 2 2
left_child=1 4 -2 -4 5 6 8 -5 10 -10 -1 12 -7 -14 15 -15 -17 -16 -19
right_child=2 -3 3 7 -6 11 -8 -9 9 -11 -12 -13 13 14 17 16 -18 18 -20
leaf_value=0.00036252793194385381 -0.0008778038283344359 0.0020325127696681497 -0.00067418712011246059 -0.00026391163255698702 0.00033297737847189297 1.2501355235955834e-05 -0.00063791303601603774 3.6594711479086653e-05 5.4344837353083085e-05 -0.00038965203915722671 -8.0569059838804641e-05 -0.00028275316040630321 -0.00046026930108009919 -0.000760324171293784 5.3965978876862776e-05 0.00054937806799623711 -0.00034454239939511738 -0.00060593825317772801 -6.446183761666203e-05
leaf_weight=41 50 45 43 57 74 6771 42 396 58 65 63 42 61 48 1373 43 93 58 655
leaf_count=41 50 45 43 57 74 6771 42 396 58 65 63 42 61 48 1373 43 93 58 655
internal_value=7.07605e-13 7.7037e-06 -0.00013449 -5.95595e-05 -1.90064e-06 -4.53327e-06 -0.00014565 -1.21735e-06 -5.45709e-05 -0.000180288 9.41134e-05 -3.81864e-07 9.21102e-07 -3.27168e-05 -2.12275e-05 -0.000244102 -6.19058e-05 -1.56838e-06 -0.000108509
internal_weight=10078 9532 546 496 9487 9413 269 453 227 123 104 9144 9102 2331 2270 184 136 2086 713
internal_count=10078 9532 546 496 9487 9413 269 453 227 123 104 9144 9102 2331 2270 184 136 2086 713
is_linear=0
shrinkage=0.05


Tree=146
num_leaves=20
num_cat=0
split_feature=3 10 10 2 0 6 13 12 6 5 2 8 8 5 3 12 1 13 6
split_gain=0.00394624 0.0100062 0.00447762 0.0734972 0.00324159 0.0041366 0.00231267 0.0127286 0.00518039 0.00202774 0.00297088 0.00152806 0.00188223 0.0017432 0.00138104 0.00212672 0.00266489 0.00361032 0.00492879
threshold=2.0281924438166299 -0.080610666209532542 -1.271903600222595 0.28226652983637979 1.5213619755481094 -0.14440823975090139 2.3094612728998838 2.2050204523790367 -0.48852194132190313 0.33370954678576492 -1.0445622332135474 0.27041838151374881 0.0081533185266936762 -0.23189042434943655 -2.4694214797816358 -0.64367776320973435 -0.65090788390362142 -0.62843136681126033 -2.000386027369053
decision_type=2 2 2 2 2 2 2 2 2 2 2 2 2 2 2 2 2 2 2
left_child=2 -2 3 4 9 -6 14 -8 -9 10 -1 12 13 -10 -4 -16 -17 -18 -19
right_child=1 -3 6 -5 5 -7 7 8 11 -11 -12 -13 -14 -15 15 16 17 18 -20
leaf_value=-0.00014697081370918492 0.00019480492476511494 -0.00087771055499784821 0.00026676473207771779 0.0021154638693862879 -0.00058084416478017319 -5.4152557652287218e-06 -0.00095334310884404331 -0.0005732141897897236 0.00022933845121534199 -0.00026919292829073282 0.00031056249555261816 -0.00017856451382006829 0.00024296641484431694 -0.00010081701353650622 -0.00020849402428818094 0.00021028611627354113 -0.00024762242335970674 -0.00047675824025645853 6.8900813981907645e-06
leaf_weight=59 44 43 49 43 61 64 41 40 54 41 89 75 107 154 120 153 145 53 8643
leaf_count=59 44 43 49 43 61 64 41 40 54 41 89 75 107 154 120 153 145 53 8643
internal_value=2.03688e-13 -0.000335289 2.91964e-06 0.000176803 -8.86822e-05 -0.000286225 -3.52383e-06 -0.000111576 -3.13141e-05 4.19676e-05 0.000128167 2.42654e-05 7.25583e-05 -1.51036e-05 2.03028e-06 6.06981e-07 3.39685e-06 -1.83516e-07 3.94236e-06
internal_weight=10078 87 9991 357 314 125 9634 471 430 189 148 390 315 208 9163 9114 8994 8841 8696
internal_count=10078 87 9991 357 314 125 9634 471 430 189 148 390 315 208 9163 9114 8994 8841 8696
is_linear=0
shrinkage=0.05


Tree=147
num_leaves=20
num_cat=0
split_feature=10 10 9 3 6 8 13 10 0 12 6 6 2 9 10 6 5 10 9
split_gain=0.00383737 0.00337668 0.0701451 0.00521926 0.0046205 0.00356475 0.00345283 0.00399678 0.00302371 0.0158841 0.00328135 0.00284859 0.00392465 0.00162566 0.00202967 0.00468088 0.00394561 0.00393429 0.00994201
threshold=2.859936849945441 -0.96310059043311169 -0.95660734973321693 2.2035044783654372 -0.62508514766702672 -0.35204812586357648 0.10144801451337455 -3.0425379700107009 2.3297535606200186 2.2707458826104805 -0.42317994945600329 -0.15825713368649894 -0.60533447485892034 -0.74714972987907402 -0.2958575356998282 -0.73995338058667237 -0.67735766644545314 -0.25140637188352566 -0.2825285720630038
decision_type=2 2 2 2 2 2 2 2 2 2 2 2 2 2 2 2 2 2 2
left_child=1 2 4 8 -1 -6 -7 -8 13 -10 -11 -9 -13 -3 15 -15 -17 18 -16
right_child=-2 3 -4 -5 5 6 7 11 9 10 -12 12 -14 14 17 16 -18 -19 -20
leaf_value=-0.00048715622598627725 -0.00034934331572283276 -0.00023567542346128207 0.0017913122794457844 0.00042059001153802459 0.00024197657996006053 0.00026317058241046552 -0.00064741675521999727 -0.00038633477026519788 -0.00098405900139276093 -0.00045331211236771202 2.6370019842455275e-05 0.00038247877315977048 -0.00028811791466068829 -0.00038058414079603694 0.00033942443104327449 -0.00027837898612743608 0.00024621312529984207 8.4845085654621739e-07 -0.00053052010589453862
leaf_weight=65 78 73 56 72 90 45 43 53 49 40 328 48 40 42 48 41 285 8478 104
leaf_count=65 78 73 56 72 90 45 43 53 49 40 328 48 40 42 48 41 285 8478 104
internal_value=6.18491e-13 2.72488e-06 0.000138156 -3.50834e-06 -0.00010293 -2.4639e-05 -0.000129422 -0.000225437 -6.72662e-06 -0.000138374 -2.57693e-05 -9.67481e-05 7.76621e-05 -6.74698e-07 1.23184e-06 0.00011623 0.000180237 -3.67191e-06 -0.000255801
internal_weight=10078 10000 440 9560 384 319 229 184 9488 417 368 141 88 9071 8998 368 326 8630 152
internal_count=10078 10000 440 9560 384 319 229 184 9488 417 368 141 88 9071 8998 368 326 8630 152
is_linear=0
shrinkage=0.05


Tree=148
num_leaves=20
num_cat=0
split_feature=3 0 0 6 3 3 10 2 10 4 9 4 9 10 13 5 9 9 4
split_gain=0.00395783 0.00430431 0.0693428 0.0096947 0.00275529 0.00218723 0.00201707 0.00955481 0.00625112 0.00470003 0.0030149 0.0020095 0.00230394 0.00200565 0.00179016 0.00164351 0.0102832 0.00445584 0.0051852
threshold=2.2633028584769961 2.3632946870634952 2.4334032069979794 -0.51912102639675706 0.38951713281960237 -0.47035010578875208 -0.81562996157095136 0.33990933862367695 -1.4258181616239864 0.17004753031438014 -1.2429601731835551 0.25637325523620452 -2.3329689733084016 -0.35943258887072133 2.3094612728998838 -1.4050127036164597 -0.16044609130039852 -0.10059586736913813 0.88832839311289191
decision_type=2 2 2 2 2 2 2 2 2 2 2 2 2 2 2 2 2 2 2
left_child=1 6 -3 -4 5 -5 7 8 11 10 -10 12 -1 -7 15 16 -8 -18 -19
right_child=-2 2 3 4 -6 13 14 -9 9 -11 -12 -13 -14 -15 -16 -17 17 18 -20
leaf_value=-7.2218608234682813e-05 -0.00041184282807958444 0.002142269155046961 -0.00075186890199325888 0.00033186114325706677 0.00041448058534620537 -0.000265102162964654 0.00082251784227661449 -0.0007401668012772582 0.00023554910803795794 -0.00070567780874072287 -0.00037834266287973151 -0.00012123155195200653 0.0003362232018016067 2.4633624703068673e-05 -0.00029864853736944499 -2.5661824316237186e-06 -0.00035176729167741384 0.00028928517154285644 -0.00029619699679007581
leaf_weight=48 58 40 42 44 45 78 44 53 40 46 40 57 123 255 50 8762 68 132 53
leaf_count=48 58 40 42 44 45 78 44 53 40 46 40 57 123 255 50 8762 68 132 53
internal_value=4.49359e-13 2.38392e-06 0.000144781 -2.74167e-05 4.46851e-05 5.45082e-07 -5.15789e-06 -0.000114061 -2.03225e-05 -0.00030296 -7.13968e-05 0.000135872 0.000221573 -4.32324e-05 -2.91965e-07 1.35478e-06 0.00011703 -5.66393e-06 0.000121552
internal_weight=10078 10020 504 464 422 377 9516 407 354 126 80 228 171 333 9109 9059 297 253 185
internal_count=10078 10020 504 464 422 377 9516 407 354 126 80 228 171 333 9109 9059 297 253 185
is_linear=0
shrinkage=0.05


Tree=149
num_leaves=20
num_cat=0
split_feature=12 13 6 3 3 13 10 2 10 0 3 2 10 2 0 2 6 9 0
split_gain=0.0037124 0.0707162 0.0089343 0.00726743 0.00324357 0.00252731 0.00224492 0.00548123 0.00181119 0.00143285 0.00157809 0.00145363 0.0105921 0.00853345 0.00739615 0.00646426 0.0108021 0.00389357 0.00780029
threshold=2.2050204523790367 2.3094612728998838 -0.51912102639675706 0.47075862829983356 2.2035044783654372 2.4068245133561974 -1.271903600222595 0.1250400494222286 -1.1274452300180025 -0.6536413704049967 -2.2105802066416023 -1.474652171673779 -0.064265207638811314 -1.6750480505180012 -0.59160289593059656 -1.8037492782825419 -0.21192858126905043 -0.13219792603432579 -0.64115801883392831
decision_type=2 2 2 2 2 2 2 2 2 2 2 2 2 2 2 2 2 2 2
left_child=1 4 -2 5 6 -4 7 -1 -7 -8 -11 12 13 15 -15 16 -12 -18 -19
right_child=2 -3 3 -5 -6 8 9 -9 -10 10 11 -13 -14 14 -16 -17 17 18 -20
leaf_value=-5.2743123177056262e-05 -0.00076382591869332832 0.0019846680365218266 0.00035545858554542065 -0.00064728618171632966 0.00032761878420953168 -0.00031809074371624011 0.0002142570973691446 -0.00068710544670466341 7.3100545912232275e-07 -0.00025373565243376841 0.00063528791419849642 -5.5359625007386432e-06 0.00063014331687008974 0.00071388098231182093 -8.8924017257760668e-05 -0.00069510680664477509 -0.00049229574779747055 -0.00030063701822601778 0.00046692887113489894
leaf_weight=229 50 45 45 48 74 51 77 40 352 62 47 8495 75 64 52 46 75 102 49
leaf_count=229 50 45 45 48 74 51 77 40 352 62 47 8495 75 64 52 46 75 102 49
internal_value=-7.71402e-13 7.26298e-06 -0.000126796 -6.25795e-05 -2.11651e-06 6.76838e-08 -4.70872e-06 -0.000147072 -3.96162e-05 -5.20643e-07 -2.34461e-06 -6.13764e-07 8.13746e-05 -1.32407e-05 0.000354003 -0.000146784 -5.43923e-05 -0.000197821 -5.15593e-05
internal_weight=10078 9532 546 496 9487 448 9413 269 403 9144 9067 9005 510 435 116 319 273 226 151
internal_count=10078 9532 546 496 9487 448 9413 269 403 9144 9067 9005 510 435 116 319 273 226 151
is_linear=0
shrinkage=0.05


Tree=150
num_leaves=20
num_cat=0
split_feature=13 12 0 6 3 12 13 10 2 4 7 13 7 0 0 3 13 12 6
split_gain=0.00401017 0.0807247 0.0201381 0.00919836 0.00292686 0.00192326 0.00309265 0.00186977 0.00505752 0.00173821 0.00236651 0.00171101 0.00135972 0.0019552 0.00222619 0.0031766 0.00175561 0.00669089 0.00421015
threshold=2.4431102656536994 2.3274988156197214 2.3632946870634952 -0.51912102639675706 2.2035044783654372 2.2050204523790367 2.2039247461907165 -1.271903600222595 0.1250400494222286 -0.0036699918964769452 -0.037399911399791583 2.9801399770735597 -2.4191332456680597 -0.65565888177001785 -0.65313699256374147 -2.2105802066416023 -0.62843136681126033 -0.63998546894576125 -2.000386027369053
decision_type=2 2 2 2 2 2 2 2 2 2 2 2 2 2 2 2 2 2 2
left_child=2 -2 4 -3 5 6 7 8 -1 10 -5 -11 -9 -14 -15 -16 17 -17 -18
right_child=1 3 -4 9 -6 -7 -8 12 -10 11 -12 -13 13 14 15 16 18 -19 -20
leaf_value=-4.3200668428124902e-05 0.0022074032386055565 -0.00076838742118395332 -0.0010622069336305787 -5.8020041113265445e-05 0.00031123784710133983 0.00031808104711513884 -0.00041498319956387959 0.0002680546387366237 -0.00065275017652311363 -0.0002418244606043586 0.00028093415711933343 7.1300995589878698e-05 -0.00029094891608486971 0.00026624655757376996 -0.00036770279116739155 7.2276999109758871e-05 -0.00045330725819803773 -0.00046063355081730009 6.8370196171076742e-06
leaf_weight=228 43 42 45 104 74 46 46 47 40 99 102 78 58 78 59 155 50 95 8589
leaf_count=228 43 42 45 104 74 46 46 47 40 99 102 78 58 78 59 155 50 95 8589
internal_value=-2.59058e-13 0.000142923 -6.96026e-06 -6.59534e-05 -1.99569e-06 -4.43793e-06 -6.0087e-06 -4.00712e-06 -0.000134178 1.10759e-05 0.000109812 -0.000103837 -1.86525e-07 -1.57439e-06 2.851e-07 -2.03329e-06 3.93807e-07 -0.000130229 4.17384e-06
internal_weight=10078 468 9610 425 9565 9491 9445 9399 268 383 206 177 9131 9084 9026 8948 8889 250 8639
internal_count=10078 468 9610 425 9565 9491 9445 9399 268 383 206 177 9131 9084 9026 8948 8889 250 8639
is_linear=0
shrinkage=0.05


Tree=151
num_leaves=20
num_cat=0
split_feature=3 12 10 13 2 13 12 6 9 0 9 7 2 2 9 0 13 5 9
split_gain=0.00426359 0.00957325 0.00457773 0.0700878 0.00710133 0.00225339 0.0134531 0.00292719 0.00203955 0.00248246 0.00152035 0.00142166 0.00150208 0.00186687 0.00140709 0.00140152 0.0013623 0.00147606 0.00136064
threshold=2.0281924438166299 -0.633045955588036 -1.271903600222595 2.4431102656536994 0.19157043859801193 2.3094612728998838 2.2050204523790367 -0.48852194132190313 -1.8713323396532056 0.54041012153673551 1.5397830881314418 -0.25272628089542543 0.82960222246866844 -0.63558042962984362 -2.3329689733084016 -0.6536413704049967 3.0739261542330749 -0.11967154821438546 -1.2429601731835551
decision_type=2 2 2 2 2 2 2 2 2 2 2 2 2 2 2 2 2 2 2
left_child=2 -2 3 4 8 10 -7 -8 14 -10 15 -9 13 -13 -1 -4 17 -15 -17
right_child=1 -3 5 -5 -6 6 7 11 9 -11 -12 12 -14 16 -16 18 -18 -19 -20
leaf_value=-3.1003783015362192e-05 0.0002070450302065782 -0.00084367876634528134 0.00021121132731068785 0.0018383672009265326 -0.0007375822568428703 -0.00097552959206684438 -0.00043497055963598547 0.00020819617609504351 7.9812040816936217e-05 -0.00034970987271905568 0.00013215903393146408 0.00021569234696671184 0.00016950377807595839 -0.000492708408240684 0.00030310943574445915 0.00027121053174293292 1.1169897947819477e-06 -0.00012792221895263842 -4.428135242570058e-06
leaf_weight=69 41 46 77 54 40 41 40 76 61 75 219 41 71 44 58 45 83 75 8822
leaf_count=69 41 46 77 54 40 41 40 76 61 75 219 41 71 44 58 45 83 75 8822
internal_value=9.18567e-13 -0.00034851 3.03477e-06 0.000178851 -0.000116904 -3.48033e-06 -0.000110138 -2.76242e-05 -2.25043e-05 -0.000157057 2.00214e-06 1.4155e-05 -3.28104e-05 -9.19228e-05 0.000121583 -1.18485e-06 -0.00015436 -0.000262801 -3.02927e-06
internal_weight=10078 87 9991 357 303 9634 471 430 263 136 9163 390 314 243 127 8944 202 119 8867
internal_count=10078 87 9991 357 303 9634 471 430 263 136 9163 390 314 243 127 8944 202 119 8867
is_linear=0
shrinkage=0.05


Tree=152
num_leaves=20
num_cat=0
split_feature=12 13 6 2 3 12 6 10 9 6 7 12 13 5 6 4 2 5 10
split_gain=0.00390797 0.0668329 0.00705266 0.00652687 0.00287467 0.00277956 0.00195008 0.00167971 0.00410655 0.00161012 0.00203408 0.00138589 0.00169271 0.00132999 0.0030596 0.00205555 0.0013172 0.00236366 0.00233211
threshold=2.2050204523790367 2.3094612728998838 -0.51912102639675706 1.3043072942110061 2.2035044783654372 3.093702684635204 0.44425366245483472 -1.271903600222595 -1.2429601731835551 0.24426503847588588 -0.24800530965471732 2.3274988156197214 2.9076615857918253 0.25644836124383702 0.17005275500192504 -0.18301207175957748 1.5788843746511967 0.25644836124383702 -0.060193573018334882
decision_type=2 2 2 2 2 2 2 2 2 2 2 2 2 2 2 2 2 2 2
left_child=1 4 -2 5 7 6 9 8 13 10 -4 -12 -13 14 15 -1 -9 18 -18
right_child=2 -3 3 -5 -6 -7 -8 16 -10 -11 11 12 -14 -15 -16 -17 17 -19 -20
leaf_value=0.00045040524265184715 -0.00069607932744838769 0.0019297967992315535 0.00019451837636006532 -0.00062085720859687745 0.00030875199790406858 0.00018384548681069646 0.00023452654633729253 3.9727446311254683e-06 -0.00056311416533491056 -0.00042817131680948943 -0.00041741195657648081 0.00011524602591249524 -0.00023169206243259938 -0.00025325527877695012 -0.00027647393563794056 1.2355628127230553e-05 0.00028352008446141122 -0.00024895113749234083 -6.7886273429559708e-05
leaf_weight=43 50 45 50 49 74 128 40 8666 45 41 42 59 87 55 55 71 57 146 275
leaf_count=43 50 45 50 49 74 128 40 8666 45 41 42 59 87 55 55 71 57 146 275
internal_value=6.40059e-13 7.45182e-06 -0.000130093 -7.30379e-05 -1.6665e-06 -1.29862e-05 -9.19656e-05 -4.10684e-06 -0.000127251 -0.000138775 -8.89205e-05 -0.000164303 -9.14911e-05 -3.96894e-05 2.98143e-05 0.000177585 -4.84158e-07 -8.12865e-05 -7.55446e-06
internal_weight=10078 9532 546 496 9487 447 319 9413 269 279 238 188 146 224 169 114 9144 478 332
internal_count=10078 9532 546 496 9487 447 319 9413 269 279 238 188 146 224 169 114 9144 478 332
is_linear=0
shrinkage=0.05


Tree=153
num_leaves=20
num_cat=0
split_feature=3 13 10 2 13 13 12 6 6 4 2 6 3 12 9 1 1 2 1
split_gain=0.00415155 0.0103481 0.00437257 0.0725872 0.00389304 0.00213733 0.0150724 0.00231345 0.00182065 0.00399705 0.00278479 0.00159946 0.00149792 0.00215738 0.00238255 0.00226321 0.00307891 0.00409475 0.00937774
threshold=2.0281924438166299 -0.6214850616055847 -1.271903600222595 0.28226652983637979 2.4431102656536994 2.3094612728998838 2.2050204523790367 -0.48852194132190313 -0.13329725050647476 0.16001827970985724 -0.79880093617162096 0.18252234508181195 -2.4694214797816358 -0.64367776320973435 -0.074579769424338846 -0.65090788390362142 -0.64963922030585708 -2.6189875610684736 -0.63419324100307628
decision_type=2 2 2 2 2 2 2 2 2 2 2 2 2 2 2 2 2 2 2
left_child=2 -2 3 4 8 12 -7 -8 9 10 -1 -10 -4 14 -14 -15 -17 18 -18
right_child=1 -3 5 -5 -6 6 7 -9 11 -11 -12 -13 13 15 -16 16 17 -19 -20
leaf_value=0.00030397157340000076 -0.00085871872959061239 0.00023370067609925529 0.00027767620477065142 0.002101448827607085 -0.00049843586656402766 -0.001023242963517754 -0.00038204143114853653 1.7233216935076201e-05 0.00031705236589850601 -0.00054095829152999602 -0.00026090955820109231 -3.2350620341429775e-05 -0.00044046589007785801 0.00019395496794958507 5.3671178912120543e-06 -0.00033029391667306688 0.00069569934830045655 -1.6407244111582062e-06 -0.00013777864791175969
leaf_weight=48 46 41 49 43 49 41 40 390 57 43 40 77 58 153 62 70 67 8636 68
leaf_count=48 46 41 49 43 49 41 40 390 57 43 40 77 58 153 62 70 67 8636 68
internal_value=-1.99234e-14 -0.0003439 2.99463e-06 0.000174826 -8.90106e-05 -3.37281e-06 -0.000107248 -1.99086e-05 -1.33055e-05 -0.000145855 4.72074e-05 0.000116276 1.96661e-06 4.84298e-07 -0.000210119 3.29421e-06 -5.31183e-09 2.63067e-06 0.000275873
internal_weight=10078 87 9991 357 314 9634 471 430 265 131 88 134 9163 9114 120 8994 8841 8771 135
internal_count=10078 87 9991 357 314 9634 471 430 265 131 88 134 9163 9114 120 8994 8841 8771 135
is_linear=0
shrinkage=0.05


Tree=154
num_leaves=20
num_cat=0
split_feature=13 0 6 12 10 2 3 10 0 5 13 4 0 13 8 13 13 13 12
split_gain=0.00377797 0.00364446 0.077586 0.0130478 0.00296765 0.00514148 0.00438256 0.00286289 0.00274817 0.00260002 0.00235726 0.00202224 0.00199632 0.00213923 0.00286988 0.0026586 0.00767078 0.00802479 0.0108071
threshold=-0.63758908041290896 2.3632946870634952 -0.51912102639675706 2.3274988156197214 -1.271903600222595 0.1250400494222286 2.2035044783654372 -1.1274452300180025 -0.65565888177001785 -0.62500118551742478 2.3094612728998838 -0.42327432106905305 -0.65313699256374147 -0.63302770213270887 -1.9998554896922378 -0.62356783545283989 -0.62206167515333233 -0.61855414694808453 -0.62911465271444744
decision_type=2 2 2 2 2 2 2 2 2 2 2 2 2 2 2 2 2 2 2
left_child=-1 4 -3 -4 5 9 8 -5 -6 -2 12 -11 -10 -14 -15 -16 -17 18 -18
right_child=1 2 3 7 6 -7 -8 -9 10 11 -12 -13 13 14 15 16 17 -19 -20
leaf_value=-0.00042103334076873931 -0.00043619710003684571 0.0020674513807728331 -0.00082864184811478475 -0.00034355229433023619 -0.00038424995312952699 -0.00067575947392643212 0.00039145054781816009 7.5542052831687948e-05 0.00024070800051091747 0.00027963625170927191 -0.00034330404415959493 -9.2559181142179794e-05 -0.00028938404283849198 -0.00031149464897904704 0.00011954021856801243 -0.00034495685527612558 -4.443884758818529e-05 -5.633242016295615e-06 0.0005835900895011163
leaf_weight=53 41 47 50 46 47 42 71 357 86 49 50 143 64 73 466 161 137 7958 137
leaf_count=53 41 47 50 46 47 42 71 357 86 49 50 143 64 73 466 161 137 7958 137
internal_value=4.28857e-13 2.22591e-06 0.000133806 -6.68145e-05 -4.6812e-06 -0.000166545 1.30952e-07 2.7705e-05 -2.89592e-06 -7.47548e-05 -9.33195e-07 2.42819e-06 9.51692e-07 -1.34033e-06 7.23574e-07 3.29632e-06 -3.15783e-06 3.52701e-06 0.000269576
internal_weight=10078 10025 500 453 9525 275 9250 403 9179 233 9132 192 9082 8996 8932 8859 8393 8232 274
internal_count=10078 10025 500 453 9525 275 9250 403 9179 233 9132 192 9082 8996 8932 8859 8393 8232 274
is_linear=0
shrinkage=0.05


Tree=155
num_leaves=20
num_cat=0
split_feature=3 13 10 10 0 10 4 13 12 6 2 2 0 12 5 6 8 12 3
split_gain=0.00409307 0.0094557 0.00425516 0.0710201 0.00983552 0.00260492 0.00258255 0.00210887 0.0128228 0.00313238 0.00197099 0.00193475 0.00151849 0.00151684 0.00695282 0.00496092 0.0109465 0.00606501 0.0113746
threshold=2.0281924438166299 -0.6214850616055847 -1.271903600222595 -1.4258181616239864 1.9323038217108532 -3.8261060623722583 -0.049133547200513668 2.3094612728998838 2.2050204523790367 -0.48852194132190313 -0.28218489331606172 -0.81763251416398652 -0.6536413704049967 -0.50665384952804182 -1.3201206586620393 -0.71687344556805599 -0.35204812586357648 -0.36513926881241271 -0.78807876366104834
decision_type=2 2 2 2 2 2 2 2 2 2 2 2 2 2 2 2 2 2 2
left_child=2 -2 3 4 5 -1 -6 12 -9 -10 11 -7 -4 -14 -15 16 -16 18 -17
right_child=1 -3 7 -5 6 10 -8 8 9 -11 -12 -13 13 14 15 17 -18 -19 -20
leaf_value=-0.00027954974922977271 -0.00083358903711600962 0.00021066386451399548 0.00022310061051691515 0.0021577822357357946 -0.00025649046350736173 0.000219886975756581 -0.00081466345661685292 -0.00095136435329772138 -0.00044731204892741513 1.7287607380496459e-05 0.0004622453337719361 -0.00014808531080328475 -1.5884054216397169e-05 -0.00062104577011224337 -0.00076613805590717622 0.0010033678108205399 4.0919988532550636e-05 2.1385266168730237e-05 0.00013861666947020208
leaf_weight=40 46 41 77 40 40 93 43 41 40 390 43 58 5630 41 61 42 135 2775 402
leaf_count=40 46 41 77 40 40 93 43 41 40 390 43 58 5630 41 61 42 135 2775 402
internal_value=-3.40507e-13 -0.00034147 2.97346e-06 0.000172482 -7.80285e-05 8.78423e-05 -0.000545664 -3.30791e-06 -0.000106489 -2.5931e-05 0.000163593 7.85466e-05 1.99584e-06 1.22071e-07 2.61969e-05 3.39676e-05 -0.000210256 4.8838e-05 0.000220417
internal_weight=10078 87 9991 357 317 234 83 9634 471 430 194 151 9163 9086 3456 3415 196 3219 444
internal_count=10078 87 9991 357 317 234 83 9634 471 430 194 151 9163 9086 3456 3415 196 3219 444
is_linear=0
shrinkage=0.05


Tree=156
num_leaves=20
num_cat=0
split_feature=8 8 3 3 3 10 2 0 6 13 3 3 12 8 6 3 1 2 6
split_gain=0.00373958 0.120631 0.015647 0.0132787 0.00652307 0.00585725 0.00659911 0.00508053 0.00399957 0.00536042 0.00663668 0.00613923 0.00439239 0.00495809 0.00383848 0.00368049 0.00462134 0.00382731 0.00447074
threshold=-0.15693753548783843 -0.16797453526163483 2.0281924438166299 1.7016580215816062 1.2876091594032757 -1.271903600222595 0.07424790039271513 -0.64153630221486979 0.38499630265859985 -0.59121212548860635 -0.75925612676612964 -0.58636492207407287 -0.61363525611758096 -1.2143053789184692 -0.61040067698943379 0.57615863152975411 -0.62049167414722139 -0.30890056390779852 -0.17718615882015779
decision_type=2 2 2 2 2 2 2 2 2 2 2 2 2 2 2 2 2 2 2
left_child=1 3 5 4 7 6 -2 -1 12 -10 -11 -12 13 -9 -15 16 -14 -17 -19
right_child=2 -3 -4 -5 -6 -7 -8 8 9 10 11 -13 15 14 -16 17 -18 18 -20
leaf_value=0.00040630267319915889 -0.00013410028609393159 0.0026171752854093535 -0.00079707472568770756 0.0008786908976955686 -0.00059083497849605148 -4.4066952737144534e-06 -0.00085539979201712426 -8.0041269945665134e-05 -0.00017054813984307686 0.00079864411438792583 -0.0004569284485751268 0.00019656821885826112 -0.00058717331811472518 7.1020573847383045e-05 0.00067810354802835121 -0.00012252716248555259 -7.850744753958727e-05 0.00068069278524527201 6.1553535874736551e-05
leaf_weight=76 153 45 64 43 47 7062 40 97 132 41 40 354 46 46 60 87 1524 49 72
leaf_count=76 153 45 64 43 47 7062 40 97 132 41 40 354 46 46 60 87 1524 49 72
internal_value=-7.14859e-13 4.96072e-05 -1.87001e-05 7.03512e-06 -6.99753e-06 -1.18337e-05 -0.000283592 3.45992e-06 -8.55579e-06 0.000108536 0.000193224 0.000130223 -4.20698e-05 0.000178272 0.000414652 -6.72269e-05 -9.3411e-05 0.000130413 0.000312279
internal_weight=10078 2759 7319 2714 2671 7255 193 2624 2548 567 435 394 1981 203 106 1778 1570 208 121
internal_count=10078 2759 7319 2714 2671 7255 193 2624 2548 567 435 394 1981 203 106 1778 1570 208 121
is_linear=0
shrinkage=0.05


Tree=157
num_leaves=20
num_cat=0
split_feature=0 10 2 3 13 1 0 9 2 13 6 8 0 3 7 9 8 6 7
split_gain=0.00375758 0.00346932 0.0701959 0.00523688 0.00334584 0.0117955 0.00317307 0.00317227 0.0022988 0.00227454 0.00169808 0.0015823 0.00138898 0.00136716 0.00148901 0.00466243 0.00184716 0.00270268 0.00315668
threshold=3.3289260641467391 -1.271903600222595 0.28226652983637979 2.2035044783654372 2.4068245133561974 2.4279800849206938 1.29808020994741 -1.6713148056954703 -0.4790995043449045 2.4431102656536994 -0.0071627661420398782 -0.050825554860456361 -0.6536413704049967 -2.2105802066416023 -2.0003629416964892 -0.095753145090171868 1.9680144247550422 -2.000386027369053 2.3680597375288905
decision_type=2 2 2 2 2 2 2 2 2 2 2 2 2 2 2 2 2 2 2
left_child=1 2 6 4 12 -6 8 9 -1 -8 11 -7 -3 -14 15 -15 17 -16 -19
right_child=-2 3 -4 -5 5 10 7 -9 -10 -11 -12 -13 13 14 16 -17 -18 18 -20
leaf_value=-5.6294709594291441e-05 -0.00035024647760636935 0.00021109915305006128 0.0020507615619693711 0.00042179853979986451 -0.00096519490580249112 -0.00031028717791989699 6.2215429416563194e-05 -0.00062659640301040618 0.00037878025152788663 -0.00038732661693453944 6.7366281102343231e-05 -5.0130350623143522e-06 -0.00023614874075827822 -0.00055797607482721415 -0.0003197829893465634 0.00018393078581311785 0.00021297981578505178 3.7208190283607708e-06 -0.00037974143074448138
leaf_weight=117 76 77 43 72 40 88 68 43 41 48 151 82 62 45 66 40 102 8763 54
leaf_count=117 76 77 43 72 40 88 68 43 41 48 151 82 62 45 66 40 102 8763 54
internal_value=1.67125e-13 2.66134e-06 0.00015506 -3.02871e-06 -6.22491e-06 -0.000155545 -0.000102086 -0.000259778 5.66045e-05 -0.000123802 -5.46543e-05 -0.000163037 -3.71432e-07 -2.15453e-06 -5.55009e-07 -0.000208843 1.41544e-06 -1.01387e-06 1.37229e-06
internal_weight=10078 10002 360 9642 9570 361 317 159 158 116 321 170 9209 9132 9070 85 8985 8883 8817
internal_count=10078 10002 360 9642 9570 361 317 159 158 116 321 170 9209 9132 9070 85 8985 8883 8817
is_linear=0
shrinkage=0.05


Tree=158
num_leaves=20
num_cat=0
split_feature=3 0 6 12 9 10 2 10 10 1 7 13 0 13 4 9 9 4 7
split_gain=0.00377527 0.00447942 0.0685953 0.0114004 0.00297981 0.00195721 0.00892581 0.00303335 0.00169404 0.00163779 0.00162756 0.00153583 0.00142838 0.0045944 0.00231524 0.00194156 0.00233601 0.00207972 0.00671793
threshold=2.2633028584769961 2.3632946870634952 -0.51912102639675706 2.3274988156197214 2.1225011418141002 -1.271903600222595 0.19157043859801193 -1.5935341124626223 -1.1274452300180025 0.8246747466560741 2.4363546096675015 2.3094612728998838 -0.6536413704049967 -0.63335566498670459 2.4358082430975041 -1.2429601731835551 -0.74714972987907402 1.6638982793015453 -0.28196587612221818
decision_type=2 2 2 2 2 2 2 2 2 2 2 2 2 2 2 2 2 2 2
left_child=1 5 -3 -4 8 6 7 9 -5 -1 11 12 -7 -14 15 -15 -17 -18 -19
right_child=-2 2 3 4 -6 10 -8 -9 -10 -11 -12 -13 13 14 -16 16 17 18 -20
leaf_value=-9.3773816030236817e-05 -0.00040223227958355486 0.0019454855738179806 -0.00075406130851479259 -0.00029384270278767321 0.00036514410655194476 0.00021595604858399989 -0.00082641345856245604 -0.00031356902907293208 3.2162035738519689e-05 0.00020192235405137342 0.00027765730950564973 -0.00027922012674389408 -0.00048599402351620874 0.00034533391444711018 0.00037435293474473154 -0.00026622542257731161 1.8264237371806338e-06 -0.00072196784063375424 2.9385339197081824e-05
leaf_weight=81 58 48 50 46 62 75 40 67 298 111 52 50 49 40 41 84 8682 42 102
leaf_count=81 58 48 50 46 62 75 40 67 298 111 52 50 49 40 41 84 8682 42 102
internal_value=-6.37743e-13 2.32829e-06 0.000147593 -4.16592e-05 4.6075e-05 -5.36541e-06 -0.000131264 -2.39051e-05 -1.14316e-05 7.71755e-05 -1.28125e-06 -2.86388e-06 -1.34794e-06 -3.15079e-06 -5.19346e-07 -2.23664e-06 -3.797e-06 -1.29938e-06 -0.000189759
internal_weight=10078 10020 504 456 406 9516 299 259 344 192 9217 9165 9115 9040 8991 8950 8910 8826 144
internal_count=10078 10020 504 456 406 9516 299 259 344 192 9217 9165 9115 9040 8991 8950 8910 8826 144
is_linear=0
shrinkage=0.05


Tree=159
num_leaves=20
num_cat=0
split_feature=12 2 9 3 9 0 6 0 3 2 8 3 6 7 4 7 8 9 4
split_gain=0.00379779 0.00336831 0.0955948 0.0117015 0.00537125 0.00525183 0.00893818 0.00439173 0.00397225 0.00514955 0.00362178 0.0033284 0.00805509 0.010811 0.00948285 0.00645989 0.00370446 0.00843986 0.00778949
threshold=3.1852681167361565 -0.024697959798182845 -0.74714972987907402 2.0281924438166299 -0.39727747029922073 2.3297535606200186 -0.42317994945600329 2.5091859776465864 -1.0537665183648393 0.49086791838719301 -1.4046750025251453 0.30665370858870933 0.41805907731369257 -1.1278245732185961 -1.2149068301213803 -0.67836357168732009 -1.0418056939385207 -0.059523874832357666 -0.71701195141716934
decision_type=2 2 2 2 2 2 2 2 2 2 2 2 2 2 2 2 2 2 2
left_child=1 5 -3 4 -4 11 -7 -8 9 -6 -10 16 13 -13 -15 -16 17 18 -1
right_child=-2 2 3 -5 8 6 7 -9 10 -11 -12 12 -14 14 15 -17 -18 -19 -20
leaf_value=0.00067391490753602003 -0.00034753686548309563 0.0021855620200535758 -0.0005036793427559762 0.00077059186028782291 0.00058030935767568908 -0.00092506448463387726 -0.00051397577621033772 1.7470389672792396e-05 -0.00038583637763319232 -0.00010237620841275823 5.144528465785916e-06 0.00063632397771553684 -0.00045704003300403101 -0.00069818227429542762 -0.00048469152256854745 2.6709128299371376e-05 -9.7745395975397393e-06 0.00075000792220145324 -5.8516409916096503e-05
leaf_weight=43 78 51 52 50 67 41 52 154 60 47 4623 55 136 59 70 524 3631 52 233
leaf_count=43 78 51 52 50 67 41 52 154 60 47 4623 55 136 59 70 524 3631 52 233
internal_value=1.02389e-13 2.71079e-06 3.2021e-05 9.60202e-06 1.75514e-06 -2.6019e-05 -0.000250866 -0.000116681 7.23411e-06 0.000298851 1.35164e-07 -1.4456e-05 -0.000104603 -3.69036e-05 -9.36073e-05 -3.35569e-05 4.76208e-06 0.000165684 5.55943e-05
internal_weight=10078 10000 4950 4899 4849 5050 247 206 4797 114 4683 4803 844 708 653 594 3959 328 276
internal_count=10078 10000 4950 4899 4849 5050 247 206 4797 114 4683 4803 844 708 653 594 3959 328 276
is_linear=0
shrinkage=0.05


Tree=160
num_leaves=20
num_cat=0
split_feature=3 1 0 6 12 9 10 2 10 6 13 10 2 5 10 6 0 10 10
split_gain=0.00378102 0.0107489 0.00424413 0.0634536 0.0109798 0.00273295 0.0022555 0.00964278 0.00272838 0.0015617 0.00650177 0.00780894 0.00686424 0.00539559 0.00464272 0.00422856 0.00749926 0.0040595 0.00301172
threshold=2.0281924438166299 -0.64012424332262452 2.3632946870634952 -0.51912102639675706 2.3274988156197214 2.1225011418141002 -1.271903600222595 0.19157043859801193 -1.5935341124626223 -0.94657129190599987 -0.62414927792954222 -0.10347184056687689 -0.8556217151023876 0.70369934972509396 -0.13674604024451018 -1.4050976483299171 -0.56789713739159808 -0.028948035370442327 -0.057300134763904977
decision_type=2 2 2 2 2 2 2 2 2 2 2 2 2 2 2 2 2 2 2
left_child=2 -2 6 -4 -5 -6 7 8 -1 10 -8 13 -13 14 -12 18 17 -17 -14
right_child=1 -3 3 4 5 -7 9 -9 -10 -11 11 12 15 -15 -16 16 -18 -19 -20
leaf_value=6.8267379958142656e-05 0.00022121898417191751 -0.00089038633037478911 0.0018734100341437927 -0.00074502078363997398 -7.7532641075433355e-06 0.00035288692832094264 0.000549418557381544 -0.0008623672969042674 -0.00030256578615786675 -5.8186811441256083e-06 9.9343476641150405e-05 0.00058186167789736414 9.2679145532551611e-05 -0.00074630775551278415 -0.000522964663138158 0.00022137504079832332 -0.0002476416474564758 0.00083336935011175224 -0.00041784014815325816
leaf_weight=191 44 43 48 49 344 62 65 40 67 8566 94 74 52 42 44 84 64 40 65
leaf_count=191 44 43 48 49 344 62 65 40 67 8566 94 74 52 42 44 84 64 40 65
internal_value=4.56884e-13 -0.000328195 2.85787e-06 0.000144393 -3.80091e-05 4.73199e-05 -4.6455e-06 -0.000140025 -2.80343e-05 -2.55606e-07 7.61119e-05 2.10762e-05 0.000149865 -0.000250095 -9.90736e-05 4.50522e-05 0.000191921 0.000418793 -0.000190943
internal_weight=10078 87 9991 503 455 406 9488 298 258 9190 624 559 379 180 138 305 188 124 117
internal_count=10078 87 9991 503 455 406 9488 298 258 9190 624 559 379 180 138 305 188 124 117
is_linear=0
shrinkage=0.05


Tree=161
num_leaves=20
num_cat=0
split_feature=0 13 2 6 0 9 3 12 0 6 10 2 9 0 9 7 0 8 13
split_gain=0.00381449 0.016381 0.141182 0.0124066 0.00914118 0.00463908 0.00313563 0.00304359 0.00959035 0.00212091 0.00184838 0.006235 0.00150075 0.0018493 0.00146892 0.00127582 0.0019326 0.00201447 0.00204467
threshold=2.8704466064456846 2.4431102656536994 0.25017416188622293 0.28066821324586927 2.5091859776465864 2.1225011418141002 2.2035044783654372 2.2707458826104805 2.3297535606200186 -0.31743120166823313 -1.271903600222595 0.056293409742753063 -1.8713323396532056 0.54041012153673551 -2.3329689733084016 -2.4191332456680597 -0.65565888177001785 -2.4184688786886817 -0.62897706731583081
decision_type=2 2 2 2 2 2 2 2 2 2 2 2 2 2 2 2 2 2 2
left_child=1 6 4 5 -3 9 7 8 10 -2 11 12 14 -14 -1 -12 -17 -18 -19
right_child=3 2 -4 -5 -6 -7 -8 -9 -10 -11 15 -13 13 -15 -16 16 17 18 -20
leaf_value=-8.3970053768867882e-05 -0.00044912433491845155 -0.00084634563961061564 0.0030896239319190503 -0.00083204227083326962 1.8826042866782734e-05 0.00043311911540513395 0.00032107178444307097 0.00039147737722184203 -0.00076154877788212625 -4.330190620914271e-05 0.00025933546464929872 -0.00069291313882872822 5.6954599218944833e-05 -0.00033003390576182446 0.00028669173506469552 -0.00028954062712226256 0.00034968478380838729 -0.00013082435884380299 2.7995171404246481e-06
leaf_weight=52 40 49 40 58 81 46 74 48 42 165 47 42 58 66 55 58 41 296 8720
leaf_count=52 40 49 40 58 81 46 74 48 42 165 47 42 58 66 55 58 41 296 8720
internal_value=-6.75135e-13 5.47085e-06 0.000491994 -0.00017296 -0.000307277 -2.06626e-05 -3.14555e-06 -5.66441e-06 -7.67589e-06 -0.000122487 -4.32002e-06 -0.000132526 -3.06375e-05 -0.000149023 0.000106557 -4.99862e-07 -1.83966e-06 2.74433e-09 -1.58742e-06
internal_weight=10078 9769 170 309 130 251 9599 9525 9477 205 9435 273 231 124 107 9162 9115 9057 9016
internal_count=10078 9769 170 309 130 251 9599 9525 9477 205 9435 273 231 124 107 9162 9115 9057 9016
is_linear=0
shrinkage=0.05


Tree=162
num_leaves=20
num_cat=0
split_feature=1 13 6 3 3 3 10 4 3 12 1 7 7 2 2 7 2 1 0
split_gain=0.00387634 0.0577618 0.0128544 0.0074251 0.00281733 0.00184743 0.0021394 0.00252423 0.00158591 0.00192436 0.0023564 0.00342795 0.0033016 0.00325614 0.009249 0.00292398 0.00288984 0.0028509 0.0027207
threshold=2.3762423975743672 2.3094612728998838 -0.51912102639675706 0.49299808302163367 2.2035044783654372 -0.5256510637172801 -0.35943258887072133 0.035069334373518592 -2.4694214797816358 -0.64367776320973435 -0.65090788390362142 2.1689323021965374 -2.0003629416964892 -0.96934348071067311 1.0948171937067606 -1.8444489091597831 -0.79880093617162096 -0.64963922030585708 -0.64708445846867801
decision_type=2 2 2 2 2 2 2 2 2 2 2 2 2 2 2 2 2 2 2
left_child=1 4 -2 5 8 -4 7 -7 -1 -10 13 12 16 -11 -15 -14 -12 -17 -19
right_child=2 -3 3 -5 -6 6 -8 -9 9 10 11 -13 15 14 -16 17 -18 18 -20
leaf_value=0.00027336507679565867 -0.00092242247699958046 0.0016082429592643166 0.00032245835886680571 -0.00070509518016478986 0.0003050181830641688 2.0184177769899219e-05 4.2482492657091626e-05 -0.00049270408821262509 -0.00020515469598459885 -8.4733003175296333e-05 -1.9659570676683473e-05 -0.00037742009035648683 0.00041981894869311915 0.0009506434533977881 -6.9411693270922118e-05 -0.00035587423434934175 -0.00060976444988877386 0.00035603607823562035 -3.2769811886992965e-06
leaf_weight=51 47 56 42 40 74 49 281 47 120 63 41 62 41 40 50 57 42 53 8822
leaf_count=51 47 56 42 40 74 49 281 47 120 63 41 62 41 40 50 57 42 53 8822
internal_value=1.60028e-12 7.12964e-06 -0.000134871 -5.42289e-05 -2.29263e-06 7.90636e-06 -2.71366e-05 -0.000230917 -4.70113e-06 -6.21123e-06 -3.63619e-06 -6.90152e-06 -4.36484e-06 0.000190961 0.000383946 -1.46126e-06 -0.000318267 -3.39503e-06 -1.13122e-06
internal_weight=10078 9572 506 459 9516 419 377 96 9442 9391 9271 9118 9056 153 90 8973 83 8932 8875
internal_count=10078 9572 506 459 9516 419 377 96 9442 9391 9271 9118 9056 153 90 8973 83 8932 8875
is_linear=0
shrinkage=0.05


Tree=163
num_leaves=20
num_cat=0
split_feature=3 12 10 13 2 13 12 6 5 5 4 2 9 8 5 8 6 13 6
split_gain=0.00403094 0.00957254 0.00406908 0.0667844 0.00828787 0.0020419 0.0122348 0.00405846 0.00174362 0.00207537 0.00275593 0.00225386 0.00145018 0.00143739 0.00220635 0.00152899 0.00136554 0.00570715 0.00675334
threshold=2.0281924438166299 -0.633045955588036 -1.271903600222595 2.4431102656536994 0.19157043859801193 2.3094612728998838 2.2050204523790367 -0.48852194132190313 0.44433627758286603 -0.59452454500561791 -0.42327432106905305 -0.8556217151023876 1.5397830881314418 0.31871292988625494 -0.23498444238077512 -0.05901415829137284 -0.94657129190599987 -0.62356783545283989 -1.2146935153004457
decision_type=2 2 2 2 2 2 2 2 2 2 2 2 2 2 2 2 2 2 2
left_child=2 -2 3 4 8 12 -7 -8 9 -1 -11 -12 16 14 -9 -16 17 -4 -19
right_child=1 -3 5 -5 -6 6 7 13 -10 10 11 -13 -14 -15 15 -17 -18 18 -20
leaf_value=-0.00025865264241803473 0.0002166661714975972 -0.00083401861896598584 0.00048570436774753034 0.0017886472928189 -0.00079051928318222056 -0.00093000087817483477 -0.00050567525482620118 0.00029754718509918479 -0.00032198474327742592 0.00046874825471236579 -0.00024893269539186908 0.00017044509179497795 0.00012914469480829752 -0.00020884954410895149 -0.00013086146618446746 0.00011353529574030959 -6.4311788353814036e-06 -0.0001339120213839654 0.00022107244218732454
leaf_weight=47 41 46 73 54 40 41 40 77 40 42 53 81 219 57 127 129 8321 319 231
leaf_count=47 41 46 73 54 40 41 40 77 40 42 53 81 219 57 127 129 8321 319 231
internal_value=-1.36421e-13 -0.000338868 2.95081e-06 0.000168712 -0.000119989 -3.19168e-06 -0.000104721 -2.60318e-05 -1.80077e-05 3.65174e-05 0.000115341 4.57179e-06 2.02718e-06 2.31625e-05 6.28762e-05 -7.70841e-06 -1.08538e-06 7.0315e-05 1.51815e-05
internal_weight=10078 87 9991 357 303 9634 471 430 263 223 176 134 9163 390 333 256 8944 623 550
internal_count=10078 87 9991 357 303 9634 471 430 263 223 176 134 9163 390 333 256 8944 623 550
is_linear=0
shrinkage=0.05


Tree=164
num_leaves=20
num_cat=0
split_feature=1 13 6 2 3 10 3 5 7 10 10 3 3 0 2 5 12 9 1
split_gain=0.00396323 0.0542699 0.0113932 0.00726132 0.00276213 0.00198943 0.00146461 0.00576313 0.00440631 0.00276696 0.0108915 0.00289521 0.00263082 0.00355764 0.00290651 0.00188552 0.00181777 0.00218653 0.00201815
threshold=2.3762423975743672 2.3094612728998838 -0.51912102639675706 1.3043072942110061 2.2035044783654372 -1.1274452300180025 -1.4858537234370035 -0.98994504733150523 0.56506211891578684 -1.1274452300180025 -1.4258181616239864 0.34902776855536027 -1.8514044349140655 -0.64355381357989094 -0.49253948439436207 -0.27503273187313443 -0.64367776320973435 -0.074579769424338846 -0.65090788390362142
decision_type=2 2 2 2 2 2 2 2 2 2 2 2 2 2 2 2 2 2 2
left_child=1 4 -2 5 6 -4 7 -1 12 10 11 15 13 -9 -14 -8 17 -11 -18
right_child=2 -3 3 -5 -6 -7 9 8 -10 16 -12 -13 14 -15 -16 -17 18 -19 -20
leaf_value=0.00065640440926228354 -0.00087781231155299516 0.0015591717804194819 -0.00026919160773742766 -0.00066365965881333173 0.00030236143313625176 4.8908194150922092e-05 0.00016379856734319816 0.0002968496027668672 -0.00040764376777699407 -0.00041647376560361186 -0.00068385042584457158 0.00036678833101019413 3.4333623501347244e-05 -0.00031427613142031164 0.00062613875395202618 -0.00017706720115340973 0.00018012584860800085 1.0625610417675137e-05 -3.0788459959957086e-06
leaf_weight=41 47 56 57 45 74 357 58 42 49 58 74 46 41 55 42 135 153 62 8586
leaf_count=41 47 56 57 45 74 357 58 42 49 58 74 46 41 55 42 135 153 62 8586
internal_value=1.35281e-12 7.20911e-06 -0.000136375 -6.0454e-05 -1.92392e-06 5.11184e-06 -4.3087e-06 0.000110467 1.27225e-05 -7.6874e-06 -0.00015379 1.03285e-05 0.000127156 -4.9665e-05 0.000333801 -7.46309e-05 -2.52539e-06 -0.000195806 1.28651e-07
internal_weight=10078 9572 506 459 9516 414 9442 270 229 9172 313 239 180 97 83 193 8859 120 8739
internal_count=10078 9572 506 459 9516 414 9442 270 229 9172 313 239 180 97 83 193 8859 120 8739
is_linear=0
shrinkage=0.05


Tree=165
num_leaves=20
num_cat=0
split_feature=3 9 2 10 6 6 0 7 5 4 8 4 6 7 6 13 12 12 6
split_gain=0.00402046 0.00408017 0.0514965 0.00557389 0.00749629 0.00534537 0.00394847 0.00275282 0.00303389 0.00297895 0.00284174 0.00428564 0.00254931 0.00229562 0.00226724 0.00222763 0.0128274 0.00234546 0.00245231
threshold=2.2633028584769961 -0.31298046229098675 0.38513794509737359 -0.35943258887072133 -0.58559914494956844 -1.1881016894988869 1.0000000180025095e-35 -0.98505128551628529 -0.40907820275996104 0.22449549593111923 -0.35709704699247574 0.2442709658992355 -0.14111766408175999 -0.1482234229506729 -0.009296750362497273 2.3094612728998838 2.2050204523790367 2.9820253914999788 -0.21192858126905043
decision_type=2 2 2 2 2 2 2 2 2 2 2 2 2 2 2 2 2 2 2
left_child=1 2 3 4 5 -1 -5 -6 9 14 12 -12 -10 -7 -9 -3 -17 18 -18
right_child=-2 15 -4 6 7 13 -8 8 10 -11 11 -13 -14 -15 -16 16 17 -19 -20
leaf_value=3.7718953036494707e-05 -0.00041508811981625987 -2.5347782837492679e-06 0.0016008389979240882 0.00058839748554307509 0.00041793013748247181 -0.00038254527555181995 0.00010085659105600061 0.00017706043819340809 0.0005880760355844026 -0.00058037585687998217 -0.00012951329925236829 0.00038652169669512663 8.1510800436667018e-05 -0.00091494822249509663 -0.00033170645850676502 -0.00096145942587144229 -0.00046890413564792 0.00014481768346626283 -4.2983070433118273e-05
leaf_weight=43 58 8721 54 57 40 40 153 47 41 40 206 50 63 41 41 41 42 127 173
leaf_count=43 58 8721 54 57 40 40 153 47 41 40 206 50 63 41 41 41 42 127 173
internal_value=-9.90008e-13 2.4027e-06 0.00010299 9.15735e-06 -6.30001e-05 -0.000412845 0.000233189 1.91604e-05 -1.35256e-05 -0.000222603 6.08129e-05 -2.87252e-05 0.000281214 -0.000652033 -5.99787e-05 -7.71791e-06 -0.000125739 -2.55503e-05 -0.000126186
internal_weight=10078 10020 916 862 652 124 210 528 488 128 360 256 104 81 88 9104 383 342 215
internal_count=10078 10020 916 862 652 124 210 528 488 128 360 256 104 81 88 9104 383 342 215
is_linear=0
shrinkage=0.05


Tree=166
num_leaves=20
num_cat=0
split_feature=12 0 6 12 10 3 13 10 10 2 3 7 0 3 4 6 13 2 2
split_gain=0.00371827 0.00328784 0.0767252 0.00881667 0.00305438 0.00279951 0.00226973 0.00213817 0.0018182 0.00576067 0.00147921 0.00208531 0.00142213 0.00141679 0.00140908 0.00547633 0.00577003 0.00539899 0.00548468
threshold=3.1852681167361565 2.3632946870634952 -0.50873784920340492 2.3274988156197214 1.765428791649722 2.2035044783654372 2.3094612728998838 -1.1274452300180025 -1.271903600222595 0.056293409742753063 -0.2667281097153989 -0.14073474742767364 -0.6536413704049967 -2.2105802066416023 1.5421315123950921 -0.69671214212409416 -0.59233045434962761 -0.13493686263975899 0.69946967199069066
decision_type=2 2 2 2 2 2 2 2 2 2 2 2 2 2 2 2 2 2 2
left_child=1 5 -3 -4 7 6 8 -5 9 10 -1 -12 -10 -14 -15 -16 17 -17 -19
right_child=-2 2 3 4 -6 -7 -8 -9 12 -11 11 -13 13 14 15 16 -18 18 -20
leaf_value=0.00014397230746885143 -0.00034387905036102243 0.0022243891243851977 -0.00069308838268625553 -0.00037326226260380021 0.00038711560049099113 0.00030285969150026107 -0.00030032046972057572 1.1021565977072536e-05 0.00021389814654241207 -0.00066988414757707647 -0.00028488044333434395 9.376132183538248e-05 -0.00024008821928873659 2.8833945050626276e-06 0.0003965637070927542 -0.00086367386970475019 0.00020649261871357358 0.00020024293030887334 -0.00060872088142787111
leaf_weight=78 78 40 50 42 48 74 65 262 77 42 86 63 62 8790 41 45 51 44 40
leaf_count=78 78 40 50 42 48 74 65 262 77 42 86 63 62 8790 41 45 51 44 40
internal_value=-7.90053e-13 2.68226e-06 0.000136003 -7.17966e-05 1.64551e-05 -3.48303e-06 -5.8733e-06 -4.20703e-05 -3.84134e-06 -0.000131963 -3.24357e-05 -0.000124784 -7.47005e-08 -1.89063e-06 -2.51714e-07 -0.000124947 -0.000243735 -0.000421732 -0.000184978
internal_weight=10078 10000 442 402 352 9558 9484 304 9419 269 227 149 9150 9073 9011 221 180 129 84
internal_count=10078 10000 442 402 352 9558 9484 304 9419 269 227 149 9150 9073 9011 221 180 129 84
is_linear=0
shrinkage=0.05


Tree=167
num_leaves=20
num_cat=0
split_feature=3 13 10 10 0 4 10 7 13 12 6 2 13 9 0 5 6 10 9
split_gain=0.0039193 0.00974401 0.00397802 0.0688204 0.00974668 0.00261792 0.00259166 0.00191981 0.00188274 0.011349 0.00416786 0.00165099 0.00207371 0.00132775 0.00129714 0.00131018 0.00204422 0.00617453 0.00519964
threshold=2.0281924438166299 -0.6214850616055847 -1.271903600222595 -1.4258181616239864 1.9323038217108532 -0.049133547200513668 -3.8261060623722583 0.20231807381066 2.3094612728998838 2.2050204523790367 -0.48852194132190313 -1.0087504550952922 1.1660455102009506 1.5397830881314418 -0.6536413704049967 2.3358588627768757 -0.94657129190599987 -0.10347184056687689 -0.084359795673822638
decision_type=2 2 2 2 2 2 2 2 2 2 2 2 2 2 2 2 2 2 2
left_child=2 -2 3 4 6 -6 -1 11 13 -10 -11 -8 -13 14 -4 16 17 -16 -19
right_child=1 -3 8 -5 5 -7 7 -9 9 10 -12 12 -14 -15 15 -17 -18 18 -20
leaf_value=-0.00028113134401792195 -0.00083370795258341118 0.00022634500027179902 0.00020320327109532501 0.002121118831491913 -0.00025416716962354261 -0.00081614972752800513 5.2185519409910986e-05 -7.9971076110237413e-05 -0.00089549652490926001 -0.00051093433709866072 2.4983998467714393e-05 0.00015102085131729837 0.00065703668813334734 0.00012348128082554949 -0.00014109404191684684 -0.00023194783707074221 -7.8478269593563134e-06 0.00053176347237040514 0.00010298177336707188
leaf_weight=40 46 41 77 40 40 43 55 58 41 40 390 40 41 219 199 62 8198 91 317
leaf_count=40 46 41 77 40 40 43 55 58 41 40 390 40 41 219 199 62 8198 91 317
internal_value=-1.35893e-12 -0.000334143 2.90966e-06 0.000166806 -7.97955e-05 -0.000545315 8.53246e-05 0.000160883 -3.16371e-06 -0.000100656 -2.48689e-05 0.0002636 0.000407152 1.84762e-06 -1.13066e-06 -2.90507e-06 -1.29228e-06 8.72454e-05 0.000198617
internal_weight=10078 87 9991 357 317 83 234 194 9634 471 430 136 81 9163 8944 8867 8805 607 408
internal_count=10078 87 9991 357 317 83 234 194 9634 471 430 136 81 9163 8944 8867 8805 607 408
is_linear=0
shrinkage=0.05


Tree=168
num_leaves=20
num_cat=0
split_feature=1 13 2 3 10 12 0 3 8 10 2 10 13 8 3 6 3 4 7
split_gain=0.00356551 0.0337251 0.107675 0.00784248 0.003751 0.00351572 0.00899387 0.00287569 0.00190004 0.00177956 0.0052868 0.00175842 0.00169209 0.00154447 0.00233901 0.00147595 0.00120831 0.00444211 0.00324285
threshold=2.6687724357763645 2.4431102656536994 -0.041878648372892978 0.48390523937680385 -1.1274452300180025 2.2707458826104805 2.3297535606200186 2.2035044783654372 1.0000000180025095e-35 -1.271903600222595 0.056293409742753063 -1.5935341124626223 1.1660455102009506 0.27041838151374881 -0.059553865649163047 -0.0036386660583081318 -0.19004520084386392 -1.4232099607917068 -0.20748649391751753
decision_type=2 2 2 2 2 2 2 2 2 2 2 2 2 2 2 2 2 2 2
left_child=1 5 -3 4 -2 6 7 9 15 10 11 12 -1 14 -10 -6 17 -11 -19
right_child=3 2 -4 -5 8 -7 -8 -9 13 16 -12 -13 -14 -15 -16 -17 -18 18 -20
leaf_value=-9.9503033181665368e-05 -0.00052574617235222841 -0.00068027452298136072 0.0028850609052824441 -0.00079372587757201734 -0.00025865924820805882 0.00040328732361129645 -0.00073513538175445448 0.00030863077493425387 -3.5102666560106161e-06 -0.0004663646902124377 -0.00064609769947959912 -0.0002615287958698381 0.00021867301936082096 -6.5672980152100099e-05 0.0005305734505272107 4.6549886093893346e-05 -1.0947275305828358e-05 0.00013689868320180447 2.9685538495566946e-06
leaf_weight=90 40 45 40 42 93 53 42 74 41 44 42 63 78 63 41 69 6894 631 1593
leaf_count=90 40 45 40 42 93 53 42 74 41 44 42 63 78 63 41 69 6894 631 1593
internal_value=1.12075e-12 5.95908e-06 0.00099753 -0.000148425 -7.03199e-05 -2.8168e-06 -5.07034e-06 -1.84574e-06 -1.0981e-05 -4.28085e-06 -0.000130078 -3.62558e-05 4.82216e-05 0.000120498 0.000263532 -0.000128663 -5.32481e-07 3.11252e-05 4.09676e-05
internal_weight=10078 9689 85 389 347 9604 9551 9509 307 9435 273 231 168 145 82 162 9162 2268 2224
internal_count=10078 9689 85 389 347 9604 9551 9509 307 9435 273 231 168 145 82 162 9162 2268 2224
is_linear=0
shrinkage=0.05


Tree=169
num_leaves=20
num_cat=0
split_feature=3 1 10 6 2 10 13 12 6 6 5 3 3 12 9 2 10 2 2
split_gain=0.00383199 0.00931471 0.00396855 0.0656683 0.0172399 0.0026449 0.00186923 0.00984609 0.00353428 0.00169948 0.00440906 0.00132352 0.00129015 0.00188773 0.00205254 0.0018452 0.00930372 0.00682002 0.0067148
threshold=2.0281924438166299 -0.64012424332262452 -1.271903600222595 -0.50873784920340492 0.33990933862367695 -1.5935341124626223 2.3094612728998838 2.2050204523790367 -0.48852194132190313 0.18252234508181195 -0.18287039447110479 0.38951713281960237 -2.4694214797816358 -0.64367776320973435 -0.074579769424338846 -1.474652171673779 -0.064265207638811314 -1.6750480505180012 -1.8037492782825419
decision_type=2 2 2 2 2 2 2 2 2 2 2 2 2 2 2 2 2 2 2
left_child=2 -2 3 -1 5 9 12 -8 -9 10 -5 -10 -4 14 -14 16 17 18 -15
right_child=1 -3 6 4 -6 -7 7 8 11 -11 -12 -13 13 15 -16 -17 -18 -19 -20
leaf_value=0.001449111342886821 0.00018105015730146659 -0.00085374372295116824 0.00025767926126718521 0.00054406427418840356 -0.0011527154096984305 -0.00036298410717184503 -0.00084067547307690473 -0.00047733856059494433 -1.4971103078486133e-05 -0.00014612381536331353 -7.3587074866130343e-05 0.00028863005409220934 -0.00041037330056183395 -1.2500793472089141e-05 3.4322372577603788e-06 -2.3557316140808636e-06 0.00065456948531881121 0.0003362426970168475 -0.00066249274190185851
leaf_weight=78 44 43 49 47 40 48 41 40 350 69 75 40 58 257 62 8508 65 117 47
leaf_count=78 44 43 49 47 40 48 41 40 350 69 75 40 58 257 62 8508 65 117 47
internal_value=1.36248e-14 -0.0003304 2.87707e-06 0.000166578 -0.00019198 -3.11874e-05 -3.18907e-06 -0.000100331 -2.97401e-05 5.21961e-05 0.000164361 1.61675e-05 1.80426e-06 4.28586e-07 -0.000196574 3.05704e-06 9.78139e-05 1.1854e-05 -0.000112993
internal_weight=10078 87 9991 357 279 239 9634 471 430 191 122 390 9163 9114 120 8994 486 421 304
internal_count=10078 87 9991 357 279 239 9634 471 430 191 122 390 9163 9114 120 8994 486 421 304
is_linear=0
shrinkage=0.05


Tree=170
num_leaves=20
num_cat=0
split_feature=1 13 6 2 3 4 7 12 2 10 2 6 4 6 0 3 7 9 7
split_gain=0.00374568 0.0577062 0.0113122 0.00768751 0.00282138 0.00206495 0.00283169 0.00211023 0.00207478 0.00170328 0.0045507 0.00168749 0.00283056 0.00181273 0.00130799 0.00135613 0.0012754 0.00428132 0.00160464
threshold=2.3762423975743672 2.3094612728998838 -0.51912102639675706 1.3043072942110061 2.2035044783654372 -0.15462066457820559 -0.041672936523050576 3.1461979481421931 0.4427295662113076 -1.271903600222595 0.17796582643466494 -0.14111766408175999 0.026191604132283879 0.18252234508181195 -0.6536413704049967 -2.2105802066416023 -2.0003629416964892 -0.095753145090171868 -1.8444489091597831
decision_type=2 2 2 2 2 2 2 2 2 2 2 2 2 2 2 2 2 2 2
left_child=1 4 -2 5 9 6 -4 8 -7 10 11 12 -1 -13 -11 -16 17 -17 -18
right_child=2 -3 3 -5 -6 7 -8 -9 -10 14 -12 13 -14 -15 15 16 18 -19 -20
leaf_value=1.05973206499785e-05 -0.00087137717290464406 0.0016073521222251333 -3.5974463354228296e-05 -0.00067758379348864159 0.00030512228215622992 -3.7467192334395879e-05 0.00040401779582625196 0.00022360445712978134 -0.00037353399362252801 0.0002041278627146241 -0.00061974010786798323 0.00031881326943403111 -0.00048512003875499516 -7.4207403657721807e-05 -0.00023586339290974841 -0.00052854178654443884 0.00031659269734518602 0.00018239702134451366 -8.0483368909334719e-07
leaf_weight=77 47 56 82 45 74 151 66 49 66 77 40 50 46 71 62 45 40 40 8894
leaf_count=77 47 56 82 45 74 151 66 49 66 77 40 50 46 71 62 45 40 40 8894
internal_value=5.15325e-13 7.00845e-06 -0.000132579 -5.69285e-05 -2.40929e-06 1.05341e-05 0.000160238 -7.276e-05 -0.000139681 -4.81952e-06 -0.000125413 -4.43754e-05 -0.000174793 8.81978e-05 -1.07978e-06 -2.81979e-06 -1.21776e-06 -0.000193982 6.16243e-07
internal_weight=10078 9572 506 459 9516 414 148 266 217 9442 284 244 123 121 9158 9081 9019 85 8934
internal_count=10078 9572 506 459 9516 414 148 266 217 9442 284 244 123 121 9158 9081 9019 85 8934
is_linear=0
shrinkage=0.05


Tree=171
num_leaves=20
num_cat=0
split_feature=3 0 0 6 3 13 3 10 9 7 10 0 13 4 9 9 4 7 13
split_gain=0.00380734 0.0040893 0.0671544 0.008353 0.00353343 0.00194231 0.00187003 0.00157603 0.00421188 0.0015688 0.00155969 0.00134384 0.00442873 0.00200046 0.00194878 0.00205556 0.0018915 0.00631249 0.00247084
threshold=2.2633028584769961 2.3632946870634952 2.4334032069979794 -0.51912102639675706 0.38951713281960237 2.3094612728998838 -0.47035010578875208 -1.271903600222595 -1.2429601731835551 2.4363546096675015 -0.35943258887072133 -0.6536413704049967 -0.63335566498670459 2.4358082430975041 -1.2429601731835551 -0.74714972987907402 1.6638982793015453 -0.28196587612221818 -0.62356783545283989
decision_type=2 2 2 2 2 2 2 2 2 2 2 2 2 2 2 2 2 2 2
left_child=1 5 -3 -4 6 7 -5 8 -1 11 -8 -9 -13 14 -14 -16 -17 -18 -19
right_child=-2 2 3 4 -6 -7 10 9 -10 -11 -12 12 13 -15 15 16 17 18 -20
leaf_value=-3.5590182806993057e-05 -0.0004039367318157396 0.0021068490270772602 -0.00070078168466265896 0.00029496665632574486 0.00045737187976353913 -0.00027739830371081977 -0.00024751780409319627 0.00020966705974327247 -0.00056289509821605562 0.00027430716299232493 7.9838297703342213e-06 -0.00047691431916194107 0.00034634637151611971 0.00034818456482664663 -0.00024960456888774865 1.891249817091809e-06 -0.00069671820854723811 0.00031986908092390925 -0.00017847811632545004
leaf_weight=239 58 40 42 44 45 65 78 75 45 52 255 49 40 41 84 8682 42 43 59
leaf_count=239 58 40 42 44 45 65 78 75 45 52 255 49 40 41 84 8682 42 43 59
internal_value=-1.30093e-13 2.33816e-06 0.000141133 -2.83256e-05 3.86013e-05 -5.01288e-06 -1.13846e-05 -3.13953e-06 -0.000119142 4.54311e-07 -5.18634e-05 -1.10799e-06 -2.85667e-06 -2.7311e-07 -1.8694e-06 -3.43265e-06 -1.08975e-06 -0.000180819 3.16094e-05
internal_weight=10078 10020 504 464 422 9516 377 9451 284 9167 333 9115 9040 8991 8950 8910 8826 144 102
internal_count=10078 10020 504 464 422 9516 377 9451 284 9167 333 9115 9040 8991 8950 8910 8826 144 102
is_linear=0
shrinkage=0.05


Tree=172
num_leaves=20
num_cat=0
split_feature=12 13 6 2 3 13 12 2 8 10 9 5 5 6 3 7 0 0 3
split_gain=0.00356355 0.0661361 0.00841751 0.00678324 0.0028072 0.00244268 0.00196387 0.00272457 0.00200143 0.00185123 0.00347771 0.00138593 0.00138065 0.0023649 0.00187235 0.00125776 0.00185062 0.00183458 0.00284326
threshold=2.2050204523790367 2.3094612728998838 -0.51912102639675706 1.3043072942110061 2.2035044783654372 2.4068245133561974 2.9820253914999788 0.4427295662113076 -0.034878644894172896 -1.271903600222595 -1.2429601731835551 -0.015768448916516527 0.25644836124383702 0.17005275500192504 -0.01491894106147664 -2.4191332456680597 -0.65565888177001785 -0.65313699256374147 -2.2105802066416023
decision_type=2 2 2 2 2 2 2 2 2 2 2 2 2 2 2 2 2 2 2
left_child=1 4 -2 5 9 -4 7 8 -7 10 12 -10 13 14 -1 -11 -17 -18 -19
right_child=2 -3 3 -5 -6 6 -8 -9 11 15 -12 -13 -14 -15 -16 16 17 18 -20
leaf_value=0.00033654379276711434 -0.000742559720762074 0.0019194129674320317 0.00035758969125645524 -0.00062037099243233192 0.00030479936213924775 -0.00019013228114333585 0.00010617665400393497 -0.0004240106118859017 0.00029302427886498418 0.00025742581297465145 -0.00053475035964058604 -8.841053713695147e-05 -0.0002706615283386782 -0.00025153110840950499 -6.972464889258845e-05 -0.00028342660457540128 0.00024135062455733978 -0.00034814479216238706 1.0169872519646499e-07
leaf_weight=61 50 45 43 49 74 101 148 58 55 47 45 42 55 55 53 58 78 59 8902
leaf_count=61 50 45 43 49 74 101 148 58 55 47 45 42 55 55 53 58 78 59 8902
internal_value=-7.92661e-13 7.11588e-06 -0.000124228 -6.18963e-05 -1.95478e-06 -6.76469e-07 -3.88088e-05 -0.000122628 -3.43448e-05 -4.36632e-06 -0.000133645 0.000127867 -5.30662e-05 1.77488e-05 0.000147665 -5.63167e-07 -1.89608e-06 -8.95975e-08 -2.19119e-06
internal_weight=10078 9532 546 496 9487 447 404 256 198 9413 269 97 224 169 114 9144 9097 9039 8961
internal_count=10078 9532 546 496 9487 447 404 256 198 9413 269 97 224 169 114 9144 9097 9039 8961
is_linear=0
shrinkage=0.05


Tree=173
num_leaves=20
num_cat=0
split_feature=3 13 10 2 6 13 8 6 13 12 7 2 9 10 6 3 12 13 1
split_gain=0.00379067 0.0096812 0.00417801 0.0711154 0.00300306 0.00310753 0.00259896 0.00289106 0.0019148 0.0138125 0.00233897 0.00278405 0.0028999 0.00152163 0.00150018 0.00137152 0.00189677 0.00188464 0.00178882
threshold=2.0281924438166299 -0.6214850616055847 -1.271903600222595 0.28226652983637979 -0.62508514766702672 0.058780941844709743 -0.085430241264486173 -0.13329725050647476 2.3094612728998838 2.2050204523790367 -0.25272628089542543 0.85002312985132311 0.76108048804612916 -2.4548205141405379 -0.19703823787756389 -2.4694214797816358 -0.64367776320973435 -0.63539434418943885 -0.65090788390362142
decision_type=2 2 2 2 2 2 2 2 2 2 2 2 2 2 2 2 2 2 2
left_child=2 -2 3 4 -1 -6 13 -8 15 -10 -11 12 14 -7 -12 -4 17 -17 -18
right_child=1 -3 8 -5 5 6 7 -9 9 10 11 -13 -14 -15 -16 16 18 -19 -20
leaf_value=-0.00042587008364286955 -0.00082656652274359357 0.00023006470006160871 0.00026551139569480202 0.0020778162865818287 0.00035361632450946239 0.00031356395826151131 -0.00061381975254334983 -6.6849084086258149e-05 -0.00097855575980402816 0.00021686249130117873 -0.00024457260030851728 0.00020556948349881819 -0.00042024814667658778 -7.1061213343960448e-05 4.4483943529752756e-05 6.3219323270790161e-05 0.00017241213001897469 -0.00034796968161332958 -2.5878564025889539e-08
leaf_weight=55 46 41 49 43 46 40 40 61 41 85 67 70 72 72 136 44 153 76 8841
leaf_count=55 46 41 49 43 46 40 40 61 41 85 67 70 72 72 136 44 153 76 8841
internal_value=7.29909e-13 -0.000328614 2.86152e-06 0.000170827 -9.03215e-05 -1.9066e-05 -9.95513e-05 -0.000283471 -3.36265e-06 -0.000101682 -1.80726e-05 -7.59552e-05 -0.000147616 6.63049e-05 -5.0919e-05 1.69118e-06 2.72791e-07 -0.0001972 2.90752e-06
internal_weight=10078 87 9991 357 314 259 213 101 9634 471 430 345 275 112 203 9163 9114 120 8994
internal_count=10078 87 9991 357 314 259 213 101 9634 471 430 345 275 112 203 9163 9114 120 8994
is_linear=0
shrinkage=0.05


Tree=174
num_leaves=20
num_cat=0
split_feature=13 0 6 12 10 10 3 0 7 3 13 12 9 9 2 9 2 2 6
split_gain=0.00367971 0.00359616 0.0701445 0.0100564 0.00288514 0.00433747 0.0042049 0.00257952 0.00254786 0.00221636 0.0020679 0.00191622 0.00173152 0.00191005 0.00194612 0.00676911 0.00789431 0.00746935 0.0108828
threshold=-0.63758908041290896 2.3632946870634952 -0.51912102639675706 2.3274988156197214 -1.271903600222595 -1.5935341124626223 2.2035044783654372 -0.65565888177001785 -0.39886727170397362 0.38951713281960237 2.3094612728998838 0.17894732785886039 -1.2429601731835551 -0.74714972987907402 -1.474652171673779 -0.075896851565750836 -1.6750480505180012 -1.8037492782825419 -0.063781709821991675
decision_type=2 2 2 2 2 2 2 2 2 2 2 2 2 2 2 2 2 2 2
left_child=-1 4 -3 -4 5 8 7 -6 -2 -5 12 -10 -9 -14 15 16 17 18 -15
right_child=1 2 3 9 6 -7 -8 10 11 -11 -12 -13 13 14 -16 -17 -18 -19 -20
leaf_value=-0.00041552196248030322 0.00023068931992032988 0.001971480936976769 -0.00072667474916670476 -1.644691944780108e-05 -0.00037235179519716732 -0.00052481772829651165 0.0003833862836613598 0.00032902526465477421 -0.00042270179219485728 0.00035585430644763014 -0.00032165257596352608 -4.1916992329719992e-05 -0.00023798480194836018 0.00065221475376106086 -4.1046276373180963e-06 0.00052212477923972136 0.00035839773236824666 -0.00073002188244488016 -0.00017644824139725481
leaf_weight=53 57 47 50 358 47 64 71 40 48 45 50 106 84 49 8459 79 121 43 207
leaf_count=53 57 47 50 358 47 64 71 40 48 45 50 106 84 49 8459 79 121 43 207
internal_value=2.78877e-13 2.19677e-06 0.000132903 -5.78549e-05 -4.66442e-06 -0.000164262 8.0355e-08 -2.88453e-06 -5.48986e-05 2.51252e-05 -9.82984e-07 -0.000160603 7.82429e-07 -6.69652e-07 1.55567e-06 9.75086e-05 1.76403e-05 -0.000120258 -1.7837e-05
internal_weight=10078 10025 500 453 9525 275 9250 9179 211 403 9132 154 9082 9042 8958 499 420 299 256
internal_count=10078 10025 500 453 9525 275 9250 9179 211 403 9132 154 9082 9042 8958 499 420 299 256
is_linear=0
shrinkage=0.05


Tree=175
num_leaves=20
num_cat=0
split_feature=3 10 10 10 0 4 10 2 13 12 6 2 8 5 8 0 1 1 9
split_gain=0.00374475 0.0090878 0.00396175 0.0652007 0.00924846 0.00242738 0.00235189 0.00187876 0.00183432 0.011819 0.00302675 0.0017758 0.0013528 0.0018666 0.00137158 0.00132318 0.001355 0.0100137 0.00635979
threshold=2.0281924438166299 -0.080610666209532542 -1.271903600222595 -1.4258181616239864 1.9323038217108532 -0.049133547200513668 -3.8261060623722583 -0.28218489331606172 2.3094612728998838 2.2050204523790367 -0.48852194132190313 -0.81763251416398652 0.31871292988625494 -0.23498444238077512 -0.05901415829137284 -0.6536413704049967 -0.5964822155595314 -0.59080494595953603 0.028679677066705586
decision_type=2 2 2 2 2 2 2 2 2 2 2 2 2 2 2 2 2 2 2
left_child=2 -2 3 4 6 -6 -1 11 15 -10 -11 -8 13 -12 -15 -4 18 -18 -17
right_child=1 -3 8 -5 5 -7 7 -9 9 10 12 -13 -14 14 -16 16 17 -19 -20
leaf_value=-0.00026187214301899076 0.00017856459532843226 -0.00084354738951227535 0.00020812593118464136 0.0020686288997967496 -0.00024673658219398931 -0.0007878817910285191 0.00021157593534543818 0.00045077934195179235 -0.00091058176430368158 -0.00043632168111258808 0.00027475274635128098 -0.00014095737696120993 -0.00020470397758767754 -0.00012266003158022321 0.00010881463003333779 -1.6607238573832417e-05 0.00030410093000061262 -3.7517420050175789e-07 -0.00056370953983181002
leaf_weight=40 44 43 77 40 40 43 93 43 41 40 77 58 57 127 129 3254 284 5494 54
leaf_count=40 44 43 77 40 40 43 93 43 41 40 77 58 57 127 129 3254 284 5494 54
internal_value=2.94178e-13 -0.000326617 2.84413e-06 0.000166405 -7.36237e-05 -0.000527089 8.72208e-05 0.000159199 -3.21681e-06 -9.94472e-05 -2.21064e-05 7.61658e-05 2.03772e-05 5.89046e-05 -6.0185e-06 1.72966e-06 -1.94599e-08 1.45904e-05 -2.55382e-05
internal_weight=10078 87 9991 357 317 83 234 194 9634 471 430 151 390 333 256 9163 9086 5778 3308
internal_count=10078 87 9991 357 317 83 234 194 9634 471 430 151 390 333 256 9163 9086 5778 3308
is_linear=0
shrinkage=0.05


Tree=176
num_leaves=20
num_cat=0
split_feature=13 0 6 12 10 10 3 0 7 9 12 0 13 8 13 10 1 0 13
split_gain=0.0034756 0.0034685 0.0645167 0.00894836 0.0031154 0.00493598 0.00415172 0.00246977 0.00228077 0.00200925 0.00170023 0.00164341 0.00191084 0.00276711 0.00247785 0.00659967 0.00583738 0.00851284 0.00558392
threshold=-0.63758908041290896 2.3632946870634952 -0.51912102639675706 2.3274988156197214 -1.271903600222595 -1.5935341124626223 2.2035044783654372 -0.65565888177001785 -0.39886727170397362 2.4395436159711235 0.17894732785886039 -0.65313699256374147 -0.63302770213270887 -1.9998554896922378 -0.61825847654302413 -0.1296529431301062 -0.63584250368016992 -0.63813175178639658 -0.61917664000535655
decision_type=2 2 2 2 2 2 2 2 2 2 2 2 2 2 2 2 2 2 2
left_child=-1 4 -3 -4 5 8 7 -6 -2 -5 -10 -9 -13 -14 15 -15 17 -16 -17
right_child=1 2 3 9 6 -7 -8 11 10 -11 -12 12 13 14 16 18 -18 -19 -20
leaf_value=-0.0004038332287169431 0.00021642195186582846 0.0018937794645527439 -0.00068334491123459885 -1.7614896206006441e-05 -0.00036414050165207144 -0.00055507553216784802 0.00038120143736948748 0.00021678197231796181 -0.00040067890716575979 0.00031273026109391927 -4.1995626527767736e-05 -0.00027506572002380383 -0.00030747069396143975 0.00059984919755566937 0.00011572170062541402 9.5931542312513303e-06 -2.0578330598348905e-08 -0.00050229791891495212 0.00049453306999112099
leaf_weight=53 57 47 50 350 47 64 71 86 48 53 106 64 73 57 93 819 7737 139 64
leaf_count=53 57 47 50 350 47 64 71 86 48 53 106 64 73 57 93 819 7737 139 64
internal_value=-1.46155e-14 2.13498e-06 0.0001305 -5.24454e-05 -4.60333e-06 -0.000170447 3.27155e-07 -2.61893e-06 -5.37823e-05 2.583e-05 -0.000153793 -7.58269e-07 -2.82642e-06 -8.86613e-07 1.62553e-06 7.84025e-05 -7.43086e-06 -0.000254557 4.47417e-05
internal_weight=10078 10025 500 453 9525 275 9250 9179 211 403 154 9132 9046 8982 8909 940 7969 232 883
internal_count=10078 10025 500 453 9525 275 9250 9179 211 403 154 9132 9046 8982 8909 940 7969 232 883
is_linear=0
shrinkage=0.05


Tree=177
num_leaves=20
num_cat=0
split_feature=3 13 10 2 6 10 13 12 6 6 5 12 0 2 4 2 10 7 12
split_gain=0.00370752 0.00897777 0.00379464 0.0657307 0.00329828 0.00201241 0.00182279 0.0104038 0.00383199 0.00175313 0.00481768 0.00149916 0.00134929 0.00131842 0.00510082 0.00644345 0.0105482 0.00619754 0.00581609
threshold=2.0281924438166299 -0.6214850616055847 -1.271903600222595 0.33990933862367695 -0.58009717792200077 -1.5935341124626223 2.3094612728998838 2.2050204523790367 -0.48852194132190313 0.18252234508181195 -0.18287039447110479 1.5944688452152564 -0.6536413704049967 -0.96934289662654682 -0.073758014502097777 -1.4097318309355256 -0.064265207638811314 0.31767535163039978 -0.62747074960068916
decision_type=2 2 2 2 2 2 2 2 2 2 2 2 2 2 2 2 2 2 2
left_child=2 -2 3 4 -1 9 12 -8 -9 10 -6 -12 -4 14 17 16 -16 -14 -17
right_child=1 -3 6 -5 5 -7 7 8 -10 -11 11 -13 13 -15 15 18 -18 -19 -20
leaf_value=-0.00039890951470274909 -0.00080451066789227429 0.00021300932802238628 0.00021025195802666259 0.0020464303405677174 0.00057190370188232474 -0.00027963759659506453 -0.00086005171036870193 -0.00049253584784310085 2.1335111520947511e-05 -0.0001317549976469625 -0.00027380789122616989 0.00015389892616353575 1.0381855774245204e-05 8.6131869476062267e-06 -5.2829350710787633e-05 7.6887726801759128e-05 0.00070805605105563724 0.00048579921239544078 -0.00029031120020401522
leaf_weight=65 46 41 77 41 49 51 41 40 390 69 40 42 446 7562 324 139 53 81 481
leaf_count=65 46 41 77 41 49 51 41 40 390 69 40 42 446 7562 324 139 53 81 481
internal_value=-2.76441e-13 -0.00032499 2.82996e-06 0.000162904 -8.14779e-05 7.25531e-07 -3.10178e-06 -9.90294e-05 -2.64668e-05 7.22181e-05 0.000179654 -5.47385e-05 1.82913e-06 6.28364e-08 -4.23635e-05 -0.000108869 5.41386e-05 8.34536e-05 -0.000207988
internal_weight=10078 87 9991 357 316 251 9634 471 430 200 131 82 9163 9086 1524 997 377 527 620
internal_count=10078 87 9991 357 316 251 9634 471 430 200 131 82 9163 9086 1524 997 377 527 620
is_linear=0
shrinkage=0.05


Tree=178
num_leaves=20
num_cat=0
split_feature=12 13 6 2 3 13 10 2 12 2 8 3 4 6 0 2 3 9 9
split_gain=0.00368444 0.0694384 0.0108138 0.00648369 0.00292176 0.00225326 0.00205697 0.00525046 0.00164208 0.00268867 0.00185308 0.00151936 0.00198672 0.00216526 0.00124556 0.00126075 0.0067896 0.00362289 0.0106089
threshold=2.2050204523790367 2.3094612728998838 -0.51912102639675706 1.3043072942110061 2.2035044783654372 2.4068245133561974 -1.271903600222595 0.1250400494222286 2.9820253914999788 0.4427295662113076 -0.034878644894172896 -0.2667281097153989 -0.31651289173747049 -0.29713262387285172 -0.6536413704049967 -0.3625019867196308 1.3700608488881538 -0.11409354399238138 -0.11769878864422918
decision_type=2 2 2 2 2 2 2 2 2 2 2 2 2 2 2 2 2 2 2
left_child=1 4 -2 5 6 -4 7 11 9 10 -7 -1 -13 -14 -8 16 17 18 -16
right_child=2 -3 3 -5 -6 8 14 -9 -10 -11 -12 12 13 -15 15 -17 -18 -19 -20
leaf_value=0.00013072332352375947 -0.00082715874270070349 0.0019666943543415983 0.00034827970536520467 -0.00060167251939841375 0.00031089216288426153 -0.00017128779273653072 0.00019973937393500253 -0.00066933549765963113 0.00010013646824149506 -0.00040847511618580788 0.00013469922939584274 -0.00040270354250108602 0.00027147712135047188 -0.00020036830082385533 1.0924216139110696e-05 1.1047231188494676e-05 -0.00066751241818831372 -6.965004132172737e-05 0.00069642951476776892
leaf_weight=78 50 45 43 49 74 101 77 40 148 58 97 49 40 62 1301 6022 41 1644 59
leaf_count=78 50 45 43 49 74 101 77 40 148 58 97 49 40 62 1301 6022 41 1644 59
internal_value=4.90031e-13 7.23557e-06 -0.000126318 -5.56684e-05 -2.05879e-06 4.1844e-06 -4.51905e-06 -0.000140793 -3.24396e-05 -0.000109085 -2.13851e-05 -4.84708e-05 -0.000141035 -1.53309e-05 -5.10124e-07 -2.21071e-06 -2.84305e-05 -1.9708e-05 4.0663e-05
internal_weight=10078 9532 546 496 9487 447 9413 269 404 256 198 229 151 102 9144 9067 3045 3004 1360
internal_count=10078 9532 546 496 9487 447 9413 269 404 256 198 229 151 102 9144 9067 3045 3004 1360
is_linear=0
shrinkage=0.05


Tree=179
num_leaves=20
num_cat=0
split_feature=3 12 0 6 12 9 13 10 2 5 5 13 3 2 5 3 3 2 7
split_gain=0.00358778 0.0096199 0.00380061 0.0593317 0.00925072 0.00250162 0.00205297 0.00159278 0.0061765 0.00163249 0.00241096 0.00227642 0.00156527 0.00147043 0.00121529 0.00868814 0.00457907 0.00432633 0.00367652
threshold=2.0281924438166299 -0.633045955588036 2.3632946870634952 -0.51912102639675706 2.3274988156197214 1.9706949481000062 2.3094612728998838 -1.271903600222595 0.17796582643466494 -0.59452454500561791 -0.26440236147919094 0.10144801451337455 -0.17756324854960007 0.4427295662113076 -0.041991793515594816 1.424124536120779 1.0939042012030959 -1.9571039350033788 -1.075338006253763
decision_type=2 2 2 2 2 2 2 2 2 2 2 2 2 2 2 2 2 2 2
left_child=2 -2 6 -4 -5 13 7 8 9 -1 -11 -12 -13 -6 15 16 17 -9 -19
right_child=1 -3 3 4 5 -7 -8 14 -10 10 11 12 -14 -15 -16 -17 -18 18 -20
leaf_value=-0.00029628118302854194 0.00023720834174238874 -0.00081607226475961911 0.001808635553819234 -0.00068861734100432751 3.9639739750580505e-05 0.0003153718176610496 -0.00028435158301503042 -0.00048852678505681977 -0.00069494229777774304 0.0003841058955731569 0.00024121863342712615 4.1165781916182216e-05 -0.00033783053587530817 -0.00020900852506355327 -1.1106005531070466e-05 0.00068825480901773986 -0.00035379117402897716 0.00031977166431090094 2.3343016531710794e-05
leaf_weight=45 41 46 48 49 261 68 65 40 40 40 47 48 63 77 6269 49 81 109 2592
leaf_count=45 41 46 48 49 261 68 65 40 40 40 47 48 63 77 6269 49 81 109 2592
internal_value=1.19112e-12 -0.000319699 2.78388e-06 0.000136719 -3.96586e-05 3.8664e-05 -4.31662e-06 -2.38493e-06 -0.000119209 -2.44383e-05 3.73442e-05 -5.04436e-05 -0.00017394 -1.7005e-05 1.23227e-06 2.81736e-05 1.67123e-05 2.76611e-05 3.53055e-05
internal_weight=10078 87 9991 503 455 406 9488 9423 283 243 198 158 111 338 9140 2871 2822 2741 2701
internal_count=10078 87 9991 503 455 406 9488 9423 283 243 198 158 111 338 9140 2871 2822 2741 2701
is_linear=0
shrinkage=0.05


Tree=180
num_leaves=20
num_cat=0
split_feature=12 9 10 6 9 5 3 5 13 12 6 7 5 7 2 5 4 7 2
split_gain=0.00375055 0.00326608 0.0102104 0.104708 0.0110848 0.00875897 0.00449861 0.00329824 0.0023756 0.0109569 0.0046823 0.00135806 0.00128997 0.00114612 0.00172314 0.00621038 0.00715201 0.00633961 0.00632993
threshold=3.1852681167361565 -2.3329689733084016 -1.271903600222595 -0.49787613942545 -1.2429601731835551 -0.090115169594031291 2.2035044783654372 -0.36762686584216997 2.3094612728998838 2.2050204523790367 -0.40916189291599186 -0.05243230925918891 -0.23189042434943655 -2.4191332456680597 -0.96934289662654682 0.97337342379342162 -0.073758014502097777 0.53369929541447469 -0.96934348071067311
decision_type=2 2 2 2 2 2 2 2 2 2 2 2 2 2 2 2 2 2 2
left_child=1 5 3 -3 7 -1 8 -5 13 -10 -11 -9 -12 -4 15 16 17 -15 -18
right_child=-2 2 6 4 -6 -7 -8 11 9 10 12 -13 -14 14 -16 -17 18 -19 -20
leaf_value=0.0001206382840281182 -0.00034536873420457152 0.0022435907005671075 0.00024617006444927072 -0.00039843363018007952 -0.00090351303218259545 -0.00083095632490724151 0.00039127922007335452 0.00029851637071962554 -0.0008982082267565846 -0.0005421605407829658 0.00020976922330677778 -7.6184938024241656e-05 -2.7702562162327621e-05 6.119836647075006e-05 8.446500490078743e-06 -0.00062172416946850719 -5.5242009014699574e-05 0.00063955354570731848 -0.00040280645420998258
leaf_weight=57 78 55 47 40 47 42 72 57 41 41 73 42 264 447 7575 46 846 53 155
leaf_count=57 78 55 47 40 47 42 72 57 41 41 73 42 264 447 7575 46 846 53 155
internal_value=3.21442e-13 2.69388e-06 5.55121e-06 0.000327015 -0.000239714 -0.000283069 -2.46875e-06 -1.52639e-05 -5.42556e-06 -0.000121851 -3.76426e-05 0.000139552 2.37379e-05 -1.05225e-07 -1.37413e-06 -4.94616e-05 -3.19239e-05 0.000122504 -0.000109061
internal_weight=10078 10000 9901 241 186 99 9660 139 9588 419 378 99 337 9169 9122 1547 1501 500 1001
internal_count=10078 10000 9901 241 186 99 9660 139 9588 419 378 99 337 9169 9122 1547 1501 500 1001
is_linear=0
shrinkage=0.05


Tree=181
num_leaves=20
num_cat=0
split_feature=3 0 0 6 3 10 2 10 3 10 7 2 13 13 0 13 4 9 9
split_gain=0.00366403 0.00382921 0.0629413 0.0109482 0.00286499 0.0017089 0.00653969 0.00242657 0.00155699 0.00159217 0.00145209 0.00141844 0.00152644 0.00138477 0.00131606 0.0039756 0.00179 0.0015669 0.00172151
threshold=2.2633028584769961 2.3632946870634952 2.4334032069979794 -0.51912102639675706 0.38951713281960237 -1.271903600222595 0.19157043859801193 -1.5935341124626223 -0.47035010578875208 -0.35943258887072133 2.4363546096675015 -0.40637143826623884 1.3131576102608047 2.3094612728998838 -0.6536413704049967 -0.63335566498670459 2.4358082430975041 -1.2429601731835551 -0.74714972987907402
decision_type=2 2 2 2 2 2 2 2 2 2 2 2 2 2 2 2 2 2 2
left_child=1 5 -3 -4 8 6 7 11 -5 -10 13 12 -1 14 -7 -16 17 -17 -19
right_child=-2 2 3 4 -6 10 -8 -9 9 -11 -12 -13 -14 -15 15 16 -18 18 -20
leaf_value=-0.00015059959964991174 -0.00039626179290092392 0.002039657283894485 -0.00079731890747054769 0.00028369253746363528 0.00042625267582479864 0.0002075261562713422 -0.0007174828728602734 -0.00028964352361560771 -0.00023045988311703417 2.768820503324516e-05 0.00026247024232781347 0.00030908870063616303 0.00017485892707144 -0.00026491157223063055 -0.00045194127265784457 0.00031038786022691061 0.00032927715134375345 -0.00022853602358303591 -1.1091545288594885e-06
leaf_weight=86 58 40 42 44 45 75 40 67 78 255 52 44 62 50 49 40 41 84 8826
leaf_count=86 58 40 42 44 45 75 40 67 78 255 52 44 62 50 49 40 41 84 8826
internal_value=3.53801e-13 2.29373e-06 0.000136602 -2.74546e-05 4.9167e-05 -4.81969e-06 -0.000122461 -3.05657e-05 4.15675e-06 -3.27789e-05 -1.0034e-06 5.98416e-05 -1.42589e-05 -2.49829e-06 -1.05883e-06 -2.78934e-06 -3.41513e-07 -1.8515e-06 -3.25325e-06
internal_weight=10078 10020 504 464 422 9516 299 259 377 333 9217 192 148 9165 9115 9040 8991 8950 8910
internal_count=10078 10020 504 464 422 9516 299 259 377 333 9217 192 148 9165 9115 9040 8991 8950 8910
is_linear=0
shrinkage=0.05


Tree=182
num_leaves=20
num_cat=0
split_feature=12 13 6 3 3 13 10 2 10 6 1 13 8 3 12 7 7 5 9
split_gain=0.0036237 0.06601 0.0109515 0.00658447 0.00277226 0.00236086 0.0017992 0.00340931 0.00166206 0.00150251 0.00169718 0.0020134 0.00275737 0.00117447 0.00384608 0.00601875 0.00632911 0.00527033 0.00407779
threshold=2.2050204523790367 2.3094612728998838 -0.51912102639675706 0.47075862829983356 2.2035044783654372 2.4068245133561974 -1.271903600222595 0.056293409742753063 -1.271903600222595 -0.60849718306933787 0.10502532082425621 1.1660455102009506 -0.13702555663403665 -0.39563492343636408 -0.62747074960068916 1.3054319769553502 -1.4228305123132767 1.3449727029565188 -0.085888741480351347
decision_type=2 2 2 2 2 2 2 2 2 2 2 2 2 2 2 2 2 2 2
left_child=1 4 -2 5 6 -4 7 9 -7 -1 -11 -12 -13 14 18 16 -16 -18 -8
right_child=2 -3 3 -5 -6 8 13 -9 -10 10 11 12 -14 -15 15 -17 17 -19 -20
leaf_value=-0.00030690616899556387 -0.00083055916347075259 0.0019176486816852249 0.00034894457061050667 -0.00061072958839455786 0.00030295268125219332 -0.00030582447694281917 0.00070372257500932352 -0.0005455561288510494 4.8791353117137552e-06 0.00029779763830447339 -0.00031078853164756396 0.00035536097134767757 -0.00021102880751381497 -9.4570062970304455e-06 -0.00055880788131617014 -0.00046561129491901878 3.0738197246567945e-05 0.00050484268176064016 0.00011727472459331643
leaf_weight=47 50 45 45 48 74 49 41 42 354 40 54 44 42 7327 44 63 1501 61 107
leaf_count=47 50 45 45 48 74 49 41 42 354 40 54 44 42 7327 44 63 1501 61 107
internal_value=-3.53518e-13 7.17569e-06 -0.000125272 -5.41748e-05 -1.88632e-06 5.45607e-06 -4.2828e-06 -0.000131732 -3.28987e-05 -5.51656e-05 1.05667e-05 -7.14993e-05 7.8752e-05 -5.33474e-07 3.54504e-05 1.37881e-05 3.2594e-05 4.92532e-05 0.000279737
internal_weight=10078 9532 546 496 9487 448 9413 269 403 227 180 140 86 9144 1817 1669 1606 1562 148
internal_count=10078 9532 546 496 9487 448 9413 269 403 227 180 140 86 9144 1817 1669 1606 1562 148
is_linear=0
shrinkage=0.05


Tree=183
num_leaves=20
num_cat=0
split_feature=3 13 10 2 6 8 6 3 13 12 6 8 6 2 6 4 6 6 13
split_gain=0.00359218 0.0091619 0.00393221 0.0675788 0.00394163 0.00181359 0.00257482 0.00225564 0.00174163 0.0131558 0.00280796 0.0013167 0.00133869 0.00130046 0.0013295 0.00122102 0.0070565 0.00970522 0.0051102
threshold=2.0281924438166299 -0.6214850616055847 -1.271903600222595 0.28226652983637979 -0.58009717792200077 -0.35204812586357648 -0.14860489057453263 0.069870912075413544 2.3094612728998838 2.2050204523790367 -0.48852194132190313 0.27041838151374881 0.3051755097432754 0.86635084708061005 -0.076010817659361435 -1.1557548303589189 -0.6253623376104035 -1.3202054964388001 -0.57052820749957989
decision_type=2 2 2 2 2 2 2 2 2 2 2 2 2 2 2 2 2 2 2
left_child=2 -2 3 4 -1 -6 -7 -8 15 -10 -11 12 13 14 -12 16 17 -4 -18
right_child=1 -3 8 -5 5 6 7 -9 9 10 11 -13 -14 -15 -16 -17 18 -19 -20
leaf_value=-0.00043556276041691982 -0.00080430785227809292 0.00022359379924260215 -4.2524122181930583e-05 0.0020247022947990257 0.00020526391767098653 -0.00035938028836269577 0.00021094139021200439 -0.00025399466758244674 -0.00095279735971594282 -0.00041438725182160854 9.9751625475619229e-05 -0.00016278433227019684 0.00029199714865951265 0.00027706352477599423 -0.00014783597427988238 -2.4878619106345899e-06 0.00010712762048022682 0.0010323632601458009 -0.00031527370104386405
leaf_weight=65 46 41 42 43 76 58 75 40 41 40 106 75 56 42 111 8732 246 42 101
leaf_count=65 46 41 42 43 76 58 75 40 41 40 106 75 56 42 111 8732 246 42 101
internal_value=-1.23071e-12 -0.000319894 2.78559e-06 0.000165735 -8.88368e-05 1.67397e-06 -8.77644e-05 4.92245e-05 -3.25271e-06 -9.70204e-05 -1.54231e-05 2.54963e-05 7.0325e-05 2.23959e-05 -2.68946e-05 1.56717e-06 8.37216e-05 0.00049492 -1.58192e-05
internal_weight=10078 87 9991 357 314 249 173 115 9634 471 430 390 315 259 217 9163 431 84 347
internal_count=10078 87 9991 357 314 249 173 115 9634 471 430 390 315 259 217 9163 431 84 347
is_linear=0
shrinkage=0.05


Tree=184
num_leaves=20
num_cat=0
split_feature=13 0 6 12 10 2 3 0 5 3 6 6 13 13 9 7 3 2 3
split_gain=0.00360335 0.00331237 0.0624057 0.00863077 0.00274949 0.00425261 0.00410718 0.00260656 0.00218091 0.00201609 0.00180567 0.00216618 0.00172479 0.00159695 0.00141405 0.00161394 0.00183929 0.00158819 0.00600888
threshold=-0.63758908041290896 2.3632946870634952 -0.51912102639675706 2.3274988156197214 -1.271903600222595 0.056293409742753063 2.2035044783654372 -0.65565888177001785 -0.62500118551742478 0.38951713281960237 -0.052832312099156349 -0.31743120166823313 -0.63335566498670459 2.3094612728998838 -1.2429601731835551 2.1689323021965374 -2.2105802066416023 -0.3625019867196308 1.3700608488881538
decision_type=2 2 2 2 2 2 2 2 2 2 2 2 2 2 2 2 2 2 2
left_child=-1 4 -3 -4 5 8 7 -6 -2 -5 11 -10 -9 14 -14 16 -16 18 -18
right_child=1 2 3 9 6 -7 -8 12 10 -11 -12 -13 13 -15 15 -17 17 -19 -20
leaf_value=-0.00041118766864699111 -0.00040512396797833103 0.0018618092454221855 -0.00067191336915129797 -1.5086747550905695e-05 -0.00037410760761555687 -0.0006107280615569008 0.00037904649913068336 0.00026202509350461642 6.5804335049653029e-05 0.00033999653503997257 0.00018167179913666006 -0.000376524742343463 0.00029559206042904405 -0.00028438729544222953 -0.00028878033901988111 -0.00024869664211468208 -2.0364623468110615e-05 1.619532683280617e-05 -0.00063739613899088004
leaf_weight=53 41 47 50 358 47 44 71 62 62 45 78 50 40 50 55 66 2904 5915 40
leaf_count=53 41 47 50 358 47 44 71 62 62 45 78 50 40 50 55 66 2904 5915 40
internal_value=-1.0828e-12 2.17386e-06 0.000127616 -5.2311e-05 -4.41105e-06 -0.000160211 2.2085e-07 -2.70938e-06 -7.43985e-05 2.45628e-05 -3.03141e-06 -0.000131664 -7.97895e-07 -2.59448e-06 -1.03244e-06 -2.3537e-06 -5.29759e-07 1.25981e-06 -2.87482e-05
internal_weight=10078 10025 500 453 9525 275 9250 9179 231 403 190 112 9132 9070 9020 8980 8914 8859 2944
internal_count=10078 10025 500 453 9525 275 9250 9179 231 403 190 112 9132 9070 9020 8980 8914 8859 2944
is_linear=0
shrinkage=0.05


Tree=185
num_leaves=20
num_cat=0
split_feature=12 13 6 13 3 10 2 10 3 7 6 0 12 9 9 9 0 2 1
split_gain=0.00359743 0.0633219 0.0117184 0.00683381 0.00254104 0.00159982 0.00384418 0.0015425 0.00118229 0.00201645 0.00154607 0.00117618 0.00115285 0.00503211 0.004526 0.00715472 0.00431843 0.00581962 0.00867651
threshold=2.2050204523790367 2.3094612728998838 -0.51912102639675706 2.3094612728998838 2.2035044783654372 -1.271903600222595 0.056293409742753063 -1.271903600222595 -0.2667281097153989 -0.14073474742767364 -0.13329725050647476 -0.6536413704049967 -0.63773628895791223 -0.094750150903159955 -0.084359795673822638 -0.076379342850654577 -0.64304943573863571 -0.13493696276847666 -0.64342276867681181
decision_type=2 2 2 2 2 2 2 2 2 2 2 2 2 2 2 2 2 2 2
left_child=1 4 -2 -4 5 6 8 -5 -1 10 -10 -7 13 -13 -15 -16 17 18 -14
right_child=2 -3 3 7 -6 11 -8 -9 9 -11 -12 12 16 14 15 -17 -18 -19 -20
leaf_value=0.00011481442701878199 -0.00085438260782393625 0.0018783187106277588 -0.00065365911026209114 -0.00023728084419608899 0.00029012394385259736 0.00019410689186203511 -0.00056362460073571474 4.0912226956211871e-05 -0.00051023430169152564 8.9448405142753657e-05 -8.5198486593308987e-05 -0.00056633971184965053 0.00061632351606231246 0.0004664312765747863 -0.0005489980493327424 5.1981078102104363e-05 -4.2072549308889959e-06 -0.00020230493943624119 -0.00017474149937334006
leaf_weight=78 50 45 43 57 74 77 42 396 40 63 46 48 113 42 65 208 8481 60 50
leaf_count=78 50 45 43 57 74 77 42 396 40 63 46 48 113 42 65 208 8481 60 50
internal_value=6.61477e-14 7.14963e-06 -0.000124817 -5.12724e-05 -1.72595e-06 -4.02032e-06 -0.000124201 5.9078e-06 -4.28975e-05 -0.000125458 -0.00028289 -4.84833e-07 -2.13737e-06 -8.94408e-05 -1.67705e-05 -9.11092e-05 1.50361e-06 0.000218696 0.000373666
internal_weight=10078 9532 546 496 9487 9413 269 453 227 149 86 9144 9067 363 315 273 8704 223 163
internal_count=10078 9532 546 496 9487 9413 269 453 227 149 86 9144 9067 363 315 273 8704 223 163
is_linear=0
shrinkage=0.05


Tree=186
num_leaves=20
num_cat=0
split_feature=3 10 2 6 9 13 12 6 6 6 5 4 1 12 2 7 13 12 0
split_gain=0.00379313 0.00426819 0.0635118 0.00347583 0.00202177 0.00180243 0.0139963 0.00306597 0.00166819 0.00246834 0.00142359 0.00166145 0.0046006 0.00537498 0.00623784 0.00414835 0.00707818 0.00266635 0.00901762
threshold=2.2633028584769961 -1.271903600222595 0.17796582643466494 -0.58009717792200077 -1.3694125011878031 2.3094612728998838 2.2050204523790367 -0.48852194132190313 0.31720373436594834 -0.08437479449327169 -2.1803992616680898 1.5421315123950921 -0.59432548744333202 -0.62685869302683705 -0.13493686263975899 -1.8444489091597831 -0.62238218151758973 -0.63008982901655863 -0.64065364099267297
decision_type=2 2 2 2 2 2 2 2 2 2 2 2 2 2 2 2 2 2 2
left_child=1 2 3 -1 8 10 -7 -8 9 -5 -3 15 13 14 -13 16 -12 -17 -19
right_child=-2 5 -4 4 -6 6 7 -9 -10 -11 11 12 -14 -15 -16 17 -18 18 -20
leaf_value=-0.00040917262820585167 -0.00040318259935733734 0.00023593955789351641 0.0019062849088779489 -3.771952939185961e-05 -0.00032365861125072115 -0.00098201852306374344 -0.0004322020982363029 2.739146098681658e-05 -0.00018687632693035995 0.00036015513485633874 0.0006457340766344435 -0.00050676476178826608 0.00027979171241685646 -0.00065493390166809328 0.00022908804464047232 -8.7167248328821659e-05 -0.0001411632132943601 0.00071342356600831002 3.6164800865757863e-06
leaf_weight=65 58 64 46 85 40 41 40 391 50 72 65 48 52 57 72 818 51 45 7918
leaf_count=65 58 64 46 85 40 41 40 391 50 72 65 48 52 57 72 818 51 45 7918
internal_value=-8.16824e-13 2.33379e-06 0.000171865 -8.38506e-05 1.76052e-06 -3.94775e-06 -9.92389e-05 -1.52622e-05 6.46434e-05 0.000144745 9.46423e-07 -7.01567e-07 -0.000133679 -0.00025515 -6.52531e-05 2.72113e-06 0.000299771 -1.20299e-06 7.6277e-06
internal_weight=10078 10020 358 312 247 9662 472 431 207 157 9190 9126 229 177 120 8897 116 8781 7963
internal_count=10078 10020 358 312 247 9662 472 431 207 157 9190 9126 229 177 120 8897 116 8781 7963
is_linear=0
shrinkage=0.05


Tree=187
num_leaves=20
num_cat=0
split_feature=0 10 10 2 0 3 13 12 7 6 9 6 6 1 5 1 5 10 9
split_gain=0.00356445 0.00312805 0.062793 0.00953369 0.00480574 0.00411873 0.00296132 0.0115194 0.0023342 0.00277539 0.00178991 0.00212671 0.00307925 0.0013258 0.00117605 0.00818177 0.00648535 0.00255038 0.00383122
threshold=3.3289260641467391 -1.271903600222595 -1.4258181616239864 0.19157043859801193 2.3297535606200186 2.2035044783654372 2.3094612728998838 2.2050204523790367 -0.25272628089542543 -0.23171798818101441 -1.472312584706305 0.17005275500192504 -0.14860489057453263 1.3417344542199003 -1.4050127036164597 -0.54839986520426331 -1.6013421333420694 -0.054702964503092831 -0.079360159061881652
decision_type=2 2 2 2 2 2 2 2 2 2 2 2 2 2 2 2 2 2 2
left_child=1 2 3 4 10 6 14 -8 -9 -10 11 12 13 -1 15 16 17 18 -3
right_child=-2 5 -4 -5 -6 -7 7 8 9 -11 -12 -13 -14 -15 -16 -17 -18 -19 -20
leaf_value=-0.00020537600402624164 -0.00034112659461817731 0.00012777789643780347 0.0020150533855849066 -0.00080823015494388526 -0.00037143796472528562 0.00037394323675875464 -0.00093291758996822804 0.00019990630749210444 -0.00040639579419081526 -2.9810026862667067e-05 0.00040836666651658667 -0.0002326548682523277 0.0005173489000653939 0.00018958922195278795 -3.138218086413682e-06 -0.0005678645279840566 0.00061158843876910399 0.00038664352052660965 -0.00041745425115967313
leaf_weight=43 76 98 40 40 62 72 41 75 63 219 45 47 41 42 8873 40 70 43 48
leaf_count=43 76 98 40 40 62 72 41 75 63 219 45 47 41 42 8873 40 70 43 48
internal_value=-4.80933e-13 2.59204e-06 0.000147301 -8.6168e-05 1.69838e-05 -2.81091e-06 -5.64542e-06 -0.000139166 -4.80066e-05 -0.000113941 0.000127452 5.43821e-05 0.000161451 -1.02167e-05 1.48419e-07 9.76813e-05 0.000200468 4.82016e-05 -5.14765e-05
internal_weight=10078 10002 360 320 280 9642 9570 398 357 282 218 173 126 85 9172 299 259 189 146
internal_count=10078 10002 360 320 280 9642 9570 398 357 282 218 173 126 85 9172 299 259 189 146
is_linear=0
shrinkage=0.05


Tree=188
num_leaves=20
num_cat=0
split_feature=3 12 1 5 2 12 6 13 2 7 8 4 10 10 2 6 13 8 5
split_gain=0.00382825 0.0090054 0.00387642 0.054634 0.100265 0.0112325 0.00382822 0.0030854 0.00210382 0.00182665 0.00214632 0.00223138 0.00199733 0.0015964 0.00590747 0.00160741 0.00133533 0.00180397 0.00336908
threshold=2.0281924438166299 -0.633045955588036 2.3169323743788852 0.29181914387176749 0.22556839281835969 2.2707458826104805 -0.47906247743063313 2.2039247461907165 1.0703172299464436 -0.45333139844877862 0.27041838151374881 -0.31651289173747049 -0.47787473419587145 -1.271903600222595 0.17796582643466494 -0.60849718306933787 0.058780941844709743 0.026381672983106161 -0.098122848436711874
decision_type=2 2 2 2 2 2 2 2 2 2 2 2 2 2 2 2 2 2 2
left_child=2 -2 7 5 -5 -4 -7 13 9 -8 11 -11 -13 14 15 -1 -17 18 -18
right_child=1 -3 3 4 -6 6 8 -9 -10 10 -12 12 -14 -15 -16 16 17 -19 -20
leaf_value=-0.00028580475860356578 0.00020858784590950009 -0.00081049689891622863 -0.00083220833497607409 -0.00013841880725905004 0.003127182582902606 -0.0004726347400630802 0.00030377032782780589 -0.00041762195343229299 0.00033825699752196672 0.00031314712702643446 -0.00036138145530154969 -0.00038019411158307865 1.932628618471261e-05 1.0084367244609129e-06 -0.00068267109318185257 0.00027605629500208629 0.0004089315391158582 -0.00027590107083775439 -0.00017936266475480119
leaf_weight=48 41 46 47 57 40 41 40 45 50 47 48 41 132 9121 40 45 45 51 53
leaf_count=48 41 46 47 57 40 41 40 45 50 47 48 41 132 9121 40 45 45 51 53
internal_value=6.81104e-13 -0.000330239 2.87566e-06 0.000132788 0.00120822 -0.000101106 -1.49866e-05 -4.59073e-06 3.74256e-05 -1.14106e-05 -5.84526e-05 7.64103e-06 -7.53577e-05 -2.61409e-06 -0.000119781 -2.67411e-05 3.73571e-05 -3.47333e-05 9.07724e-05
internal_weight=10078 87 9991 543 97 446 399 9448 358 308 268 220 173 9403 282 242 194 149 98
internal_count=10078 87 9991 543 97 446 399 9448 358 308 268 220 173 9403 282 242 194 149 98
is_linear=0
shrinkage=0.05


Tree=189
num_leaves=20
num_cat=0
split_feature=10 9 2 6 13 6 8 3 0 0 4 6 12 10 10 10 4 8 8
split_gain=0.00361473 0.00316616 0.0467402 0.0054337 0.00627981 0.00589065 0.00551958 0.00442802 0.00285461 0.0125859 0.00269734 0.00258779 0.00240853 0.00201986 0.011332 0.00419728 0.00391143 0.00278231 0.0024911
threshold=2.859936849945441 -0.31298046229098675 0.38513794509737359 -0.71687344556805599 -0.24056976331723776 0.52136467407484943 -0.20381508604048645 2.2633028584769961 2.3297535606200186 2.4334032069979794 -0.71701195141716934 -0.56661548785639448 0.091969287143487274 -0.2958575356998282 -0.25140637188352566 -0.3384945844677994 -0.019547237413500822 1.0000000180025095e-35 -2.4184688786886817
decision_type=2 2 2 2 2 2 2 2 2 2 2 2 2 2 2 2 2 2 2
left_child=1 2 3 6 5 -5 -1 8 13 -10 -6 -12 -13 15 16 17 -15 -3 -16
right_child=-2 7 -4 4 10 -7 -8 -9 9 -11 11 12 -14 14 18 -17 -18 -19 -20
leaf_value=-0.00060226531506117869 -0.00033905739580334808 0.00021207472748452957 0.0015182271467724436 0.00068487628487555029 -0.00032959542897237874 -6.0716780260622198e-05 6.2619351713995769e-05 0.00044937536986940107 -0.00091081198560014542 -2.857885289300599e-05 -0.0003621977756120032 0.00040478765280568037 2.2364054081685749e-05 -0.00076145733647059563 0.00038895262953635059 0.00046940120383784665 -0.00018714628883701931 -0.00036104605947457464 -1.7387600316051537e-06
leaf_weight=69 78 45 54 69 59 43 57 53 47 289 40 45 484 63 41 68 56 40 8378
leaf_count=69 78 45 54 69 59 43 57 53 47 289 40 45 484 63 41 68 56 40 8378
internal_value=-4.05891e-14 2.64465e-06 9.1031e-05 2.03723e-06 5.37179e-05 0.000398622 -0.000301484 -6.3108e-06 -8.98626e-06 -0.000151986 -7.79362e-06 2.55742e-05 5.48954e-05 -3.45777e-06 -6.6845e-06 0.000176607 -0.000491193 -5.76292e-05 1.63882e-07
internal_weight=10078 10000 920 866 740 112 126 9080 9027 336 628 569 529 8691 8538 153 119 85 8419
internal_count=10078 10000 920 866 740 112 126 9080 9027 336 628 569 529 8691 8538 153 119 85 8419
is_linear=0
shrinkage=0.05


Tree=190
num_leaves=20
num_cat=0
split_feature=3 1 12 6 13 10 2 4 10 2 10 4 2 10 10 10 9 4 2
split_gain=0.00383491 0.00390161 0.0558662 0.0101806 0.0025894 0.00199658 0.00168762 0.00312159 0.00153759 0.00922786 0.00660238 0.00417687 0.00265718 0.00142065 0.00514925 0.0037616 0.00690876 0.00487433 0.00321672
threshold=2.2633028584769961 2.3169323743788852 2.2707458826104805 -0.51912102639675706 2.2039247461907165 1.765428791649722 0.4427295662113076 0.080409626303579604 -0.81562996157095136 0.33990933862367695 -1.4258181616239864 0.17004753031438014 -0.40637143826623884 -0.2958575356998282 -0.32272968417173797 -0.25140637188352566 -0.2825285720630038 -0.019547237413500822 -1.3865460205282207
decision_type=2 2 2 2 2 2 2 2 2 2 2 2 2 2 2 2 2 2 2
left_child=1 4 -3 -4 8 6 -5 -8 9 10 12 -12 -1 14 18 16 -15 -18 -10
right_child=-2 2 3 5 -6 -7 7 -9 13 -11 11 -13 -14 15 -16 -17 17 -19 -20
leaf_value=6.5864589229353113e-05 -0.0004053965312276228 0.0016747903342650907 -0.00073368254357929089 4.8515591473179928e-05 -0.00038351015246007591 0.00026633382895852265 0.00010692402225686236 -0.0005102541103648643 -0.00039545332435599723 -0.00072063398390757644 -7.2961586469925041e-05 -0.00068228662250071975 0.0004851859439478009 0.00023468121467158198 0.00046951693324985712 1.0314793563332114e-06 -0.00081630318100511475 -0.00013157041231512696 6.8804914537317824e-05
leaf_weight=165 58 53 47 282 45 80 40 42 43 52 75 45 49 50 74 8492 53 51 282
leaf_count=165 58 53 47 282 45 80 40 42 43 52 75 45 49 50 74 8492 53 51 282
internal_value=-1.98727e-13 2.34661e-06 0.000132565 -3.39077e-05 -5.12898e-06 4.01675e-05 -9.53933e-06 -0.000209192 -3.32353e-06 -0.000101052 -4.59056e-06 -0.000301458 0.000161877 8.47095e-07 9.30896e-05 -3.40976e-06 -0.000248312 -0.000480521 7.37998e-06
internal_weight=10078 10020 544 491 9476 444 364 82 9431 386 334 120 214 9045 399 8646 154 104 325
internal_count=10078 10020 544 491 9476 444 364 82 9431 386 334 120 214 9045 399 8646 154 104 325
is_linear=0
shrinkage=0.05


Tree=191
num_leaves=20
num_cat=0
split_feature=13 0 6 12 10 10 3 0 7 3 12 13 9 7 5 0 8 3 2
split_gain=0.00351073 0.0031282 0.0641884 0.00764622 0.00292607 0.00469481 0.00354414 0.00245952 0.00222218 0.00197134 0.00177337 0.00155375 0.00146296 0.00145796 0.00600417 0.0038518 0.00444973 0.00402197 0.00332967
threshold=-0.63758908041290896 2.3632946870634952 -0.51912102639675706 2.3274988156197214 -1.271903600222595 -1.5935341124626223 2.2035044783654372 -0.65565888177001785 -0.39886727170397362 0.38951713281960237 0.17894732785886039 -0.63335566498670459 -1.2429601731835551 1.3054319769553502 1.068738110926196 -0.45693401231543523 -0.51885895768317869 -0.36016338531854436 0.44272897268025174
decision_type=2 2 2 2 2 2 2 2 2 2 2 2 2 2 2 2 2 2 2
left_child=-1 4 -3 -4 5 8 7 -6 -2 -5 -10 -9 -13 -14 15 16 -15 -18 -19
right_child=1 2 3 9 6 -7 -8 11 10 -11 -12 12 13 14 -16 -17 17 18 -20
leaf_value=-0.00040586900417934578 0.00021551133423488133 0.0018828384511351112 -0.00064162012381711983 -2.5278557601959418e-05 -0.00036296834203196652 -0.00054009335392493087 0.00035242772204916221 0.00024911084396843499 -0.00040205758032243468 0.000325841679344497 -3.5741407582635186e-05 0.00029966886650072415 7.5317960786389565e-07 0.00043571453261555303 -0.00066356854293276452 -0.00048775665200082588 0.00037430245921673622 -0.00036708796117750357 5.6233110037485161e-05
leaf_weight=53 57 47 50 358 47 64 71 62 48 45 106 40 8663 56 42 40 43 96 90
leaf_count=53 57 47 50 358 47 64 71 62 48 45 106 40 8663 56 42 40 43 96 90
internal_value=2.50034e-13 2.14574e-06 0.000124051 -5.84279e-05 -4.25349e-06 -0.000164979 5.24831e-07 -2.19715e-06 -5.12e-05 1.39284e-05 -0.000149918 -3.4036e-07 -2.04554e-06 -3.38204e-06 -0.000100993 -2.82914e-05 3.61949e-05 -6.15042e-05 -0.000162255
internal_weight=10078 10025 500 453 9525 275 9250 9179 211 403 154 9132 9070 9030 367 325 285 229 186
internal_count=10078 10025 500 453 9525 275 9250 9179 211 403 154 9132 9070 9030 367 325 285 229 186
is_linear=0
shrinkage=0.05


Tree=192
num_leaves=20
num_cat=0
split_feature=3 13 10 13 2 13 12 6 6 13 1 0 13 8 13 13 13 6 2
split_gain=0.00376131 0.00949673 0.0035201 0.0615735 0.00729637 0.00178972 0.0105957 0.00295169 0.0016789 0.00142968 0.00362696 0.00271049 0.00206021 0.00264987 0.00201762 0.00713455 0.00613912 0.00472478 0.00445006
threshold=2.0281924438166299 -0.6214850616055847 -1.271903600222595 2.4431102656536994 0.19157043859801193 2.3094612728998838 2.2050204523790367 -0.48852194132190313 -0.62508514766702672 -0.63539434418943885 -0.65446014197736146 -0.65313699256374147 -0.63302770213270887 -1.9998554896922378 -0.62356783545283989 -0.62308053297847554 -0.62488975030211236 1.8211141367489185 0.93787116950525384
decision_type=2 2 2 2 2 2 2 2 2 2 2 2 2 2 2 2 2 2 2
left_child=2 -2 3 4 8 9 -7 -8 -1 -4 -11 -12 -13 -14 16 -16 18 -17 -15
right_child=1 -3 5 -5 -6 6 7 -9 -10 10 11 12 13 14 15 17 -18 -19 -20
leaf_value=-0.0002885035472881638 -0.00082052413330055299 0.00022599192750753793 0.00024131031278821249 0.0017124790118099621 -0.00074932880720552937 -0.00086592749952304571 -0.00043373404409067004 1.7266420622129375e-05 3.5952337661613362e-05 -0.00047467395879721155 0.00033195397926676616 -0.00029681480803697799 -0.00029786619592389439 9.5599430711114443e-05 -0.00066717274519760398 -1.3644212800482213e-06 0.00042294082495652184 0.00039994120350063503 -0.00033664878477506329
leaf_weight=49 46 41 62 54 40 41 40 390 214 40 62 58 73 275 40 8288 115 74 76
leaf_count=49 46 41 62 54 40 41 40 390 214 40 62 58 73 275 40 8288 115 74 76
internal_value=-2.55188e-13 -0.000327338 2.85041e-06 0.000157025 -0.000120185 -2.86272e-06 -9.79161e-05 -2.46871e-05 -2.44976e-05 2.02325e-06 3.93126e-07 2.49032e-06 2.20431e-07 2.14729e-06 4.61695e-06 -9.99712e-07 0.000105886 2.18696e-06 2.00722e-06
internal_weight=10078 87 9991 357 303 9634 471 430 263 9163 9101 9061 8999 8941 8868 8402 466 8362 351
internal_count=10078 87 9991 357 303 9634 471 430 263 9163 9101 9061 8999 8941 8868 8402 466 8362 351
is_linear=0
shrinkage=0.05


Tree=193
num_leaves=20
num_cat=0
split_feature=1 13 6 3 3 10 7 3 5 7 3 3 0 2 8 8 2 10 10
split_gain=0.00420336 0.0526681 0.0120539 0.0071513 0.0025097 0.00165241 0.00138473 0.00138057 0.0050625 0.00404899 0.00271516 0.00241623 0.00305583 0.00249483 0.00225233 0.00381787 0.00271153 0.00264579 0.0121038
threshold=2.3762423975743672 2.3094612728998838 -0.51912102639675706 0.49299808302163367 2.2035044783654372 -1.271903600222595 0.29220302508732204 -1.4858537234370035 -0.98994504733150523 0.56506211891578684 -1.3842787449301628 -1.8514044349140655 -0.64355381357989094 -0.49253948439436207 1.9680144247550422 1.820952054140776 0.59339948836798773 -1.1274452300180025 -1.4258181616239864
decision_type=2 2 2 2 2 2 2 2 2 2 2 2 2 2 2 2 2 2 2
left_child=1 4 -2 5 7 -4 -7 8 -1 11 -9 12 -10 -13 15 17 -16 18 -12
right_child=2 -3 3 -5 -6 6 -8 10 9 -11 14 13 -14 -15 16 -17 -18 -19 -20
leaf_value=0.00061926518754306737 -0.00090307910982990016 0.0015363122046567566 -0.00027111806333414282 -0.00070110767290316295 0.00028847480381857067 -7.0805692831204541e-06 0.00025719617536859747 -0.00036396486859028405 0.000277365015132264 -0.00038698414632841493 2.5197854737880649e-05 4.6261444633894763e-05 -0.00028902379971854813 0.00059455475711729384 0.00044979192730891759 -0.00049514625177835123 -5.9252124303887456e-05 -4.9029945276635138e-07 -0.0007168938819530822
leaf_weight=41 47 56 50 40 74 310 59 53 42 49 232 41 55 42 59 40 47 8669 72
leaf_count=41 47 56 50 40 74 310 59 53 42 49 232 41 55 42 59 40 47 8669 72
internal_value=1.36106e-13 7.42429e-06 -0.000140445 -6.23543e-05 -1.57295e-06 -1.37543e-06 3.51751e-05 -3.84614e-06 0.000107588 1.59774e-05 -7.12647e-06 0.000125672 -4.37833e-05 0.000323711 -5.05251e-06 -7.74733e-06 0.000224084 -5.5746e-06 -0.000150561
internal_weight=10078 9572 506 459 9516 419 369 9442 270 229 9172 180 97 83 9119 9013 106 8973 304
internal_count=10078 9572 506 459 9516 419 369 9442 270 229 9172 180 97 83 9119 9013 106 8973 304
is_linear=0
shrinkage=0.05


Tree=194
num_leaves=20
num_cat=0
split_feature=1 13 6 6 2 9 0 10 4 3 2 9 7 2 10 5 8 7 9
split_gain=0.00380213 0.0478175 0.00833983 0.00854994 0.0163123 0.00301532 0.00241138 0.00363162 0.00332153 0.0042632 0.00131486 0.0088256 0.00544973 0.00519752 0.0056536 0.00510466 0.00555396 0.00635773 0.00485967
threshold=2.4279800849206938 2.4068245133561974 -0.51912102639675706 0.28066821324586927 0.27195482719987923 2.1225011418141002 -0.6536413704049967 -0.088163522001836039 -2.1808436304612493 2.2035044783654372 0.36570666763648513 -0.26879076015752029 -0.37349379865429616 0.17796582643466494 -0.058145878438567451 -0.049012153850327762 0.40073685604378489 -0.15787753409642144 -0.061857888619952686
decision_type=2 2 2 2 2 2 2 2 2 2 2 2 2 2 2 2 2 2 2
left_child=1 6 -2 5 -5 -4 7 -1 -8 10 13 -12 -13 -10 18 -16 17 -17 -15
right_child=2 -3 3 4 -6 -7 8 -9 9 -11 11 12 -14 14 15 16 -18 -19 -20
leaf_value=0.00060955274202569856 -0.00078637638012878607 0.0014768329520633084 -1.1407968265749596e-05 9.3307180770138719e-05 -0.0012554492594790646 0.00043310362922387543 -0.00035750916195232123 -5.2350977156768144e-05 -6.4341113181319954e-06 0.00041855690461185683 -0.00066897887681646034 -0.00018626618283537134 5.1173099427203066e-06 0.00018956934443018067 0.00024846913859178786 0.00051219834864847755 -0.00054769976237654006 -0.00015524391927873623 0.00067758823428852751
leaf_weight=40 45 55 287 51 40 44 66 43 5238 60 53 425 2981 175 159 48 57 139 72
leaf_count=40 45 55 287 51 40 44 66 43 5238 60 53 425 2981 175 159 48 57 139 72
internal_value=-4.94974e-14 6.76972e-06 -0.000139323 -7.03242e-05 -0.000499553 4.76812e-05 -1.6913e-06 0.000266639 -4.04234e-06 -1.5624e-06 -4.25921e-06 -2.87263e-05 -1.87635e-05 1.01144e-05 0.00014347 2.80256e-05 -0.000115624 1.60782e-05 0.000331826
internal_weight=10078 9611 467 422 91 331 9556 83 9473 9407 9347 3459 3406 5888 650 403 244 187 247
internal_count=10078 9611 467 422 91 331 9556 83 9473 9407 9347 3459 3406 5888 650 403 244 187 247
is_linear=0
shrinkage=0.05


Tree=195
num_leaves=20
num_cat=0
split_feature=3 0 10 9 0 10 9 13 12 4 7 2 9 13 1 0 13 8 4
split_gain=0.00398698 0.00869337 0.00352144 0.0610652 0.00501915 0.00399162 0.00228699 0.00187712 0.0122394 0.00230963 0.00183405 0.00242075 0.00231747 0.0017148 0.00342282 0.00237577 0.00188606 0.00237109 0.00183457
threshold=2.0281924438166299 -0.64708445846867801 -0.96310059043311169 -0.95660734973321693 2.3297535606200186 -1.4258181616239864 -2.3329689733084016 2.3094612728998838 2.2050204523790367 0.48577240968345275 -0.43672830502348825 0.85002312985132311 0.76108048804612916 -0.63539434418943885 -0.65446014197736146 -0.65313699256374147 -0.63302770213270887 -1.9998554896922378 1.9684681551984033
decision_type=2 2 2 2 2 2 2 2 2 2 2 2 2 2 2 2 2 2 2
left_child=2 -2 3 4 5 6 -1 13 -9 10 -10 12 -12 -4 -15 -16 -17 -18 -19
right_child=1 -3 7 -5 -6 -7 -8 8 9 -11 11 -13 -14 14 15 16 17 18 -20
leaf_value=-0.00011938110931335293 0.00019239373727830797 -0.00080887990910053745 0.0002680163347880201 0.0016834125729799001 -0.00047421802737517287 -0.00033296063485197794 0.00020502252156791271 -0.00092632299095318402 0.00033695296617224812 -0.00037829852345322895 -9.9209717562899186e-07 0.00024878443225283427 -0.00033244812081430214 -0.0004616670582981897 0.00031032447199205282 -0.00028445585318469718 -0.00028218555848543976 1.6190858590591385e-06 0.00022728958401885296
leaf_weight=82 41 46 60 56 68 70 161 41 40 41 205 67 71 40 62 58 73 8705 91
leaf_count=82 41 46 60 56 68 70 161 41 40 41 205 67 71 40 62 58 73 8705 91
internal_value=-2.4448e-13 -0.000337015 2.93467e-06 0.000141731 -8.4868e-05 -2.80733e-07 9.5553e-05 -3.41387e-06 -0.000101398 -2.16292e-05 1.65522e-05 -2.08124e-05 -8.6258e-05 1.59907e-06 -1.71343e-07 1.88226e-06 -2.59941e-07 1.5986e-06 3.95379e-06
internal_weight=10078 87 9991 437 381 313 243 9554 465 424 383 343 276 9089 9029 8989 8927 8869 8796
internal_count=10078 87 9991 437 381 313 243 9554 465 424 383 343 276 9089 9029 8989 8927 8869 8796
is_linear=0
shrinkage=0.05


Tree=196
num_leaves=20
num_cat=0
split_feature=3 10 2 0 13 1 12 7 9 7 3 9 7 6 10 2 12 7 4
split_gain=0.00365279 0.0035224 0.0614867 0.00344601 0.00158538 0.0127394 0.0025197 0.00149738 0.0014806 0.00240791 0.00127585 0.0039194 0.00387543 0.00322584 0.00274845 0.00653274 0.00563238 0.00429229 0.0041751
threshold=2.2633028584769961 -1.271903600222595 0.17796582643466494 2.3297535606200186 2.4068245133561974 2.4279800849206938 2.2050204523790367 2.4363546096675015 -1.8713323396532056 -0.43026162982139965 -0.39563492343636408 0.26556748682231429 -1.3613568920182597 -0.11008600706118825 -0.20470204148545815 -1.8037492782825419 -0.55502980794572532 -0.98981084553409004 -0.62520986020283531
decision_type=2 2 2 2 2 2 2 2 2 2 2 2 2 2 2 2 2 2 2
left_child=1 2 3 8 6 -6 7 10 -1 -10 11 12 -3 -13 16 -16 -14 -17 -19
right_child=-2 4 -4 -5 5 -7 -8 -9 9 -11 -12 13 14 -15 15 17 -18 18 -20
leaf_value=0.00011571196764252666 -0.00039565359685215737 -0.00032397475957763027 0.0018628440212247054 -0.00042566078352845378 -0.00094698979315580804 -1.059048109053475e-05 0.00039695943385083862 0.00026680513446290907 -0.00045115626737242566 1.5084651127431749e-05 -1.1570285246878863e-05 -0.00059504581440705806 -0.00062214151404792325 -4.9035461454064041e-05 0.00063192699076521596 0.00055191257692058574 4.1441356736854756e-05 0.00028499576736775361 2.203300896456841e-05
leaf_weight=119 58 65 46 63 40 395 40 52 40 90 7320 42 42 76 54 45 134 173 1184
leaf_count=119 58 65 46 63 40 395 40 52 40 90 7320 42 42 76 54 45 134 173 1184
internal_value=-2.94642e-13 2.29021e-06 0.0001563 -9.53062e-05 -3.41621e-06 -9.66962e-05 9.81408e-07 -7.42672e-07 -1.17225e-05 -0.000128374 -2.26566e-06 3.52604e-05 5.46354e-05 -0.000243378 6.97149e-05 9.22744e-05 -0.000116914 7.14889e-05 5.55574e-05
internal_weight=10078 10020 358 312 9662 435 9227 9187 249 130 9135 1815 1697 118 1632 1456 176 1402 1357
internal_count=10078 10020 358 312 9662 435 9227 9187 249 130 9135 1815 1697 118 1632 1456 176 1402 1357
is_linear=0
shrinkage=0.05


Tree=197
num_leaves=20
num_cat=0
split_feature=12 13 6 13 10 2 3 10 5 4 2 4 6 10 4 7 13 2 2
split_gain=0.00343883 0.0621936 0.0082428 0.0064709 0.00252197 0.0044877 0.00382016 0.00180199 0.00150229 0.00176074 0.00207053 0.0011367 0.00659093 0.00571887 0.00383086 0.00368634 0.00605695 0.00345325 0.00357648
threshold=2.2050204523790367 2.3094612728998838 -0.51912102639675706 2.3094612728998838 -1.271903600222595 0.1250400494222286 2.2035044783654372 -1.271903600222595 -0.59452454500561791 -0.42327432106905305 -0.73094096033921951 1.3049345252317759 0.85320925089569621 -0.12747569425444052 1.2003635271153248 -1.8444489091597831 -0.62238218151758973 -0.13493778048601113 0.14319870762118345
decision_type=2 2 2 2 2 2 2 2 2 2 2 2 2 2 2 2 2 2 2
left_child=1 4 -2 -4 5 8 11 -5 -1 -10 -11 14 13 -13 15 16 -6 -15 -19
right_child=2 -3 3 7 6 -7 -8 -9 9 10 -12 12 -14 17 -16 -17 -18 18 -20
leaf_value=-0.00031976402827607907 -0.000733915600576438 0.0018614143796730786 -0.00064652686724848757 -0.00026756134537751216 0.00059034147209908344 -0.00064110159320989628 0.00036539329908009678 3.3122311459818676e-05 0.00025370126003304458 -0.00027135466110485144 0.00012271376326680183 0.00046428155597040034 -0.0006391902805301064 0.00022097546140475272 0.00041940137487307027 -2.9982698456429352e-06 -0.00013688153969997074 -0.0005804222062811568 -8.6356320113177879e-05
leaf_weight=47 50 45 43 57 67 40 72 396 49 75 60 54 47 65 55 8593 50 47 166
leaf_count=47 50 45 43 57 67 40 72 396 49 75 60 54 47 65 55 8593 50 47 166
internal_value=3.19858e-14 6.99024e-06 -0.000122035 -6.03533e-05 -1.80591e-06 -0.000152142 2.61477e-06 -4.71206e-06 -6.74733e-05 -3.02941e-06 -9.62131e-05 -2.41752e-07 -8.50193e-05 -6.56742e-06 3.42404e-06 7.97321e-07 0.000279562 -9.80273e-05 -0.000195376
internal_weight=10078 9532 546 496 9487 271 9216 453 231 184 135 9144 379 332 8765 8710 117 278 213
internal_count=10078 9532 546 496 9487 271 9216 453 231 184 135 9144 379 332 8765 8710 117 278 213
is_linear=0
shrinkage=0.05


Tree=198
num_leaves=20
num_cat=0
split_feature=3 13 0 6 12 13 3 3 10 6 10 2 9 5 4 9 7 6 6
split_gain=0.0036403 0.00941739 0.00367335 0.062942 0.00861263 0.00256202 0.00244917 0.00162914 0.00160444 0.00292258 0.0014342 0.00593626 0.00137087 0.00170056 0.00132796 0.00130243 0.00225281 0.00119742 0.00418086
threshold=2.0281924438166299 -0.6214850616055847 2.3632946870634952 -0.51912102639675706 2.3274988156197214 2.3094612728998838 0.38951713281960237 -0.5256510637172801 -0.35943258887072133 0.070266936480114325 -1.271903600222595 0.17796582643466494 0.098872636409918474 0.008069949115513347 -0.049133547200513668 -2.0723338778468969 -0.58530225041616546 0.72902413189758086 0.67853021442395223
decision_type=2 2 2 2 2 2 2 2 2 2 2 2 2 2 2 2 2 2 2
left_child=2 -2 5 -4 -5 10 7 -6 9 -9 11 15 -10 -14 -15 -1 -17 18 -12
right_child=1 -3 3 4 6 -7 -8 8 12 -11 17 -13 13 14 -16 16 -18 -19 -20
leaf_value=0.0001483948650554969 -0.0008131510665407405 0.00022898408040019583 0.0018565111027176802 -0.00067336396658698066 0.00028533347136544762 -0.0003170090932802011 0.00037193569717245464 4.3856004404640479e-05 0.00025175693651059797 -0.00054992750738165348 3.9976952509998074e-06 -0.00067729989808867691 -0.00019823941129675892 0.00029064330375788022 -8.3255909733755601e-05 -0.00042085270361872621 6.6823176072625027e-06 -5.1599095945056125e-05 0.00036282195265568322
leaf_weight=78 46 41 48 49 40 65 46 43 48 40 8104 40 94 47 48 41 124 954 82
leaf_count=78 46 41 48 49 40 65 46 43 48 40 8104 40 94 47 48 41 124 954 82
internal_value=9.37161e-13 -0.00032203 2.80418e-06 0.000134478 -4.71867e-05 -4.17643e-06 2.83864e-05 -1.55116e-05 -5.31172e-05 -0.000242305 -2.0185e-06 -0.000112875 1.31383e-05 -4.74632e-05 0.000101726 -1.99652e-05 -9.95537e-05 1.41392e-06 7.59207e-06
internal_weight=10078 87 9991 503 455 9488 406 360 320 83 9423 283 237 189 95 243 165 9140 8186
internal_count=10078 87 9991 503 455 9488 406 360 320 83 9423 283 237 189 95 243 165 9140 8186
is_linear=0
shrinkage=0.05


Tree=199
num_leaves=20
num_cat=0
split_feature=1 0 6 3 3 13 0 10 2 9 8 4 13 13 13 6 6 7 3
split_gain=0.00346327 0.0464174 0.0112216 0.00659697 0.00248691 0.00145334 0.00236751 0.00160036 0.00390605 0.00153193 0.00141849 0.00197926 0.00140028 0.00187818 0.0013987 0.00150712 0.00239883 0.00201003 0.00303684
threshold=2.3762423975743672 2.3297535606200186 -0.51912102639675706 0.49299808302163367 2.2035044783654372 -0.63758908041290896 -0.65565888177001785 -1.271903600222595 0.056293409742753063 -1.2429601731835551 0.0081533185266936762 0.14327707272691367 2.9076615857918253 3.1714707311997814 -0.63335566498670459 -2.000386027369053 -1.8445021636045424 -2.0003629416964892 -2.2105802066416023
decision_type=2 2 2 2 2 2 2 2 2 2 2 2 2 2 2 2 2 2 2
left_child=1 4 -2 10 5 -1 -7 8 -8 -9 11 12 -4 -14 -11 -16 -17 -18 -19
right_child=2 -3 3 -5 -6 6 7 9 -10 14 -12 -13 13 -15 15 16 17 18 -20
leaf_value=0.00027409051512454718 -0.00086331644183411166 0.0015741859885004469 0.00020444844699117403 -0.00066563360017426023 0.00028773364639975526 -0.00035862201983307275 -3.9995244724573016e-05 0.0003093718021409586 -0.00056678108688044764 0.0002359323752781136 0.00010178390012328291 -0.00030348485429978773 -0.00033766479993408376 0.00012699752155323189 -0.00021979748787169783 0.0003858910014241701 -0.00025993423522807765 -0.00037732723252496348 2.2977641394587639e-06
leaf_weight=47 47 47 61 40 74 47 217 40 42 62 202 69 44 43 79 40 75 53 8749
leaf_count=47 47 47 61 40 74 47 217 40 42 62 202 69 44 43 79 40 75 53 8749
internal_value=-4.19035e-13 6.73906e-06 -0.000127483 -5.21361e-05 -9.9532e-07 -3.25603e-06 -4.64217e-06 -2.86414e-06 -0.00012542 6.24758e-07 6.43172e-06 -8.23293e-05 2.0777e-05 -0.000108004 -7.38665e-07 -2.36979e-06 -4.43494e-07 -2.18433e-06 1.19058e-08
internal_weight=10078 9572 506 459 9525 9451 9404 9357 259 9098 419 217 148 87 9058 8996 8917 8877 8802
internal_count=10078 9572 506 459 9525 9451 9404 9357 259 9098 419 217 148 87 9058 8996 8917 8877 8802
is_linear=0
shrinkage=0.05


end of trees

feature_importances:
Column_10=475
Column_3=451
Column_13=423
Column_2=400
Column_6=369
Column_0=291
Column_9=259
Column_12=238
Column_7=229
Column_4=226
Column_5=164
Column_8=151
Column_1=124

parameters:
[boosting: gbdt]
[objective: regression]
[metric: rmse]
[tree_learner: serial]
[device_type: cpu]
[data_sample_strategy: bagging]
[data: ]
[valid: ]
[num_iterations: 200]
[learning_rate: 0.05]
[num_leaves: 20]
[num_threads: 1]
[seed: 42]
[deterministic: 0]
[force_col_wise: 0]
[force_row_wise: 0]
[histogram_pool_size: -1]
[max_depth: -1]
[min_data_in_leaf: 40]
[min_sum_hessian_in_leaf: 0.001]
[bagging_fraction: 1]
[pos_bagging_fraction: 1]
[neg_bagging_fraction: 1]
[bagging_freq: 0]
[bagging_seed: 400]
[bagging_by_query: 0]
[feature_fraction: 1]
[feature_fraction_bynode: 1]
[feature_fraction_seed: 30056]
[extra_trees: 0]
[extra_seed: 12879]
[early_stopping_round: 0]
[early_stopping_min_delta: 0]
[first_metric_only: 0]
[max_delta_step: 0]
[lambda_l1: 0]
[lambda_l2: 0]
[linear_lambda: 0]
[min_gain_to_split: 0]
[drop_rate: 0.1]
[max_drop: 50]
[skip_drop: 0.5]
[xgboost_dart_mode: 0]
[uniform_drop: 0]
[drop_seed: 17869]
[top_rate: 0.2]
[other_rate: 0.1]
[min_data_per_group: 100]
[max_cat_threshold: 32]
[cat_l2: 10]
[cat_smooth: 10]
[max_cat_to_onehot: 4]
[top_k: 20]
[monotone_constraints: ]
[monotone_constraints_method: basic]
[monotone_penalty: 0]
[feature_contri: ]
[forcedsplits_filename: ]
[refit_decay_rate: 0.9]
[cegb_tradeoff: 1]
[cegb_penalty_split: 0]
[cegb_penalty_feature_lazy: ]
[cegb_penalty_feature_coupled: ]
[path_smooth: 0]
[interaction_constraints: ]
[verbosity: 1]
[saved_feature_importance_type: 0]
[use_quantized_grad: 0]
[num_grad_quant_bins: 4]
[quant_train_renew_leaf: 0]
[stochastic_rounding: 1]
[linear_tree: 0]
[max_bin: 255]
[max_bin_by_feature: ]
[min_data_in_bin: 3]
[bin_construct_sample_cnt: 200000]
[data_random_seed: 175]
[is_enable_sparse: 1]
[enable_bundle: 1]
[use_missing: 1]
[zero_as_missing: 0]
[feature_pre_filter: 1]
[pre_partition: 0]
[two_round: 0]
[header: 0]
[label_column: ]
[weight_column: ]
[group_column: ]
[ignore_column: ]
[categorical_feature: ]
[forcedbins_filename: ]
[precise_float_parser: 0]
[parser_config_file: ]
[objective_seed: 16083]
[num_class: 1]
[is_unbalance: 0]
[scale_pos_weight: 1]
[sigmoid: 1]
[boost_from_average: 1]
[reg_sqrt: 0]
[alpha: 0.9]
[fair_c: 1]
[poisson_max_delta_step: 0.7]
[tweedie_variance_power: 1.5]
[lambdarank_truncation_level: 30]
[lambdarank_norm: 1]
[label_gain: ]
[lambdarank_position_bias_regularization: 0]
[eval_at: ]
[multi_error_top_k: 1]
[auc_mu_weights: ]
[num_machines: 1]
[local_listen_port: 12400]
[time_out: 120]
[machine_list_filename: ]
[machines: ]
[gpu_platform_id: -1]
[gpu_device_id: -1]
[gpu_use_dp: 0]
[num_gpu: 1]

end of parameters

pandas_categorical:null
